Date,High,Low,Open,Close,Volume,Adj Close
1991-09-17,3.25,3.0,3.0,3.125,17096400.0,3.125
1991-09-18,3.2083332538604736,3.0416667461395264,3.0416667461395264,3.125,1704000.0,3.125
1991-09-19,3.1666667461395264,3.0416667461395264,3.0416667461395264,3.1458332538604736,1717800.0,3.1458332538604736
1991-09-20,3.1666667461395264,3.0833332538604736,3.1666667461395264,3.0833332538604736,2092800.0,3.0833332538604736
1991-09-23,3.1666667461395264,2.9583332538604736,3.1666667461395264,2.9583332538604736,1954800.0,2.9583332538604736
1991-09-24,3.0833332538604736,2.9583332538604736,2.9583332538604736,3.0,1826400.0,3.0
1991-09-25,3.0833332538604736,2.9583332538604736,2.9583332538604736,3.0416667461395264,473400.0,3.0416667461395264
1991-09-26,3.25,3.0416667461395264,3.0416667461395264,3.1666667461395264,598800.0,3.1666667461395264
1991-09-27,3.375,3.1666667461395264,3.25,3.3333332538604736,779400.0,3.3333332538604736
1991-09-30,3.3333332538604736,3.0416667461395264,3.3333332538604736,3.125,594600.0,3.125
1991-10-01,3.1666667461395264,3.0833332538604736,3.1666667461395264,3.0833332538604736,112800.0,3.0833332538604736
1991-10-02,3.1666667461395264,3.0833332538604736,3.1666667461395264,3.1666667461395264,409800.0,3.1666667461395264
1991-10-03,3.1666667461395264,2.9583332538604736,3.1666667461395264,2.9583332538604736,246600.0,2.9583332538604736
1991-10-04,3.0833332538604736,2.875,3.0833332538604736,2.875,303000.0,2.875
1991-10-07,2.9583332538604736,2.6666667461395264,2.875,2.6666667461395264,605400.0,2.6666667461395264
1991-10-08,2.75,2.4583332538604736,2.6666667461395264,2.5416667461395264,4804200.0,2.5416667461395264
1991-10-09,2.5833332538604736,2.5,2.5416667461395264,2.5208332538604736,469200.0,2.5208332538604736
1991-10-10,2.5833332538604736,2.5,2.5833332538604736,2.5625,1455600.0,2.5625
1991-10-11,2.75,2.5416667461395264,2.625,2.6875,312000.0,2.6875
1991-10-14,2.9583332538604736,2.6666667461395264,2.75,2.9583332538604736,369600.0,2.9583332538604736
1991-10-15,3.3333332538604736,3.0,3.0,3.3125,779400.0,3.3125
1991-10-16,3.5416667461395264,3.2916667461395264,3.3333332538604736,3.5416667461395264,1215600.0,3.5416667461395264
1991-10-17,3.4583332538604736,3.0416667461395264,3.4583332538604736,3.1666667461395264,954600.0,3.1666667461395264
1991-10-18,3.375,3.0416667461395264,3.1666667461395264,3.375,764400.0,3.375
1991-10-21,3.4583332538604736,3.2916667461395264,3.3333332538604736,3.2916667461395264,196800.0,3.2916667461395264
1991-10-22,3.375,3.25,3.375,3.25,84600.0,3.25
1991-10-23,3.4583332538604736,3.1666667461395264,3.3333332538604736,3.1666667461395264,540000.0,3.1666667461395264
1991-10-24,3.2916667461395264,3.0416667461395264,3.2916667461395264,3.0833332538604736,164400.0,3.0833332538604736
1991-10-25,3.1666667461395264,2.875,3.1666667461395264,3.0,243600.0,3.0
1991-10-28,3.1666667461395264,2.9583332538604736,3.125,2.9583332538604736,292200.0,2.9583332538604736
1991-10-29,3.1666667461395264,3.0,3.0416667461395264,3.1666667461395264,162600.0,3.1666667461395264
1991-10-30,3.2916667461395264,3.0833332538604736,3.2083332538604736,3.1666667461395264,277200.0,3.1666667461395264
1991-10-31,3.1666667461395264,3.0,3.1666667461395264,3.0833332538604736,178200.0,3.0833332538604736
1991-11-01,3.125,2.9791667461395264,3.0,3.0416667461395264,1586400.0,3.0416667461395264
1991-11-04,3.125,2.9583332538604736,3.0416667461395264,2.9583332538604736,270000.0,2.9583332538604736
1991-11-05,3.0416667461395264,2.6666667461395264,2.9583332538604736,2.75,716400.0,2.75
1991-11-06,2.8333332538604736,2.5833332538604736,2.8333332538604736,2.6666667461395264,443400.0,2.6666667461395264
1991-11-07,2.75,2.5,2.6666667461395264,2.5416667461395264,601200.0,2.5416667461395264
1991-11-08,2.7083332538604736,2.4583332538604736,2.5416667461395264,2.7083332538604736,1528200.0,2.7083332538604736
1991-11-11,2.9166667461395264,2.7083332538604736,2.7083332538604736,2.7083332538604736,818400.0,2.7083332538604736
1991-11-12,2.9166667461395264,2.7916667461395264,2.8333332538604736,2.9166667461395264,776400.0,2.9166667461395264
1991-11-13,3.0,2.8333332538604736,2.9166667461395264,2.9166667461395264,1289400.0,2.9166667461395264
1991-11-14,3.0833332538604736,2.9166667461395264,3.0,2.9791667461395264,1420200.0,2.9791667461395264
1991-11-15,2.9583332538604736,2.375,2.9583332538604736,2.375,1191000.0,2.375
1991-11-18,2.5,2.0,2.25,2.4583332538604736,2312400.0,2.4583332538604736
1991-11-19,2.4583332538604736,2.25,2.4583332538604736,2.375,2037000.0,2.375
1991-11-20,2.4166667461395264,2.0,2.375,2.2083332538604736,434400.0,2.2083332538604736
1991-11-21,2.3333332538604736,2.125,2.25,2.25,208800.0,2.25
1991-11-22,2.2916667461395264,1.9583333730697632,2.2916667461395264,2.0833332538604736,1123800.0,2.0833332538604736
1991-11-25,2.125,1.9583333730697632,2.0416667461395264,2.0833332538604736,323400.0,2.0833332538604736
1991-11-26,2.0833332538604736,1.8333333730697632,1.9583333730697632,1.875,199200.0,1.875
1991-11-27,2.0416667461395264,1.9166666269302368,2.0,1.9583333730697632,192600.0,1.9583333730697632
1991-11-29,2.0,1.9583333730697632,1.9583333730697632,2.0,60000.0,2.0
1991-12-02,2.1666667461395264,1.875,1.875,2.125,833400.0,2.125
1991-12-03,2.1666667461395264,1.875,2.1666667461395264,2.0625,910800.0,2.0625
1991-12-04,2.125,1.9791666269302368,2.0416667461395264,2.0,370200.0,2.0
1991-12-05,2.2083332538604736,1.9583333730697632,2.0833332538604736,2.0416667461395264,410400.0,2.0416667461395264
1991-12-06,2.0833332538604736,1.9583333730697632,2.0416667461395264,1.9583333730697632,58800.0,1.9583333730697632
1991-12-09,2.0833332538604736,1.9583333730697632,1.9583333730697632,2.0416667461395264,204600.0,2.0416667461395264
1991-12-10,2.125,2.0,2.0833332538604736,2.0416667461395264,483600.0,2.0416667461395264
1991-12-11,2.3333332538604736,2.0833332538604736,2.125,2.3333332538604736,439800.0,2.3333332538604736
1991-12-12,2.5,2.375,2.5,2.4583332538604736,181200.0,2.4583332538604736
1991-12-13,2.5,2.375,2.4583332538604736,2.4583332538604736,246600.0,2.4583332538604736
1991-12-16,2.4583332538604736,2.3333332538604736,2.4166667461395264,2.4583332538604736,90600.0,2.4583332538604736
1991-12-17,2.5,2.375,2.4583332538604736,2.4166667461395264,100200.0,2.4166667461395264
1991-12-18,2.4583332538604736,2.3333332538604736,2.3333332538604736,2.3333332538604736,57000.0,2.3333332538604736
1991-12-19,2.375,2.25,2.375,2.2916667461395264,82200.0,2.2916667461395264
1991-12-20,2.2916667461395264,2.1666667461395264,2.2916667461395264,2.1666667461395264,321000.0,2.1666667461395264
1991-12-23,2.2916667461395264,2.1666667461395264,2.2916667461395264,2.25,119400.0,2.25
1991-12-24,2.2916667461395264,2.1666667461395264,2.2916667461395264,2.1666667461395264,37200.0,2.1666667461395264
1991-12-26,2.2083332538604736,2.0833332538604736,2.125,2.0833332538604736,99000.0,2.0833332538604736
1991-12-27,2.2083332538604736,2.0833332538604736,2.0833332538604736,2.125,116400.0,2.125
1991-12-30,2.3333332538604736,2.0833332538604736,2.0833332538604736,2.2916667461395264,384000.0,2.2916667461395264
1991-12-31,2.375,2.1666667461395264,2.3333332538604736,2.1666667461395264,460800.0,2.1666667461395264
1992-01-02,2.2916667461395264,2.0416667461395264,2.1666667461395264,2.125,659400.0,2.125
1992-01-03,2.4583332538604736,2.0833332538604736,2.1666667461395264,2.3125,951000.0,2.3125
1992-01-06,2.625,2.3333332538604736,2.3333332538604736,2.5833332538604736,708000.0,2.5833332538604736
1992-01-07,2.9166667461395264,2.5833332538604736,2.625,2.75,786600.0,2.75
1992-01-08,3.375,2.6666667461395264,2.75,3.25,2019600.0,3.25
1992-01-09,3.3333332538604736,2.9583332538604736,3.25,3.2083332538604736,1472400.0,3.2083332538604736
1992-01-10,3.2083332538604736,2.9583332538604736,3.2083332538604736,3.0416667461395264,700200.0,3.0416667461395264
1992-01-13,3.0833332538604736,2.9166667461395264,3.0416667461395264,3.0833332538604736,307200.0,3.0833332538604736
1992-01-14,3.375,3.0416667461395264,3.0416667461395264,3.3333332538604736,1238400.0,3.3333332538604736
1992-01-15,3.375,2.9583332538604736,3.375,2.9583332538604736,451800.0,2.9583332538604736
1992-01-16,3.2916667461395264,3.0416667461395264,3.1666667461395264,3.1666667461395264,2738400.0,3.1666667461395264
1992-01-17,3.2083332538604736,3.0416667461395264,3.2083332538604736,3.0833332538604736,621600.0,3.0833332538604736
1992-01-20,3.0833332538604736,2.7916667461395264,3.0,2.8333332538604736,339600.0,2.8333332538604736
1992-01-21,2.9583332538604736,2.625,2.9583332538604736,2.7291667461395264,280800.0,2.7291667461395264
1992-01-22,2.8333332538604736,2.7083332538604736,2.8333332538604736,2.7916667461395264,524400.0,2.7916667461395264
1992-01-23,2.9583332538604736,2.625,2.9583332538604736,2.7916667461395264,402000.0,2.7916667461395264
1992-01-24,2.7916667461395264,2.6666667461395264,2.75,2.7916667461395264,235200.0,2.7916667461395264
1992-01-27,2.7916667461395264,2.625,2.7916667461395264,2.625,123000.0,2.625
1992-01-28,2.7083332538604736,2.625,2.7083332538604736,2.6666667461395264,83400.0,2.6666667461395264
1992-01-29,2.7083332538604736,2.5833332538604736,2.625,2.5833332538604736,516000.0,2.5833332538604736
1992-01-30,2.7083332538604736,2.5833332538604736,2.7083332538604736,2.625,38400.0,2.625
1992-01-31,2.7083332538604736,2.5833332538604736,2.7083332538604736,2.5833332538604736,174000.0,2.5833332538604736
1992-02-03,2.6666667461395264,2.5416667461395264,2.5833332538604736,2.5625,173400.0,2.5625
1992-02-04,2.5416667461395264,2.375,2.5416667461395264,2.5,183000.0,2.5
1992-02-05,2.5833332538604736,2.4166667461395264,2.4166667461395264,2.5833332538604736,226200.0,2.5833332538604736
1992-02-06,2.5833332538604736,2.5,2.5833332538604736,2.5833332538604736,171000.0,2.5833332538604736
1992-02-07,2.5833332538604736,2.5,2.5833332538604736,2.5,91800.0,2.5
1992-02-10,2.5,2.25,2.5,2.3333332538604736,353400.0,2.3333332538604736
1992-02-11,2.4583332538604736,2.2916667461395264,2.4583332538604736,2.2916667461395264,266400.0,2.2916667461395264
1992-02-12,2.3333332538604736,1.9583333730697632,2.3333332538604736,2.2083332538604736,3684600.0,2.2083332538604736
1992-02-13,2.5416667461395264,2.25,2.2916667461395264,2.4583332538604736,985200.0,2.4583332538604736
1992-02-14,2.4583332538604736,2.2916667461395264,2.375,2.2916667461395264,241200.0,2.2916667461395264
1992-02-18,2.3333332538604736,2.125,2.3333332538604736,2.125,320400.0,2.125
1992-02-19,2.1666667461395264,2.0833332538604736,2.125,2.0833332538604736,547800.0,2.0833332538604736
1992-02-20,2.25,2.125,2.125,2.25,130200.0,2.25
1992-02-21,2.2916667461395264,2.1666667461395264,2.25,2.2708332538604736,91200.0,2.2708332538604736
1992-02-24,2.3333332538604736,2.25,2.2916667461395264,2.2916667461395264,265200.0,2.2916667461395264
1992-02-25,2.2916667461395264,2.1666667461395264,2.2083332538604736,2.2083332538604736,85200.0,2.2083332538604736
1992-02-26,2.375,2.2083332538604736,2.2083332538604736,2.375,210600.0,2.375
1992-02-27,2.375,2.2083332538604736,2.375,2.2083332538604736,72600.0,2.2083332538604736
1992-02-28,2.3333332538604736,2.25,2.3333332538604736,2.3333332538604736,60600.0,2.3333332538604736
1992-03-02,2.3333332538604736,2.25,2.2916667461395264,2.2916667461395264,88800.0,2.2916667461395264
1992-03-03,2.3333332538604736,2.2083332538604736,2.25,2.25,238800.0,2.25
1992-03-04,2.3333332538604736,2.25,2.3333332538604736,2.3333332538604736,32400.0,2.3333332538604736
1992-03-05,2.3333332538604736,2.1666667461395264,2.25,2.25,678600.0,2.25
1992-03-06,2.3333332538604736,2.125,2.25,2.1666667461395264,675600.0,2.1666667461395264
1992-03-09,2.25,2.125,2.25,2.125,327600.0,2.125
1992-03-10,2.25,2.1666667461395264,2.1666667461395264,2.1666667461395264,81600.0,2.1666667461395264
1992-03-11,2.25,2.0416667461395264,2.125,2.0833332538604736,201000.0,2.0833332538604736
1992-03-12,2.125,2.0416667461395264,2.0416667461395264,2.125,171600.0,2.125
1992-03-13,2.125,2.0,2.125,2.0,216600.0,2.0
1992-03-16,2.0208332538604736,1.8333333730697632,2.0,1.9166666269302368,951000.0,1.9166666269302368
1992-03-17,1.9583333730697632,1.9375,1.9583333730697632,1.9583333730697632,663000.0,1.9583333730697632
1992-03-18,2.0,1.8125,1.875,1.875,2891400.0,1.875
1992-03-19,1.9583333730697632,1.875,1.875,1.875,54000.0,1.875
1992-03-20,1.9583333730697632,1.875,1.875,1.875,51000.0,1.875
1992-03-23,1.9583333730697632,1.875,1.875,1.875,32400.0,1.875
1992-03-24,1.9583333730697632,1.875,1.9583333730697632,1.9166666269302368,36000.0,1.9166666269302368
1992-03-25,1.9166666269302368,1.8333333730697632,1.9166666269302368,1.8333333730697632,153600.0,1.8333333730697632
1992-03-26,1.9166666269302368,1.8333333730697632,1.8333333730697632,1.9166666269302368,140400.0,1.9166666269302368
1992-03-27,1.9166666269302368,1.875,1.9166666269302368,1.8958333730697632,107400.0,1.8958333730697632
1992-03-30,1.9166666269302368,1.8333333730697632,1.875,1.9166666269302368,78000.0,1.9166666269302368
1992-03-31,1.9166666269302368,1.8333333730697632,1.875,1.8333333730697632,122400.0,1.8333333730697632
1992-04-01,1.875,1.7916666269302368,1.8333333730697632,1.7916666269302368,129000.0,1.7916666269302368
1992-04-02,1.8333333730697632,1.7916666269302368,1.7916666269302368,1.8333333730697632,22200.0,1.8333333730697632
1992-04-03,1.875,1.7916666269302368,1.7916666269302368,1.875,105000.0,1.875
1992-04-06,1.875,1.5,1.7916666269302368,1.5833333730697632,612600.0,1.5833333730697632
1992-04-07,1.5833333730697632,1.25,1.5416666269302368,1.2708333730697632,1153200.0,1.2708333730697632
1992-04-08,1.2916666269302368,1.2083333730697632,1.25,1.2916666269302368,706800.0,1.2916666269302368
1992-04-09,1.5416666269302368,1.2916666269302368,1.2916666269302368,1.4583333730697632,349800.0,1.4583333730697632
1992-04-10,1.5833333730697632,1.4583333730697632,1.5416666269302368,1.5,353400.0,1.5
1992-04-13,1.5833333730697632,1.4583333730697632,1.5833333730697632,1.5,49200.0,1.5
1992-04-14,1.5416666269302368,1.4583333730697632,1.5416666269302368,1.4583333730697632,54000.0,1.4583333730697632
1992-04-15,1.5416666269302368,1.375,1.5416666269302368,1.375,106200.0,1.375
1992-04-16,1.4583333730697632,1.2291666269302368,1.375,1.3333333730697632,184200.0,1.3333333730697632
1992-04-20,1.3333333730697632,1.0416666269302368,1.2083333730697632,1.125,417000.0,1.125
1992-04-21,1.3333333730697632,1.0833333730697632,1.125,1.3333333730697632,444000.0,1.3333333730697632
1992-04-22,1.4166666269302368,1.2083333730697632,1.2083333730697632,1.3333333730697632,151200.0,1.3333333730697632
1992-04-23,1.4166666269302368,1.2916666269302368,1.3333333730697632,1.375,1675800.0,1.375
1992-04-24,1.375,1.3333333730697632,1.3333333730697632,1.375,14400.0,1.375
1992-04-27,1.4166666269302368,1.2916666269302368,1.4166666269302368,1.3333333730697632,100800.0,1.3333333730697632
1992-04-28,1.375,1.2916666269302368,1.2916666269302368,1.3333333730697632,74400.0,1.3333333730697632
1992-04-29,1.3333333730697632,1.2083333730697632,1.2916666269302368,1.2083333730697632,201000.0,1.2083333730697632
1992-04-30,1.3333333730697632,1.25,1.25,1.3333333730697632,18000.0,1.3333333730697632
1992-05-01,1.375,1.2083333730697632,1.2083333730697632,1.375,35400.0,1.375
1992-05-04,1.375,1.2916666269302368,1.2916666269302368,1.2916666269302368,82800.0,1.2916666269302368
1992-05-05,1.4166666269302368,1.3333333730697632,1.375,1.4166666269302368,56400.0,1.4166666269302368
1992-05-06,1.4166666269302368,1.2291666269302368,1.4166666269302368,1.2291666269302368,277800.0,1.2291666269302368
1992-05-07,1.2916666269302368,1.125,1.2916666269302368,1.25,223200.0,1.25
1992-05-08,1.25,1.1666666269302368,1.1875,1.1666666269302368,21000.0,1.1666666269302368
1992-05-11,1.25,1.125,1.1666666269302368,1.1666666269302368,67800.0,1.1666666269302368
1992-05-12,1.25,1.125,1.25,1.2083333730697632,252000.0,1.2083333730697632
1992-05-13,1.2083333730697632,1.0833333730697632,1.2083333730697632,1.2083333730697632,1212600.0,1.2083333730697632
1992-05-14,1.2083333730697632,1.125,1.125,1.125,57000.0,1.125
1992-05-15,1.2083333730697632,1.0416666269302368,1.2083333730697632,1.0833333730697632,773400.0,1.0833333730697632
1992-05-18,1.125,1.0833333730697632,1.0833333730697632,1.1041666269302368,182400.0,1.1041666269302368
1992-05-19,1.1666666269302368,1.1041666269302368,1.1041666269302368,1.1666666269302368,186600.0,1.1666666269302368
1992-05-20,1.1666666269302368,1.125,1.1666666269302368,1.1666666269302368,1755000.0,1.1666666269302368
1992-05-21,1.1666666269302368,1.0416666269302368,1.1666666269302368,1.1666666269302368,609600.0,1.1666666269302368
1992-05-22,1.1666666269302368,1.0416666269302368,1.1666666269302368,1.1041666269302368,460800.0,1.1041666269302368
1992-05-26,1.1666666269302368,1.0416666269302368,1.1666666269302368,1.0416666269302368,121200.0,1.0416666269302368
1992-05-27,1.2083333730697632,1.0833333730697632,1.1666666269302368,1.2083333730697632,300600.0,1.2083333730697632
1992-05-28,1.2916666269302368,1.125,1.25,1.2916666269302368,358800.0,1.2916666269302368
1992-05-29,1.4166666269302368,1.2916666269302368,1.3333333730697632,1.3333333730697632,286800.0,1.3333333730697632
1992-06-01,1.4166666269302368,1.3333333730697632,1.4166666269302368,1.375,229200.0,1.375
1992-06-02,1.5416666269302368,1.4166666269302368,1.4583333730697632,1.4166666269302368,225000.0,1.4166666269302368
1992-06-03,1.5,1.2916666269302368,1.5,1.3333333730697632,199800.0,1.3333333730697632
1992-06-04,1.4166666269302368,1.2916666269302368,1.4166666269302368,1.4166666269302368,39600.0,1.4166666269302368
1992-06-05,1.4166666269302368,1.2916666269302368,1.2916666269302368,1.3541666269302368,1586400.0,1.3541666269302368
1992-06-08,1.375,1.2916666269302368,1.375,1.375,67800.0,1.375
1992-06-09,1.375,1.2916666269302368,1.375,1.3333333730697632,97800.0,1.3333333730697632
1992-06-10,1.4166666269302368,1.2916666269302368,1.4166666269302368,1.2916666269302368,137400.0,1.2916666269302368
1992-06-11,1.4166666269302368,1.3333333730697632,1.4166666269302368,1.3541666269302368,243000.0,1.3541666269302368
1992-06-12,1.4166666269302368,1.3333333730697632,1.3333333730697632,1.375,312000.0,1.375
1992-06-15,1.375,1.2083333730697632,1.375,1.3333333730697632,289200.0,1.3333333730697632
1992-06-16,1.3333333730697632,1.2083333730697632,1.3333333730697632,1.25,72000.0,1.25
1992-06-17,1.3333333730697632,1.2083333730697632,1.3333333730697632,1.25,85200.0,1.25
1992-06-18,1.2916666269302368,1.1666666269302368,1.2916666269302368,1.1875,336600.0,1.1875
1992-06-19,1.2916666269302368,1.1666666269302368,1.2083333730697632,1.25,437400.0,1.25
1992-06-22,1.25,1.125,1.25,1.25,54600.0,1.25
1992-06-23,1.25,1.125,1.125,1.1666666269302368,92400.0,1.1666666269302368
1992-06-24,1.25,1.125,1.25,1.125,235200.0,1.125
1992-06-25,1.2083333730697632,1.125,1.2083333730697632,1.1875,81000.0,1.1875
1992-06-26,1.25,1.125,1.1666666269302368,1.125,477000.0,1.125
1992-06-29,1.25,1.125,1.125,1.1666666269302368,136800.0,1.1666666269302368
1992-06-30,1.2083333730697632,1.0833333730697632,1.125,1.1041666269302368,222000.0,1.1041666269302368
1992-07-01,1.2083333730697632,1.0833333730697632,1.125,1.1666666269302368,1082400.0,1.1666666269302368
1992-07-02,1.2083333730697632,1.125,1.2083333730697632,1.1458333730697632,213000.0,1.1458333730697632
1992-07-06,1.3333333730697632,1.125,1.2083333730697632,1.3333333730697632,623400.0,1.3333333730697632
1992-07-07,1.375,1.25,1.3333333730697632,1.2916666269302368,359400.0,1.2916666269302368
1992-07-08,1.3333333730697632,1.2916666269302368,1.3125,1.2916666269302368,204600.0,1.2916666269302368
1992-07-09,1.5,1.2916666269302368,1.2916666269302368,1.5,340200.0,1.5
1992-07-10,1.625,1.4166666269302368,1.625,1.4375,168000.0,1.4375
1992-07-13,1.4166666269302368,1.3125,1.4166666269302368,1.3333333730697632,352200.0,1.3333333730697632
1992-07-14,1.4166666269302368,1.25,1.4166666269302368,1.3333333730697632,115200.0,1.3333333730697632
1992-07-15,1.375,1.2916666269302368,1.375,1.2916666269302368,24000.0,1.2916666269302368
1992-07-16,1.375,1.25,1.375,1.25,176400.0,1.25
1992-07-17,1.3333333730697632,1.25,1.3333333730697632,1.25,39000.0,1.25
1992-07-20,1.25,1.1666666269302368,1.1666666269302368,1.25,68400.0,1.25
1992-07-21,1.25,1.1666666269302368,1.1666666269302368,1.25,66000.0,1.25
1992-07-22,1.25,1.1666666269302368,1.25,1.1875,123600.0,1.1875
1992-07-23,1.25,1.1666666269302368,1.1666666269302368,1.1666666269302368,107400.0,1.1666666269302368
1992-07-24,1.25,1.1666666269302368,1.1666666269302368,1.1666666269302368,67200.0,1.1666666269302368
1992-07-27,1.3333333730697632,1.2291666269302368,1.3333333730697632,1.3333333730697632,1045800.0,1.3333333730697632
1992-07-28,1.375,1.2916666269302368,1.3333333730697632,1.2916666269302368,323400.0,1.2916666269302368
1992-07-29,1.375,1.2916666269302368,1.375,1.3333333730697632,463200.0,1.3333333730697632
1992-07-30,1.4166666269302368,1.2916666269302368,1.375,1.4166666269302368,1003200.0,1.4166666269302368
1992-07-31,1.4583333730697632,1.375,1.4583333730697632,1.4166666269302368,147000.0,1.4166666269302368
1992-08-03,1.4583333730697632,1.375,1.4583333730697632,1.4166666269302368,105600.0,1.4166666269302368
1992-08-04,1.4583333730697632,1.375,1.4583333730697632,1.375,133200.0,1.375
1992-08-05,1.4583333730697632,1.3333333730697632,1.375,1.3333333730697632,166800.0,1.3333333730697632
1992-08-06,1.4583333730697632,1.3333333730697632,1.3333333730697632,1.4583333730697632,71400.0,1.4583333730697632
1992-08-07,1.4583333730697632,1.375,1.375,1.4375,69600.0,1.4375
1992-08-10,1.4583333730697632,1.375,1.4166666269302368,1.375,94800.0,1.375
1992-08-11,1.4375,1.3333333730697632,1.4375,1.4166666269302368,103800.0,1.4166666269302368
1992-08-12,1.4166666269302368,1.3333333730697632,1.4166666269302368,1.4166666269302368,70200.0,1.4166666269302368
1992-08-13,1.4166666269302368,1.3333333730697632,1.3333333730697632,1.3333333730697632,278400.0,1.3333333730697632
1992-08-14,1.4166666269302368,1.4166666269302368,1.4166666269302368,1.4166666269302368,12600.0,1.4166666269302368
1992-08-17,1.375,1.2916666269302368,1.375,1.3333333730697632,76800.0,1.3333333730697632
1992-08-18,1.375,1.2916666269302368,1.2916666269302368,1.3333333730697632,34200.0,1.3333333730697632
1992-08-19,1.375,1.2916666269302368,1.375,1.375,25200.0,1.375
1992-08-20,1.3333333730697632,1.2083333730697632,1.3333333730697632,1.2083333730697632,230400.0,1.2083333730697632
1992-08-21,1.25,1.1666666269302368,1.2083333730697632,1.1666666269302368,101400.0,1.1666666269302368
1992-08-24,1.1666666269302368,1.0833333730697632,1.1666666269302368,1.1041666269302368,344400.0,1.1041666269302368
1992-08-25,1.125,1.0416666269302368,1.125,1.0833333730697632,328800.0,1.0833333730697632
1992-08-26,1.1666666269302368,1.0833333730697632,1.125,1.1458333730697632,166800.0,1.1458333730697632
1992-08-27,1.2083333730697632,1.125,1.125,1.125,364800.0,1.125
1992-08-28,1.1666666269302368,1.125,1.1666666269302368,1.125,36000.0,1.125
1992-08-31,1.2083333730697632,1.125,1.125,1.1875,71400.0,1.1875
1992-09-01,1.2083333730697632,1.125,1.2083333730697632,1.125,185400.0,1.125
1992-09-02,1.2083333730697632,1.0833333730697632,1.125,1.2083333730697632,218400.0,1.2083333730697632
1992-09-03,1.2083333730697632,1.125,1.2083333730697632,1.1666666269302368,216000.0,1.1666666269302368
1992-09-04,1.1666666269302368,1.125,1.125,1.1666666269302368,11400.0,1.1666666269302368
1992-09-08,1.2083333730697632,1.0833333730697632,1.2083333730697632,1.0833333730697632,9000.0,1.0833333730697632
1992-09-09,1.1666666269302368,1.0833333730697632,1.0833333730697632,1.1666666269302368,103200.0,1.1666666269302368
1992-09-10,1.25,1.0833333730697632,1.25,1.2083333730697632,304800.0,1.2083333730697632
1992-09-11,1.2083333730697632,1.125,1.2083333730697632,1.2083333730697632,43200.0,1.2083333730697632
1992-09-14,1.2083333730697632,1.125,1.2083333730697632,1.2083333730697632,206400.0,1.2083333730697632
1992-09-15,1.2083333730697632,1.125,1.125,1.1666666269302368,232800.0,1.1666666269302368
1992-09-16,1.2083333730697632,1.125,1.125,1.1666666269302368,113400.0,1.1666666269302368
1992-09-17,1.2083333730697632,1.125,1.1666666269302368,1.1666666269302368,43800.0,1.1666666269302368
1992-09-18,1.2083333730697632,1.1666666269302368,1.2083333730697632,1.1666666269302368,8400.0,1.1666666269302368
1992-09-21,1.2083333730697632,1.125,1.2083333730697632,1.125,148200.0,1.125
1992-09-22,1.2083333730697632,1.125,1.2083333730697632,1.125,211800.0,1.125
1992-09-23,1.2083333730697632,1.125,1.2083333730697632,1.125,52200.0,1.125
1992-09-24,1.2083333730697632,1.125,1.125,1.1458333730697632,117000.0,1.1458333730697632
1992-09-25,1.1666666269302368,1.125,1.1666666269302368,1.1458333730697632,999000.0,1.1458333730697632
1992-09-28,1.1666666269302368,1.125,1.125,1.125,44400.0,1.125
1992-09-29,1.1666666269302368,1.0833333730697632,1.125,1.0833333730697632,137400.0,1.0833333730697632
1992-09-30,1.1666666269302368,1.0833333730697632,1.1666666269302368,1.0833333730697632,16200.0,1.0833333730697632
1992-10-01,1.1666666269302368,1.0833333730697632,1.0833333730697632,1.125,46200.0,1.125
1992-10-02,1.125,1.0,1.0833333730697632,1.0416666269302368,273600.0,1.0416666269302368
1992-10-05,1.0833333730697632,0.9583333134651184,1.0,1.0833333730697632,136800.0,1.0833333730697632
1992-10-06,1.1666666269302368,1.0416666269302368,1.1666666269302368,1.125,228000.0,1.125
1992-10-07,1.1666666269302368,1.0833333730697632,1.0833333730697632,1.0833333730697632,73800.0,1.0833333730697632
1992-10-08,1.1666666269302368,1.0833333730697632,1.1666666269302368,1.1458333730697632,130800.0,1.1458333730697632
1992-10-09,1.1666666269302368,1.125,1.125,1.1666666269302368,42000.0,1.1666666269302368
1992-10-12,1.1666666269302368,1.0833333730697632,1.0833333730697632,1.0833333730697632,67200.0,1.0833333730697632
1992-10-13,1.2083333730697632,1.0833333730697632,1.0833333730697632,1.2083333730697632,226200.0,1.2083333730697632
1992-10-14,1.4166666269302368,1.1666666269302368,1.2916666269302368,1.375,915000.0,1.375
1992-10-15,1.375,1.2083333730697632,1.3333333730697632,1.2916666269302368,572400.0,1.2916666269302368
1992-10-16,1.2916666269302368,1.2083333730697632,1.2916666269302368,1.2916666269302368,153600.0,1.2916666269302368
1992-10-19,1.4166666269302368,1.25,1.2916666269302368,1.4166666269302368,646800.0,1.4166666269302368
1992-10-20,1.4583333730697632,1.2916666269302368,1.4583333730697632,1.2916666269302368,555000.0,1.2916666269302368
1992-10-21,1.4583333730697632,1.2916666269302368,1.375,1.4583333730697632,345600.0,1.4583333730697632
1992-10-22,1.5416666269302368,1.4166666269302368,1.4583333730697632,1.5,195000.0,1.5
1992-10-23,1.5416666269302368,1.4583333730697632,1.5,1.5416666269302368,289200.0,1.5416666269302368
1992-10-26,1.625,1.4583333730697632,1.5416666269302368,1.5833333730697632,1793400.0,1.5833333730697632
1992-10-27,1.6666666269302368,1.5416666269302368,1.6666666269302368,1.625,294000.0,1.625
1992-10-28,1.6666666269302368,1.5416666269302368,1.5416666269302368,1.5416666269302368,208800.0,1.5416666269302368
1992-10-29,1.6666666269302368,1.5416666269302368,1.6666666269302368,1.5416666269302368,615600.0,1.5416666269302368
1992-10-30,1.6666666269302368,1.5,1.6666666269302368,1.5833333730697632,261600.0,1.5833333730697632
1992-11-02,1.6666666269302368,1.5,1.5,1.6458333730697632,202200.0,1.6458333730697632
1992-11-03,1.7083333730697632,1.5833333730697632,1.6666666269302368,1.6666666269302368,276000.0,1.6666666269302368
1992-11-04,1.7083333730697632,1.5833333730697632,1.625,1.5833333730697632,235200.0,1.5833333730697632
1992-11-05,1.6666666269302368,1.5833333730697632,1.5833333730697632,1.6041666269302368,163200.0,1.6041666269302368
1992-11-06,1.6666666269302368,1.5833333730697632,1.5833333730697632,1.625,355200.0,1.625
1992-11-09,1.7083333730697632,1.625,1.7083333730697632,1.625,118800.0,1.625
1992-11-10,1.6666666269302368,1.5416666269302368,1.625,1.625,168000.0,1.625
1992-11-11,1.75,1.625,1.625,1.75,439200.0,1.75
1992-11-12,1.7916666269302368,1.7083333730697632,1.7083333730697632,1.7083333730697632,309000.0,1.7083333730697632
1992-11-13,1.75,1.625,1.7083333730697632,1.7083333730697632,298200.0,1.7083333730697632
1992-11-16,1.7083333730697632,1.625,1.7083333730697632,1.625,371400.0,1.625
1992-11-17,1.75,1.625,1.75,1.625,163800.0,1.625
1992-11-18,1.7083333730697632,1.5833333730697632,1.6666666269302368,1.7083333730697632,450000.0,1.7083333730697632
1992-11-19,1.7083333730697632,1.625,1.625,1.625,479400.0,1.625
1992-11-20,1.7083333730697632,1.625,1.625,1.6666666269302368,135600.0,1.6666666269302368
1992-11-23,1.7083333730697632,1.625,1.625,1.7083333730697632,339600.0,1.7083333730697632
1992-11-24,1.75,1.625,1.6666666269302368,1.7291666269302368,400800.0,1.7291666269302368
1992-11-25,1.75,1.6666666269302368,1.75,1.7083333730697632,202800.0,1.7083333730697632
1992-11-27,1.75,1.6666666269302368,1.6666666269302368,1.75,19800.0,1.75
1992-11-30,1.75,1.6666666269302368,1.6666666269302368,1.75,319200.0,1.75
1992-12-01,1.75,1.6666666269302368,1.6666666269302368,1.75,179400.0,1.75
1992-12-02,1.875,1.6666666269302368,1.6666666269302368,1.875,580800.0,1.875
1992-12-03,1.875,1.7916666269302368,1.7916666269302368,1.8333333730697632,253800.0,1.8333333730697632
1992-12-04,1.875,1.7916666269302368,1.7916666269302368,1.875,49800.0,1.875
1992-12-07,1.875,1.7916666269302368,1.7916666269302368,1.7916666269302368,46800.0,1.7916666269302368
1992-12-08,1.875,1.7916666269302368,1.7916666269302368,1.8125,360600.0,1.8125
1992-12-09,1.8333333730697632,1.75,1.75,1.7916666269302368,459600.0,1.7916666269302368
1992-12-10,1.875,1.7916666269302368,1.7916666269302368,1.7916666269302368,505200.0,1.7916666269302368
1992-12-11,1.8333333730697632,1.7916666269302368,1.7916666269302368,1.8333333730697632,102600.0,1.8333333730697632
1992-12-14,1.8333333730697632,1.7916666269302368,1.7916666269302368,1.7916666269302368,132000.0,1.7916666269302368
1992-12-15,1.8333333730697632,1.75,1.8333333730697632,1.7916666269302368,148200.0,1.7916666269302368
1992-12-16,1.7916666269302368,1.7083333730697632,1.75,1.7083333730697632,324000.0,1.7083333730697632
1992-12-17,1.8333333730697632,1.75,1.7708333730697632,1.75,448800.0,1.75
1992-12-18,1.8333333730697632,1.75,1.75,1.7708333730697632,144000.0,1.7708333730697632
1992-12-21,1.8333333730697632,1.75,1.8333333730697632,1.8333333730697632,46800.0,1.8333333730697632
1992-12-22,1.8333333730697632,1.6666666269302368,1.75,1.6666666269302368,226800.0,1.6666666269302368
1992-12-23,1.7916666269302368,1.6666666269302368,1.7916666269302368,1.6666666269302368,136200.0,1.6666666269302368
1992-12-24,1.75,1.6666666269302368,1.6666666269302368,1.6666666269302368,36000.0,1.6666666269302368
1992-12-28,1.75,1.6666666269302368,1.6666666269302368,1.6875,103800.0,1.6875
1992-12-29,1.7083333730697632,1.5833333730697632,1.6666666269302368,1.5833333730697632,204000.0,1.5833333730697632
1992-12-30,1.6666666269302368,1.4583333730697632,1.6666666269302368,1.5,292200.0,1.5
1992-12-31,1.5833333730697632,1.4583333730697632,1.4583333730697632,1.4583333730697632,163200.0,1.4583333730697632
1993-01-04,1.5416666269302368,1.4583333730697632,1.5416666269302368,1.5,165600.0,1.5
1993-01-05,1.5,1.4583333730697632,1.4583333730697632,1.4791666269302368,82800.0,1.4791666269302368
1993-01-06,1.5,1.4583333730697632,1.5,1.5,30600.0,1.5
1993-01-07,1.5,1.4583333730697632,1.4583333730697632,1.5,178800.0,1.5
1993-01-08,1.4583333730697632,1.3333333730697632,1.4583333730697632,1.4166666269302368,163200.0,1.4166666269302368
1993-01-11,1.4166666269302368,1.3333333730697632,1.4166666269302368,1.4166666269302368,23400.0,1.4166666269302368
1993-01-12,1.4166666269302368,1.2708333730697632,1.4166666269302368,1.3333333730697632,352200.0,1.3333333730697632
1993-01-13,1.2916666269302368,1.1666666269302368,1.2708333730697632,1.25,307200.0,1.25
1993-01-14,1.2916666269302368,1.1666666269302368,1.1666666269302368,1.2916666269302368,286800.0,1.2916666269302368
1993-01-15,1.2916666269302368,1.2083333730697632,1.2916666269302368,1.2916666269302368,31800.0,1.2916666269302368
1993-01-18,1.2916666269302368,1.2083333730697632,1.2916666269302368,1.2083333730697632,64200.0,1.2083333730697632
1993-01-19,1.25,1.1666666269302368,1.25,1.1666666269302368,445200.0,1.1666666269302368
1993-01-20,1.25,1.1666666269302368,1.25,1.1666666269302368,379200.0,1.1666666269302368
1993-01-21,1.25,1.1666666269302368,1.25,1.2083333730697632,103200.0,1.2083333730697632
1993-01-22,1.25,1.1666666269302368,1.25,1.25,505800.0,1.25
1993-01-25,1.25,1.1666666269302368,1.25,1.2083333730697632,247800.0,1.2083333730697632
1993-01-26,1.25,1.1666666269302368,1.25,1.1666666269302368,208200.0,1.1666666269302368
1993-01-27,1.25,1.125,1.25,1.2083333730697632,231000.0,1.2083333730697632
1993-01-28,1.25,1.125,1.125,1.125,10200.0,1.125
1993-01-29,1.25,1.125,1.125,1.1666666269302368,91800.0,1.1666666269302368
1993-02-01,1.2083333730697632,1.125,1.1666666269302368,1.1666666269302368,196200.0,1.1666666269302368
1993-02-02,1.25,1.125,1.1666666269302368,1.1666666269302368,221400.0,1.1666666269302368
1993-02-03,1.2083333730697632,1.125,1.125,1.1666666269302368,198600.0,1.1666666269302368
1993-02-04,1.2083333730697632,1.125,1.2083333730697632,1.1666666269302368,204000.0,1.1666666269302368
1993-02-05,1.2083333730697632,1.125,1.2083333730697632,1.125,10800.0,1.125
1993-02-08,1.2083333730697632,0.9791666865348816,1.125,1.0416666269302368,542400.0,1.0416666269302368
1993-02-09,1.0416666269302368,0.9583333134651184,1.0416666269302368,1.0,288600.0,1.0
1993-02-10,1.0416666269302368,0.9583333134651184,0.9583333134651184,1.0416666269302368,614400.0,1.0416666269302368
1993-02-11,1.0833333730697632,1.0,1.0416666269302368,1.0833333730697632,762600.0,1.0833333730697632
1993-02-12,1.0833333730697632,1.0,1.0833333730697632,1.0833333730697632,305400.0,1.0833333730697632
1993-02-16,1.0833333730697632,1.0,1.0833333730697632,1.0,181200.0,1.0
1993-02-17,1.1666666269302368,1.0,1.0416666269302368,1.125,139200.0,1.125
1993-02-18,1.1666666269302368,1.0833333730697632,1.1458333730697632,1.1666666269302368,93600.0,1.1666666269302368
1993-02-19,1.2291666269302368,1.125,1.2083333730697632,1.1666666269302368,311400.0,1.1666666269302368
1993-02-22,1.25,1.1666666269302368,1.25,1.1666666269302368,358200.0,1.1666666269302368
1993-02-23,1.25,1.125,1.25,1.1666666269302368,114600.0,1.1666666269302368
1993-02-24,1.2083333730697632,1.125,1.2083333730697632,1.125,227400.0,1.125
1993-02-25,1.2083333730697632,1.0416666269302368,1.2083333730697632,1.0833333730697632,275400.0,1.0833333730697632
1993-02-26,1.1666666269302368,1.0416666269302368,1.0416666269302368,1.1666666269302368,274800.0,1.1666666269302368
1993-03-01,1.1666666269302368,1.0416666269302368,1.1666666269302368,1.125,56400.0,1.125
1993-03-02,1.125,1.0416666269302368,1.125,1.0416666269302368,24000.0,1.0416666269302368
1993-03-03,1.1666666269302368,1.0416666269302368,1.125,1.1666666269302368,81000.0,1.1666666269302368
1993-03-04,1.1666666269302368,1.0416666269302368,1.1666666269302368,1.125,61200.0,1.125
1993-03-05,1.0833333730697632,1.0,1.0416666269302368,1.0416666269302368,166800.0,1.0416666269302368
1993-03-08,1.0833333730697632,1.0,1.0,1.0,145800.0,1.0
1993-03-09,1.0833333730697632,1.0,1.0,1.0833333730697632,283200.0,1.0833333730697632
1993-03-10,1.0833333730697632,1.0,1.0833333730697632,1.0,53400.0,1.0
1993-03-11,1.0833333730697632,1.0,1.0,1.0416666269302368,361200.0,1.0416666269302368
1993-03-12,1.0833333730697632,1.0,1.0833333730697632,1.0,23400.0,1.0
1993-03-15,1.0833333730697632,1.0,1.0,1.0416666269302368,177600.0,1.0416666269302368
1993-03-16,1.0833333730697632,1.0,1.0,1.0,43800.0,1.0
1993-03-17,1.0833333730697632,1.0,1.0833333730697632,1.0416666269302368,33600.0,1.0416666269302368
1993-03-18,1.0416666269302368,1.0,1.0,1.0416666269302368,105000.0,1.0416666269302368
1993-03-19,1.0833333730697632,1.0,1.0416666269302368,1.0833333730697632,22200.0,1.0833333730697632
1993-03-22,1.0833333730697632,0.9166666865348816,1.0,0.9375,222600.0,0.9375
1993-03-23,1.0,0.9166666865348816,1.0,0.9166666865348816,49200.0,0.9166666865348816
1993-03-24,1.0,0.9166666865348816,1.0,1.0,79200.0,1.0
1993-03-25,1.0,0.9166666865348816,0.9166666865348816,0.9166666865348816,36600.0,0.9166666865348816
1993-03-26,1.0,0.9166666865348816,1.0,0.9375,77400.0,0.9375
1993-03-29,1.0,0.9166666865348816,0.9166666865348816,0.9583333134651184,344400.0,0.9583333134651184
1993-03-30,1.0,0.9166666865348816,0.9583333134651184,0.9166666865348816,136200.0,0.9166666865348816
1993-03-31,1.0,0.9166666865348816,0.9166666865348816,0.9583333134651184,91200.0,0.9583333134651184
1993-04-01,1.0,0.9166666865348816,0.9166666865348816,0.9583333134651184,309000.0,0.9583333134651184
1993-04-02,1.0,0.9166666865348816,1.0,1.0,51600.0,1.0
1993-04-05,1.0,0.9166666865348816,1.0,0.9166666865348816,157200.0,0.9166666865348816
1993-04-06,1.0,0.9166666865348816,0.9166666865348816,0.9166666865348816,23400.0,0.9166666865348816
1993-04-07,1.0,0.9166666865348816,1.0,0.9166666865348816,95400.0,0.9166666865348816
1993-04-08,0.9583333134651184,0.875,0.875,0.875,60600.0,0.875
1993-04-12,0.9583333134651184,0.875,0.875,0.875,148200.0,0.875
1993-04-13,0.9583333134651184,0.875,0.9583333134651184,0.9166666865348816,72000.0,0.9166666865348816
1993-04-14,0.9583333134651184,0.875,0.875,0.9166666865348816,181200.0,0.9166666865348816
1993-04-15,0.9166666865348816,0.8333333134651184,0.9166666865348816,0.875,66600.0,0.875
1993-04-16,0.9166666865348816,0.8333333134651184,0.9166666865348816,0.8333333134651184,28800.0,0.8333333134651184
1993-04-19,0.9166666865348816,0.8333333134651184,0.8333333134651184,0.8333333134651184,59400.0,0.8333333134651184
1993-04-20,0.9166666865348816,0.8333333134651184,0.9166666865348816,0.9166666865348816,191400.0,0.9166666865348816
1993-04-21,0.9166666865348816,0.8333333134651184,0.9166666865348816,0.875,286200.0,0.875
1993-04-22,0.9583333134651184,0.8333333134651184,0.9166666865348816,0.875,289800.0,0.875
1993-04-23,0.9583333134651184,0.875,0.875,0.9166666865348816,85800.0,0.9166666865348816
1993-04-26,0.9166666865348816,0.8333333134651184,0.9166666865348816,0.875,74400.0,0.875
1993-04-27,0.9166666865348816,0.8333333134651184,0.875,0.9166666865348816,160200.0,0.9166666865348816
1993-04-28,0.9583333134651184,0.8333333134651184,0.875,0.9166666865348816,389400.0,0.9166666865348816
1993-04-29,0.9166666865348816,0.8333333134651184,0.9166666865348816,0.875,167400.0,0.875
1993-04-30,0.9166666865348816,0.7916666865348816,0.9166666865348816,0.7916666865348816,1254000.0,0.7916666865348816
1993-05-03,0.9166666865348816,0.7916666865348816,0.7916666865348816,0.9166666865348816,67800.0,0.9166666865348816
1993-05-04,0.9166666865348816,0.8333333134651184,0.9166666865348816,0.8333333134651184,600600.0,0.8333333134651184
1993-05-05,0.875,0.8333333134651184,0.875,0.875,231600.0,0.875
1993-05-06,0.875,0.7916666865348816,0.7916666865348816,0.875,196800.0,0.875
1993-05-07,0.9166666865348816,0.8333333134651184,0.875,0.875,833400.0,0.875
1993-05-10,1.1666666269302368,0.875,0.9583333134651184,1.0416666269302368,1291800.0,1.0416666269302368
1993-05-11,1.125,1.0,1.0416666269302368,1.0833333730697632,324000.0,1.0833333730697632
1993-05-12,1.1666666269302368,1.0416666269302368,1.0416666269302368,1.0833333730697632,168600.0,1.0833333730697632
1993-05-13,1.1666666269302368,0.9583333134651184,1.1666666269302368,1.0416666269302368,302400.0,1.0416666269302368
1993-05-14,1.125,0.9583333134651184,1.0416666269302368,1.125,194400.0,1.125
1993-05-17,1.125,1.0,1.0,1.0833333730697632,79800.0,1.0833333730697632
1993-05-18,1.0833333730697632,1.0,1.0833333730697632,1.0416666269302368,107400.0,1.0416666269302368
1993-05-19,1.0416666269302368,0.9583333134651184,0.9583333134651184,0.9583333134651184,39000.0,0.9583333134651184
1993-05-20,1.0416666269302368,0.9166666865348816,1.0416666269302368,0.9166666865348816,148800.0,0.9166666865348816
1993-05-21,1.0,0.875,0.9166666865348816,0.9166666865348816,48600.0,0.9166666865348816
1993-05-24,1.0,0.875,1.0,0.875,244800.0,0.875
1993-05-25,0.9583333134651184,0.875,0.9583333134651184,0.9583333134651184,91800.0,0.9583333134651184
1993-05-26,0.9583333134651184,0.9166666865348816,0.9583333134651184,0.9166666865348816,128400.0,0.9166666865348816
1993-05-27,0.9583333134651184,0.9166666865348816,0.9166666865348816,0.9166666865348816,69600.0,0.9166666865348816
1993-05-28,0.9583333134651184,0.9166666865348816,0.9166666865348816,0.9375,78000.0,0.9375
1993-06-01,0.9583333134651184,0.875,0.9583333134651184,0.875,473400.0,0.875
1993-06-02,0.9583333134651184,0.875,0.9583333134651184,0.875,39000.0,0.875
1993-06-03,0.9583333134651184,0.875,0.875,0.9166666865348816,113400.0,0.9166666865348816
1993-06-04,0.9583333134651184,0.9583333134651184,0.9583333134651184,0.9583333134651184,9600.0,0.9583333134651184
1993-06-07,0.9583333134651184,0.875,0.875,0.9166666865348816,158400.0,0.9166666865348816
1993-06-08,0.9583333134651184,0.875,0.875,0.9583333134651184,30000.0,0.9583333134651184
1993-06-09,0.9583333134651184,0.875,0.875,0.875,448200.0,0.875
1993-06-10,0.9583333134651184,0.875,0.875,0.875,18600.0,0.875
1993-06-11,0.9583333134651184,0.875,0.875,0.9583333134651184,69600.0,0.9583333134651184
1993-06-14,0.9583333134651184,0.875,0.9583333134651184,0.875,34800.0,0.875
1993-06-15,0.9166666865348816,0.8333333134651184,0.8854166865348816,0.875,363000.0,0.875
1993-06-16,0.875,0.7916666865348816,0.8333333134651184,0.8333333134651184,543600.0,0.8333333134651184
1993-06-17,0.9166666865348816,0.7916666865348816,0.8333333134651184,0.9166666865348816,475200.0,0.9166666865348816
1993-06-18,0.9166666865348816,0.8333333134651184,0.9166666865348816,0.875,166800.0,0.875
1993-06-21,0.9166666865348816,0.875,0.875,0.875,31800.0,0.875
1993-06-22,0.9166666865348816,0.875,0.875,0.875,33600.0,0.875
1993-06-23,0.9166666865348816,0.875,0.875,0.875,293400.0,0.875
1993-06-24,0.8958333134651184,0.8333333134651184,0.875,0.875,165000.0,0.875
1993-06-25,0.875,0.7916666865348816,0.875,0.875,459000.0,0.875
1993-06-28,0.9166666865348816,0.7916666865348816,0.875,0.8333333134651184,20400.0,0.8333333134651184
1993-06-29,0.9166666865348816,0.8333333134651184,0.9166666865348816,0.8333333134651184,769800.0,0.8333333134651184
1993-06-30,0.9166666865348816,0.7916666865348816,0.7916666865348816,0.9166666865348816,317400.0,0.9166666865348816
1993-07-01,0.9166666865348816,0.7916666865348816,0.9166666865348816,0.875,148200.0,0.875
1993-07-02,0.875,0.7916666865348816,0.8541666865348816,0.7916666865348816,7800.0,0.7916666865348816
1993-07-06,0.9166666865348816,0.7916666865348816,0.9166666865348816,0.7916666865348816,118800.0,0.7916666865348816
1993-07-07,0.9166666865348816,0.7916666865348816,0.9166666865348816,0.9166666865348816,45000.0,0.9166666865348816
1993-07-08,0.9166666865348816,0.7916666865348816,0.7916666865348816,0.875,66600.0,0.875
1993-07-09,0.9166666865348816,0.7916666865348816,0.7916666865348816,0.875,215400.0,0.875
1993-07-12,0.875,0.8125,0.8333333134651184,0.8333333134651184,217800.0,0.8333333134651184
1993-07-13,0.875,0.8125,0.875,0.8125,36000.0,0.8125
1993-07-14,0.875,0.8125,0.8541666865348816,0.8125,273000.0,0.8125
1993-07-15,0.875,0.7916666865348816,0.875,0.875,450000.0,0.875
1993-07-16,0.875,0.7916666865348816,0.8125,0.8333333134651184,68400.0,0.8333333134651184
1993-07-19,0.8333333134651184,0.7083333134651184,0.7916666865348816,0.75,474000.0,0.75
1993-07-20,0.7916666865348816,0.7083333134651184,0.7916666865348816,0.7916666865348816,298200.0,0.7916666865348816
1993-07-21,0.7916666865348816,0.7083333134651184,0.7083333134651184,0.7083333134651184,50400.0,0.7083333134651184
1993-07-22,0.7916666865348816,0.7083333134651184,0.7916666865348816,0.7083333134651184,199200.0,0.7083333134651184
1993-07-23,0.75,0.625,0.75,0.6666666865348816,789600.0,0.6666666865348816
1993-07-26,0.7916666865348816,0.6666666865348816,0.6666666865348816,0.7916666865348816,169800.0,0.7916666865348816
1993-07-27,0.7916666865348816,0.6666666865348816,0.7916666865348816,0.7916666865348816,36000.0,0.7916666865348816
1993-07-28,0.75,0.6458333134651184,0.75,0.7083333134651184,167400.0,0.7083333134651184
1993-07-29,0.7083333134651184,0.625,0.6666666865348816,0.625,139800.0,0.625
1993-07-30,0.7083333134651184,0.625,0.7083333134651184,0.625,95400.0,0.625
1993-08-02,0.7083333134651184,0.625,0.7083333134651184,0.625,8400.0,0.625
1993-08-03,0.8333333134651184,0.6666666865348816,0.75,0.7916666865348816,364200.0,0.7916666865348816
1993-08-04,1.0416666269302368,0.8333333134651184,0.875,0.9583333134651184,3704400.0,0.9583333134651184
1993-08-05,0.9583333134651184,0.875,0.9583333134651184,0.9583333134651184,1167600.0,0.9583333134651184
1993-08-06,0.9583333134651184,0.875,0.9583333134651184,0.9583333134651184,407400.0,0.9583333134651184
1993-08-09,0.9583333134651184,0.875,0.9583333134651184,0.875,139800.0,0.875
1993-08-10,0.9166666865348816,0.75,0.875,0.75,271200.0,0.75
1993-08-11,0.8333333134651184,0.75,0.8333333134651184,0.8333333134651184,37200.0,0.8333333134651184
1993-08-12,0.8333333134651184,0.7916666865348816,0.8333333134651184,0.8333333134651184,331800.0,0.8333333134651184
1993-08-13,0.875,0.75,0.75,0.75,280800.0,0.75
1993-08-16,0.8333333134651184,0.75,0.7708333134651184,0.7916666865348816,90600.0,0.7916666865348816
1993-08-17,0.875,0.7916666865348816,0.875,0.875,34200.0,0.875
1993-08-18,0.875,0.7916666865348816,0.875,0.7916666865348816,32400.0,0.7916666865348816
1993-08-19,0.875,0.7916666865348816,0.875,0.875,67200.0,0.875
1993-08-20,0.9166666865348816,0.8333333134651184,0.8333333134651184,0.8333333134651184,55200.0,0.8333333134651184
1993-08-23,0.9166666865348816,0.9166666865348816,0.9166666865348816,0.9166666865348816,10200.0,0.9166666865348816
1993-08-24,0.9166666865348816,0.8333333134651184,0.8333333134651184,0.875,69000.0,0.875
1993-08-25,0.9166666865348816,0.8333333134651184,0.9166666865348816,0.8333333134651184,26400.0,0.8333333134651184
1993-08-26,0.875,0.8333333134651184,0.8333333134651184,0.8333333134651184,66000.0,0.8333333134651184
1993-08-27,0.9166666865348816,0.7916666865348816,0.8333333134651184,0.7916666865348816,385800.0,0.7916666865348816
1993-08-30,0.875,0.75,0.7916666865348816,0.7916666865348816,106200.0,0.7916666865348816
1993-08-31,0.875,0.75,0.75,0.875,2400.0,0.875
1993-09-01,0.875,0.7916666865348816,0.8125,0.875,166800.0,0.875
1993-09-02,0.875,0.7916666865348816,0.875,0.8125,77400.0,0.8125
1993-09-03,0.875,0.7916666865348816,0.8125,0.8333333134651184,99000.0,0.8333333134651184
1993-09-07,0.869783341884613,0.75,0.7916666865348816,0.8333333134651184,112800.0,0.8333333134651184
1993-09-08,0.8333333134651184,0.75,0.8333333134651184,0.75,64800.0,0.75
1993-09-09,0.8333333134651184,0.7916666865348816,0.7916666865348816,0.7916666865348816,162600.0,0.7916666865348816
1993-09-10,0.8333333134651184,0.75,0.75,0.8333333134651184,13800.0,0.8333333134651184
1993-09-13,0.8333333134651184,0.75,0.75,0.75,3600.0,0.75
1993-09-14,0.8333333134651184,0.75,0.8333333134651184,0.75,78600.0,0.75
1993-09-15,0.8333333134651184,0.75,0.7708333134651184,0.75,95400.0,0.75
1993-09-16,0.8333333134651184,0.75,0.75,0.8333333134651184,145800.0,0.8333333134651184
1993-09-17,0.8333333134651184,0.75,0.8333333134651184,0.7916666865348816,159600.0,0.7916666865348816
1993-09-20,0.8333333134651184,0.75,0.7916666865348816,0.75,73200.0,0.75
1993-09-21,0.8333333134651184,0.7083333134651184,0.75,0.7083333134651184,47400.0,0.7083333134651184
1993-09-22,0.8333333134651184,0.7083333134651184,0.75,0.75,102600.0,0.75
1993-09-23,0.7916666865348816,0.7083333134651184,0.7916666865348816,0.7083333134651184,115800.0,0.7083333134651184
1993-09-24,0.7916666865348816,0.7083333134651184,0.7916666865348816,0.7083333134651184,89400.0,0.7083333134651184
1993-09-27,0.7291666865348816,0.6666666865348816,0.7083333134651184,0.7083333134651184,619200.0,0.7083333134651184
1993-09-28,0.8333333134651184,0.7083333134651184,0.75,0.8333333134651184,673800.0,0.8333333134651184
1993-09-29,0.875,0.8333333134651184,0.8333333134651184,0.8541666865348816,601200.0,0.8541666865348816
1993-09-30,0.875,0.8333333134651184,0.875,0.8333333134651184,385800.0,0.8333333134651184
1993-10-01,0.875,0.8333333134651184,0.8333333134651184,0.8541666865348816,151200.0,0.8541666865348816
1993-10-04,0.875,0.8333333134651184,0.8333333134651184,0.875,301800.0,0.875
1993-10-05,0.875,0.8333333134651184,0.8541666865348816,0.8333333134651184,265800.0,0.8333333134651184
1993-10-06,0.875,0.8333333134651184,0.875,0.84375,210600.0,0.84375
1993-10-07,0.875,0.8333333134651184,0.8333333134651184,0.8333333134651184,146400.0,0.8333333134651184
1993-10-08,0.9375,0.8333333134651184,0.8333333134651184,0.8958333134651184,927600.0,0.8958333134651184
1993-10-11,0.9583333134651184,0.875,0.9583333134651184,0.8958333134651184,50400.0,0.8958333134651184
1993-10-12,0.9375,0.875,0.875,0.9375,417000.0,0.9375
1993-10-13,1.0833333730697632,0.9166666865348816,0.9166666865348816,1.0208333730697632,1252800.0,1.0208333730697632
1993-10-14,1.0833333730697632,1.0,1.0625,1.0,233400.0,1.0
1993-10-15,1.0833333730697632,1.0,1.0,1.0208333730697632,460200.0,1.0208333730697632
1993-10-18,1.0625,1.0208333730697632,1.0416666269302368,1.03125,364800.0,1.03125
1993-10-19,1.0416666269302368,0.9791666865348816,1.0416666269302368,0.9791666865348816,545400.0,0.9791666865348816
1993-10-20,1.0208333730697632,0.9583333134651184,1.0208333730697632,1.0208333730697632,181800.0,1.0208333730697632
1993-10-21,1.0208333730697632,0.9375,1.0208333730697632,0.9375,601800.0,0.9375
1993-10-22,1.0,0.9375,1.0,1.0,152400.0,1.0
1993-10-25,1.0,0.9583333134651184,0.9583333134651184,0.9583333134651184,171000.0,0.9583333134651184
1993-10-26,1.0,0.9583333134651184,0.9583333134651184,0.9791666865348816,37800.0,0.9791666865348816
1993-10-27,1.0,0.9583333134651184,0.9583333134651184,1.0,48000.0,1.0
1993-10-28,1.0,0.875,0.9583333134651184,0.875,264600.0,0.875
1993-10-29,0.9375,0.875,0.875,0.9375,94200.0,0.9375
1993-11-01,0.9583333134651184,0.9166666865348816,0.9166666865348816,0.9375,84000.0,0.9375
1993-11-02,0.9583333134651184,0.9166666865348816,0.9166666865348816,0.9583333134651184,81000.0,0.9583333134651184
1993-11-03,1.0416666269302368,0.9583333134651184,1.0,1.0,1395000.0,1.0
1993-11-04,1.0208333730697632,0.9166666865348816,0.9791666865348816,0.9791666865348816,268800.0,0.9791666865348816
1993-11-05,1.0,0.9166666865348816,0.9166666865348816,0.9583333134651184,88200.0,0.9583333134651184
1993-11-08,1.0,0.9583333134651184,0.9583333134651184,0.9583333134651184,171000.0,0.9583333134651184
1993-11-09,1.0,0.9583333134651184,1.0,0.9583333134651184,58800.0,0.9583333134651184
1993-11-10,1.0,0.9375,1.0,0.9375,181800.0,0.9375
1993-11-11,1.0,0.9375,0.9375,0.9375,675000.0,0.9375
1993-11-12,0.9583333134651184,0.9375,0.9375,0.9479166865348816,19800.0,0.9479166865348816
1993-11-15,1.0,0.9375,0.9375,1.0,1267200.0,1.0
1993-11-16,1.0416666269302368,0.9583333134651184,1.0,0.9791666865348816,860400.0,0.9791666865348816
1993-11-17,1.0,0.9583333134651184,0.9791666865348816,0.9583333134651184,554400.0,0.9583333134651184
1993-11-18,0.9791666865348816,0.9166666865348816,0.9583333134651184,0.9375,426600.0,0.9375
1993-11-19,1.0,0.9166666865348816,0.9583333134651184,1.0,507000.0,1.0
1993-11-22,1.0,0.9375,1.0,0.9583333134651184,339000.0,0.9583333134651184
1993-11-23,0.9791666865348816,0.9375,0.9375,0.9375,222600.0,0.9375
1993-11-24,1.0,0.9375,0.9375,1.0,298800.0,1.0
1993-11-26,1.0,0.9583333134651184,0.9583333134651184,1.0,85800.0,1.0
1993-11-29,1.0208333730697632,0.9791666865348816,0.9791666865348816,1.0208333730697632,186600.0,1.0208333730697632
1993-11-30,1.0,0.9583333134651184,0.9791666865348816,1.0,54600.0,1.0
1993-12-01,1.0833333730697632,0.9583333134651184,0.9583333134651184,1.0208333730697632,443400.0,1.0208333730697632
1993-12-02,1.0833333730697632,1.0208333730697632,1.0208333730697632,1.0520833730697632,787800.0,1.0520833730697632
1993-12-03,1.1666666269302368,1.0416666269302368,1.0416666269302368,1.1458333730697632,843600.0,1.1458333730697632
1993-12-06,1.3333333730697632,1.1666666269302368,1.1666666269302368,1.3125,3201000.0,1.3125
1993-12-07,1.375,1.1666666269302368,1.375,1.2083333730697632,1903800.0,1.2083333730697632
1993-12-08,1.2916666269302368,1.125,1.2291666269302368,1.1666666269302368,544200.0,1.1666666269302368
1993-12-09,1.1666666269302368,1.0416666269302368,1.0833333730697632,1.1041666269302368,384600.0,1.1041666269302368
1993-12-10,1.125,1.0416666269302368,1.0833333730697632,1.125,132600.0,1.125
1993-12-13,1.0833333730697632,1.0208333730697632,1.0625,1.0208333730697632,118200.0,1.0208333730697632
1993-12-14,1.0833333730697632,0.9166666865348816,1.0833333730697632,0.9583333134651184,449400.0,0.9583333134651184
1993-12-15,1.0,0.9583333134651184,1.0,0.9791666865348816,81600.0,0.9791666865348816
1993-12-16,1.0416666269302368,0.9583333134651184,1.0416666269302368,0.9583333134651184,16200.0,0.9583333134651184
1993-12-17,1.0416666269302368,0.9583333134651184,0.9583333134651184,0.9791666865348816,132000.0,0.9791666865348816
1993-12-20,1.0416666269302368,0.9583333134651184,1.0416666269302368,0.9583333134651184,48000.0,0.9583333134651184
1993-12-21,1.0208333730697632,0.9375,1.0208333730697632,0.9583333134651184,87600.0,0.9583333134651184
1993-12-22,1.0,0.9375,0.9583333134651184,0.9583333134651184,353400.0,0.9583333134651184
1993-12-23,1.0416666269302368,0.9375,0.9375,0.9375,325800.0,0.9375
1993-12-27,1.0208333730697632,0.9375,0.9375,1.0208333730697632,55800.0,1.0208333730697632
1993-12-28,1.0208333730697632,0.9375,0.9583333134651184,1.0,89400.0,1.0
1993-12-29,1.0,0.9375,0.9375,0.9375,82200.0,0.9375
1993-12-30,1.0,0.9166666865348816,0.9375,0.9166666865348816,597000.0,0.9166666865348816
1993-12-31,0.9791666865348816,0.875,0.9375,0.9583333134651184,979200.0,0.9583333134651184
1994-01-03,0.9583333134651184,0.8958333134651184,0.9166666865348816,0.9375,61200.0,0.9375
1994-01-04,0.8958333134651184,0.8958333134651184,0.8958333134651184,0.8958333134651184,58200.0,0.8958333134651184
1994-01-05,0.9583333134651184,0.8958333134651184,0.8958333134651184,0.9583333134651184,49200.0,0.9583333134651184
1994-01-06,0.9791666865348816,0.8958333134651184,0.9583333134651184,0.9166666865348816,344400.0,0.9166666865348816
1994-01-07,1.0,0.9166666865348816,0.9791666865348816,1.0,760200.0,1.0
1994-01-10,1.0833333730697632,0.9583333134651184,1.0,1.0,1663800.0,1.0
1994-01-11,1.0416666269302368,1.0,1.0,1.0208333730697632,132600.0,1.0208333730697632
1994-01-12,1.0625,1.0,1.0625,1.0416666269302368,271800.0,1.0416666269302368
1994-01-13,1.0625,1.0,1.0625,1.0416666269302368,314400.0,1.0416666269302368
1994-01-14,1.0833333730697632,1.0104166269302368,1.0416666269302368,1.0416666269302368,1094400.0,1.0416666269302368
1994-01-17,1.0625,1.0208333730697632,1.0416666269302368,1.0416666269302368,241800.0,1.0416666269302368
1994-01-18,1.0625,1.0208333730697632,1.0625,1.0416666269302368,421800.0,1.0416666269302368
1994-01-19,1.0625,1.0208333730697632,1.0625,1.03125,131400.0,1.03125
1994-01-20,1.0416666269302368,1.0208333730697632,1.0208333730697632,1.0416666269302368,98400.0,1.0416666269302368
1994-01-21,1.0416666269302368,1.0208333730697632,1.0208333730697632,1.0416666269302368,65400.0,1.0416666269302368
1994-01-24,1.0625,1.0208333730697632,1.0208333730697632,1.0625,589200.0,1.0625
1994-01-25,1.125,1.0416666269302368,1.0625,1.0625,257400.0,1.0625
1994-01-26,1.1041666269302368,1.0416666269302368,1.0416666269302368,1.0625,222000.0,1.0625
1994-01-27,1.0625,1.0416666269302368,1.0625,1.0416666269302368,100200.0,1.0416666269302368
1994-01-28,1.0833333730697632,1.0416666269302368,1.0833333730697632,1.0416666269302368,79800.0,1.0416666269302368
1994-01-31,1.0833333730697632,1.0416666269302368,1.0416666269302368,1.0833333730697632,21600.0,1.0833333730697632
1994-02-01,1.0833333730697632,1.0416666269302368,1.0416666269302368,1.0416666269302368,83400.0,1.0416666269302368
1994-02-02,1.0416666269302368,1.0208333730697632,1.03125,1.0208333730697632,138600.0,1.0208333730697632
1994-02-03,1.0416666269302368,0.9583333134651184,1.0208333730697632,1.0208333730697632,322200.0,1.0208333730697632
1994-02-04,1.0208333730697632,0.9375,1.0208333730697632,0.9375,258600.0,0.9375
1994-02-07,0.9583333134651184,0.9166666865348816,0.9375,0.9166666865348816,165600.0,0.9166666865348816
1994-02-08,0.9375,0.8541666865348816,0.8958333134651184,0.9166666865348816,388800.0,0.9166666865348816
1994-02-09,0.9375,0.8958333134651184,0.9166666865348816,0.9166666865348816,415800.0,0.9166666865348816
1994-02-10,0.9166666865348816,0.875,0.8958333134651184,0.875,141600.0,0.875
1994-02-11,0.9375,0.875,0.875,0.9270833134651184,261600.0,0.9270833134651184
1994-02-14,1.0,0.9375,0.9375,1.0,152400.0,1.0
1994-02-15,1.0,0.9375,1.0,0.9375,331200.0,0.9375
1994-02-16,0.9791666865348816,0.9375,0.9375,0.9791666865348816,16200.0,0.9791666865348816
1994-02-17,1.0,0.9375,0.9375,0.96875,214200.0,0.96875
1994-02-18,0.9791666865348816,0.9583333134651184,0.96875,0.9583333134651184,220800.0,0.9583333134651184
1994-02-22,0.9791666865348816,0.9583333134651184,0.9583333134651184,0.9583333134651184,62400.0,0.9583333134651184
1994-02-23,0.9583333134651184,0.9166666865348816,0.9583333134651184,0.9375,222600.0,0.9375
1994-02-24,0.9583333134651184,0.8958333134651184,0.9166666865348816,0.9166666865348816,272400.0,0.9166666865348816
1994-02-25,0.90625,0.875,0.8958333134651184,0.8958333134651184,51600.0,0.8958333134651184
1994-02-28,0.875,0.875,0.875,0.875,12600.0,0.875
1994-03-01,0.9166666865348816,0.8333333134651184,0.875,0.8333333134651184,154800.0,0.8333333134651184
1994-03-02,0.875,0.7916666865348816,0.8333333134651184,0.8333333134651184,158400.0,0.8333333134651184
1994-03-03,0.8333333134651184,0.75,0.8333333134651184,0.7708333134651184,118800.0,0.7708333134651184
1994-03-04,0.8333333134651184,0.7708333134651184,0.7916666865348816,0.8125,358200.0,0.8125
1994-03-07,0.8333333134651184,0.7916666865348816,0.7916666865348816,0.7916666865348816,75600.0,0.7916666865348816
1994-03-08,0.8333333134651184,0.7916666865348816,0.7916666865348816,0.8125,75600.0,0.8125
1994-03-09,0.8125,0.7916666865348816,0.8125,0.8125,81600.0,0.8125
1994-03-10,0.8125,0.7916666865348816,0.7916666865348816,0.7916666865348816,73800.0,0.7916666865348816
1994-03-11,0.8125,0.6770833134651184,0.8125,0.7083333134651184,614400.0,0.7083333134651184
1994-03-14,0.7916666865348816,0.7291666865348816,0.7916666865348816,0.75,206400.0,0.75
1994-03-15,0.7708333134651184,0.7083333134651184,0.7708333134651184,0.7291666865348816,172200.0,0.7291666865348816
1994-03-16,0.75,0.7083333134651184,0.75,0.7291666865348816,231000.0,0.7291666865348816
1994-03-17,0.7708333134651184,0.7083333134651184,0.7291666865348816,0.75,222000.0,0.75
1994-03-18,0.75,0.7291666865348816,0.75,0.7291666865348816,95400.0,0.7291666865348816
1994-03-21,0.75,0.7291666865348816,0.7291666865348816,0.75,88200.0,0.75
1994-03-22,0.75,0.6666666865348816,0.75,0.7083333134651184,156600.0,0.7083333134651184
1994-03-23,0.7291666865348816,0.6875,0.7083333134651184,0.6875,100800.0,0.6875
1994-03-24,0.7083333134651184,0.6666666865348816,0.6875,0.6770833134651184,146400.0,0.6770833134651184
1994-03-25,0.7291666865348816,0.6666666865348816,0.7291666865348816,0.7083333134651184,16200.0,0.7083333134651184
1994-03-28,0.7083333134651184,0.6666666865348816,0.7083333134651184,0.6666666865348816,244200.0,0.6666666865348816
1994-03-29,0.7083333134651184,0.65625,0.6666666865348816,0.6666666865348816,114600.0,0.6666666865348816
1994-03-30,0.6875,0.6458333134651184,0.6875,0.6458333134651184,247800.0,0.6458333134651184
1994-03-31,0.6666666865348816,0.6458333134651184,0.6458333134651184,0.6458333134651184,106200.0,0.6458333134651184
1994-04-04,0.6666666865348816,0.625,0.6666666865348816,0.6354166865348816,205200.0,0.6354166865348816
1994-04-05,0.6875,0.6458333134651184,0.6666666865348816,0.6666666865348816,161400.0,0.6666666865348816
1994-04-06,0.7083333134651184,0.6458333134651184,0.6666666865348816,0.6458333134651184,103200.0,0.6458333134651184
1994-04-07,0.6666666865348816,0.6041666865348816,0.625,0.6458333134651184,435000.0,0.6458333134651184
1994-04-08,0.6458333134651184,0.6458333134651184,0.6458333134651184,0.6458333134651184,35400.0,0.6458333134651184
1994-04-11,0.6458333134651184,0.6041666865348816,0.6041666865348816,0.625,82200.0,0.625
1994-04-12,0.6458333134651184,0.5625,0.625,0.5833333134651184,261000.0,0.5833333134651184
1994-04-13,0.5833333134651184,0.5416666865348816,0.5625,0.5833333134651184,645600.0,0.5833333134651184
1994-04-14,0.5833333134651184,0.5416666865348816,0.5833333134651184,0.5416666865348816,93000.0,0.5416666865348816
1994-04-15,0.6145833134651184,0.5625,0.5833333134651184,0.6041666865348816,204000.0,0.6041666865348816
1994-04-18,0.625,0.5833333134651184,0.6041666865348816,0.625,68400.0,0.625
1994-04-19,0.625,0.5833333134651184,0.5833333134651184,0.5833333134651184,55800.0,0.5833333134651184
1994-04-20,0.6041666865348816,0.5625,0.6041666865348816,0.5625,177000.0,0.5625
1994-04-21,0.5833333134651184,0.5625,0.5625,0.5833333134651184,76200.0,0.5833333134651184
1994-04-22,0.5833333134651184,0.5625,0.5833333134651184,0.5625,84000.0,0.5625
1994-04-25,0.6041666865348816,0.5625,0.5833333134651184,0.5625,96600.0,0.5625
1994-04-26,0.5833333134651184,0.5625,0.5625,0.5625,10800.0,0.5625
1994-04-28,0.6041666865348816,0.5625,0.5625,0.5625,87600.0,0.5625
1994-04-29,0.6041666865348816,0.5416666865348816,0.5625,0.6041666865348816,185400.0,0.6041666865348816
1994-05-02,0.6458333134651184,0.5833333134651184,0.6041666865348816,0.6041666865348816,687000.0,0.6041666865348816
1994-05-03,0.6666666865348816,0.625,0.6458333134651184,0.6666666865348816,196200.0,0.6666666865348816
1994-05-04,0.7291666865348816,0.65625,0.6666666865348816,0.7083333134651184,807000.0,0.7083333134651184
1994-05-05,0.75,0.6875,0.75,0.6875,112200.0,0.6875
1994-05-06,0.6875,0.6458333134651184,0.6875,0.6458333134651184,70200.0,0.6458333134651184
1994-05-09,0.6666666865348816,0.6041666865348816,0.6666666865348816,0.625,67800.0,0.625
1994-05-10,0.6875,0.6458333134651184,0.6875,0.6666666865348816,63000.0,0.6666666865348816
1994-05-11,0.7083333134651184,0.6666666865348816,0.6666666865348816,0.6666666865348816,325800.0,0.6666666865348816
1994-05-12,0.7083333134651184,0.6666666865348816,0.6666666865348816,0.6875,82800.0,0.6875
1994-05-13,0.7083333134651184,0.6666666865348816,0.6666666865348816,0.7083333134651184,358200.0,0.7083333134651184
1994-05-16,0.7083333134651184,0.6666666865348816,0.7083333134651184,0.6875,132000.0,0.6875
1994-05-17,0.6875,0.6458333134651184,0.6875,0.6458333134651184,156000.0,0.6458333134651184
1994-05-18,0.6458333134651184,0.625,0.6458333134651184,0.6458333134651184,249600.0,0.6458333134651184
1994-05-19,0.6458333134651184,0.6041666865348816,0.625,0.6458333134651184,90000.0,0.6458333134651184
1994-05-20,0.6458333134651184,0.6458333134651184,0.6458333134651184,0.6458333134651184,10200.0,0.6458333134651184
1994-05-23,0.6458333134651184,0.5833333134651184,0.625,0.625,220200.0,0.625
1994-05-24,0.6458333134651184,0.625,0.625,0.625,170400.0,0.625
1994-05-25,0.6458333134651184,0.6458333134651184,0.6458333134651184,0.6458333134651184,17400.0,0.6458333134651184
1994-05-26,0.6458333134651184,0.6041666865348816,0.6041666865348816,0.6041666865348816,16200.0,0.6041666865348816
1994-05-27,0.6458333134651184,0.6041666865348816,0.6041666865348816,0.625,433200.0,0.625
1994-05-31,0.6458333134651184,0.625,0.625,0.625,24600.0,0.625
1994-06-01,0.6458333134651184,0.625,0.625,0.6458333134651184,9600.0,0.6458333134651184
1994-06-02,0.6458333134651184,0.6041666865348816,0.6458333134651184,0.6041666865348816,27000.0,0.6041666865348816
1994-06-03,0.625,0.6041666865348816,0.6041666865348816,0.6041666865348816,105000.0,0.6041666865348816
1994-06-06,0.625,0.6041666865348816,0.625,0.6041666865348816,46800.0,0.6041666865348816
1994-06-07,0.625,0.5833333134651184,0.625,0.5833333134651184,21600.0,0.5833333134651184
1994-06-08,0.625,0.5,0.625,0.5416666865348816,1035600.0,0.5416666865348816
1994-06-09,0.5625,0.5,0.5208333134651184,0.5416666865348816,620400.0,0.5416666865348816
1994-06-10,0.5208333134651184,0.5,0.5,0.5,467400.0,0.5
1994-06-13,0.5208333134651184,0.5,0.5208333134651184,0.5,458400.0,0.5
1994-06-14,0.5208333134651184,0.5,0.5,0.5208333134651184,82200.0,0.5208333134651184
1994-06-15,0.5208333134651184,0.5,0.5208333134651184,0.5208333134651184,51600.0,0.5208333134651184
1994-06-16,0.5208333134651184,0.5,0.5,0.5208333134651184,783600.0,0.5208333134651184
1994-06-17,0.5208333134651184,0.5,0.5208333134651184,0.5,116400.0,0.5
1994-06-20,0.5208333134651184,0.4791666567325592,0.5,0.4791666567325592,157800.0,0.4791666567325592
1994-06-21,0.4791666567325592,0.4166666567325592,0.4791666567325592,0.4166666567325592,282600.0,0.4166666567325592
1994-06-22,0.4791666567325592,0.4166666567325592,0.4583333432674408,0.4791666567325592,153000.0,0.4791666567325592
1994-06-23,0.4791666567325592,0.4166666567325592,0.4791666567325592,0.4375,684000.0,0.4375
1994-06-24,0.4583333432674408,0.3958333432674408,0.4583333432674408,0.4166666567325592,432600.0,0.4166666567325592
1994-06-27,0.4375,0.3958333432674408,0.4375,0.40625,517200.0,0.40625
1994-06-28,0.4166666567325592,0.3958333432674408,0.4166666567325592,0.40625,649200.0,0.40625
1994-06-29,0.4166666567325592,0.375,0.4166666567325592,0.40625,472200.0,0.40625
1994-06-30,0.4166666567325592,0.3958333432674408,0.4166666567325592,0.40625,394800.0,0.40625
1994-07-01,0.4375,0.3958333432674408,0.4166666567325592,0.4375,72600.0,0.4375
1994-07-05,0.4583333432674408,0.4375,0.4375,0.4583333432674408,163200.0,0.4583333432674408
1994-07-06,0.4791666567325592,0.4375,0.4583333432674408,0.4583333432674408,67800.0,0.4583333432674408
1994-07-07,0.5,0.4583333432674408,0.4791666567325592,0.5,89400.0,0.5
1994-07-08,0.5,0.4791666567325592,0.5,0.4791666567325592,45000.0,0.4791666567325592
1994-07-11,0.5,0.4791666567325592,0.4791666567325592,0.4791666567325592,113400.0,0.4791666567325592
1994-07-12,0.4791666567325592,0.4583333432674408,0.4791666567325592,0.46875,149400.0,0.46875
1994-07-13,0.4791666567325592,0.4479166567325592,0.4791666567325592,0.4479166567325592,45600.0,0.4479166567325592
1994-07-14,0.4583333432674408,0.4375,0.4375,0.4583333432674408,115800.0,0.4583333432674408
1994-07-15,0.4583333432674408,0.4375,0.4375,0.4375,28800.0,0.4375
1994-07-18,0.4583333432674408,0.4375,0.4583333432674408,0.4375,111000.0,0.4375
1994-07-19,0.4583333432674408,0.4375,0.4583333432674408,0.4375,27000.0,0.4375
1994-07-20,0.4583333432674408,0.4166666567325592,0.4583333432674408,0.4270833432674408,25800.0,0.4270833432674408
1994-07-21,0.4583333432674408,0.4166666567325592,0.4375,0.4583333432674408,121800.0,0.4583333432674408
1994-07-22,0.5,0.4375,0.4583333432674408,0.5,339600.0,0.5
1994-07-25,0.5,0.4583333432674408,0.4583333432674408,0.4791666567325592,313800.0,0.4791666567325592
1994-07-26,0.5,0.46875,0.5,0.4791666567325592,63600.0,0.4791666567325592
1994-07-27,0.5,0.4583333432674408,0.5,0.4791666567325592,150000.0,0.4791666567325592
1994-07-28,0.4375,0.3958333432674408,0.4166666567325592,0.3958333432674408,206400.0,0.3958333432674408
1994-07-29,0.4583333432674408,0.4166666567325592,0.4166666567325592,0.4583333432674408,115200.0,0.4583333432674408
1994-08-01,0.4583333432674408,0.4166666567325592,0.4375,0.4166666567325592,272400.0,0.4166666567325592
1994-08-02,0.4583333432674408,0.4166666567325592,0.4166666567325592,0.42186665534973145,71400.0,0.42186665534973145
1994-08-03,0.4583333432674408,0.4166666567325592,0.4375,0.4583333432674408,45600.0,0.4583333432674408
1994-08-04,0.4583333432674408,0.4166666567325592,0.4166666567325592,0.4583333432674408,32400.0,0.4583333432674408
1994-08-05,0.4583333432674408,0.4166666567325592,0.4166666567325592,0.4583333432674408,51000.0,0.4583333432674408
1994-08-08,0.4583333432674408,0.4166666567325592,0.4583333432674408,0.4166666567325592,91800.0,0.4166666567325592
1994-08-09,0.4583333432674408,0.4166666567325592,0.4583333432674408,0.4166666567325592,60000.0,0.4166666567325592
1994-08-10,0.4166666567325592,0.4166666567325592,0.4166666567325592,0.4166666567325592,25800.0,0.4166666567325592
1994-08-11,0.4583333432674408,0.4166666567325592,0.4375,0.4375,621000.0,0.4375
1994-08-12,0.4583333432674408,0.4375,0.4583333432674408,0.4479166567325592,25800.0,0.4479166567325592
1994-08-15,0.4583333432674408,0.4375,0.4375,0.4583333432674408,138600.0,0.4583333432674408
1994-08-16,0.53125,0.4375,0.4375,0.5208333134651184,552600.0,0.5208333134651184
1994-08-17,0.5208333134651184,0.5,0.5208333134651184,0.5,922200.0,0.5
1994-08-18,0.5,0.4791666567325592,0.4791666567325592,0.5,21600.0,0.5
1994-08-19,0.5,0.4791666567325592,0.4895833432674408,0.4791666567325592,429000.0,0.4791666567325592
1994-08-22,0.5208333134651184,0.4791666567325592,0.4791666567325592,0.5208333134651184,11400.0,0.5208333134651184
1994-08-23,0.5208333134651184,0.4791666567325592,0.5208333134651184,0.5,43200.0,0.5
1994-08-24,0.5,0.4583333432674408,0.4791666567325592,0.4583333432674408,168600.0,0.4583333432674408
1994-08-25,0.5,0.4583333432674408,0.4583333432674408,0.5,15000.0,0.5
1994-08-26,0.5,0.4583333432674408,0.4583333432674408,0.4583333432674408,19800.0,0.4583333432674408
1994-08-29,0.5,0.4583333432674408,0.5,0.4583333432674408,198000.0,0.4583333432674408
1994-08-30,0.5,0.4583333432674408,0.4583333432674408,0.5,390000.0,0.5
1994-08-31,0.5,0.4583333432674408,0.4583333432674408,0.4583333432674408,86400.0,0.4583333432674408
1994-09-01,0.5,0.4583333432674408,0.5,0.4583333432674408,12000.0,0.4583333432674408
1994-09-02,0.5,0.4583333432674408,0.4583333432674408,0.4583333432674408,27600.0,0.4583333432674408
1994-09-06,0.5,0.4583333432674408,0.4583333432674408,0.4791666567325592,45000.0,0.4791666567325592
1994-09-07,0.5,0.4583333432674408,0.4583333432674408,0.5,31800.0,0.5
1994-09-08,0.5,0.4583333432674408,0.4791666567325592,0.5,33600.0,0.5
1994-09-09,0.5,0.4583333432674408,0.5,0.4791666567325592,172200.0,0.4791666567325592
1994-09-12,0.5,0.4791666567325592,0.4791666567325592,0.4895833432674408,27600.0,0.4895833432674408
1994-09-13,0.5,0.4791666567325592,0.4791666567325592,0.5,55200.0,0.5
1994-09-14,0.4895833432674408,0.4791666567325592,0.4791666567325592,0.4895833432674408,51600.0,0.4895833432674408
1994-09-15,0.5,0.4791666567325592,0.5,0.4791666567325592,10200.0,0.4791666567325592
1994-09-16,0.4791666567325592,0.4791666567325592,0.4791666567325592,0.4791666567325592,61800.0,0.4791666567325592
1994-09-19,0.4791666567325592,0.4791666567325592,0.4791666567325592,0.4791666567325592,0.0,0.4791666567325592
1994-09-20,0.4791666567325592,0.4375,0.4791666567325592,0.4375,390600.0,0.4375
1994-09-21,0.4791666567325592,0.4375,0.4791666567325592,0.4375,67200.0,0.4375
1994-09-22,0.4583333432674408,0.4375,0.4375,0.4583333432674408,42000.0,0.4583333432674408
1994-09-23,0.4583333432674408,0.4166666567325592,0.4166666567325592,0.4583333432674408,13200.0,0.4583333432674408
1994-09-26,0.4583333432674408,0.4166666567325592,0.4166666567325592,0.4375,70800.0,0.4375
1994-09-27,0.4583333432674408,0.4166666567325592,0.4166666567325592,0.4166666567325592,12000.0,0.4166666567325592
1994-09-28,0.4375,0.3958333432674408,0.4375,0.4166666567325592,142200.0,0.4166666567325592
1994-09-29,0.4166666567325592,0.3958333432674408,0.4166666567325592,0.40625,33000.0,0.40625
1994-09-30,0.3958333432674408,0.3958333432674408,0.3958333432674408,0.3958333432674408,1800.0,0.3958333432674408
1994-10-03,0.4166666567325592,0.3958333432674408,0.4166666567325592,0.3958333432674408,106800.0,0.3958333432674408
1994-10-04,0.4166666567325592,0.375,0.375,0.375,91200.0,0.375
1994-10-05,0.4166666567325592,0.375,0.375,0.3854166567325592,136200.0,0.3854166567325592
1994-10-06,0.3958333432674408,0.375,0.3958333432674408,0.375,18600.0,0.375
1994-10-07,0.4166666567325592,0.375,0.375,0.3958333432674408,43200.0,0.3958333432674408
1994-10-10,0.3958333432674408,0.375,0.375,0.375,46800.0,0.375
1994-10-11,0.3958333432674408,0.375,0.375,0.3958333432674408,14400.0,0.3958333432674408
1994-10-12,0.3854166567325592,0.375,0.3854166567325592,0.375,121800.0,0.375
1994-10-13,0.4375,0.375,0.375,0.40625,841200.0,0.40625
1994-10-14,0.4375,0.3958333432674408,0.3958333432674408,0.40625,260400.0,0.40625
1994-10-17,0.4375,0.3958333432674408,0.4375,0.3958333432674408,218400.0,0.3958333432674408
1994-10-18,0.4375,0.3958333432674408,0.3958333432674408,0.3958333432674408,48000.0,0.3958333432674408
1994-10-19,0.4375,0.3958333432674408,0.3958333432674408,0.4166666567325592,106800.0,0.4166666567325592
1994-10-20,0.4166666567325592,0.3958333432674408,0.4166666567325592,0.3958333432674408,810600.0,0.3958333432674408
1994-10-21,0.4375,0.3958333432674408,0.3958333432674408,0.4166666567325592,159600.0,0.4166666567325592
1994-10-24,0.4375,0.3958333432674408,0.4375,0.4270833432674408,416400.0,0.4270833432674408
1994-10-25,0.4375,0.3958333432674408,0.4375,0.3958333432674408,403200.0,0.3958333432674408
1994-10-26,0.4375,0.3958333432674408,0.4375,0.3958333432674408,57600.0,0.3958333432674408
1994-10-27,0.4375,0.4166666567325592,0.4375,0.4375,114600.0,0.4375
1994-10-28,0.5,0.4375,0.4375,0.4895833432674408,1851000.0,0.4895833432674408
1994-10-31,0.5,0.4583333432674408,0.5,0.4791666567325592,326400.0,0.4791666567325592
1994-11-01,0.4791666567325592,0.4479166567325592,0.4583333432674408,0.4583333432674408,121800.0,0.4583333432674408
1994-11-02,0.4791666567325592,0.4375,0.4375,0.4375,76800.0,0.4375
1994-11-03,0.4791666567325592,0.4375,0.4375,0.4791666567325592,79200.0,0.4791666567325592
1994-11-04,0.4583333432674408,0.4375,0.4375,0.4375,252600.0,0.4375
1994-11-07,0.4583333432674408,0.4375,0.4375,0.4479166567325592,135000.0,0.4479166567325592
1994-11-08,0.4583333432674408,0.4375,0.4479166567325592,0.4375,42600.0,0.4375
1994-11-09,0.4583333432674408,0.4375,0.4375,0.4375,19800.0,0.4375
1994-11-10,0.4375,0.4166666567325592,0.4375,0.4166666567325592,71400.0,0.4166666567325592
1994-11-11,0.4166666567325592,0.4166666567325592,0.4166666567325592,0.4166666567325592,27000.0,0.4166666567325592
1994-11-14,0.4583333432674408,0.3958333432674408,0.4166666567325592,0.4375,176400.0,0.4375
1994-11-15,0.4375,0.3958333432674408,0.4375,0.4166666567325592,61200.0,0.4166666567325592
1994-11-16,0.4375,0.3958333432674408,0.40625,0.3958333432674408,44400.0,0.3958333432674408
1994-11-17,0.4375,0.3958333432674408,0.4375,0.4166666567325592,58800.0,0.4166666567325592
1994-11-18,0.4166666567325592,0.4166666567325592,0.4166666567325592,0.4166666567325592,6600.0,0.4166666567325592
1994-11-21,0.4375,0.4166666567325592,0.4375,0.4166666567325592,305400.0,0.4166666567325592
1994-11-22,0.4375,0.3958333432674408,0.3958333432674408,0.4166666567325592,597600.0,0.4166666567325592
1994-11-23,0.4375,0.4166666567325592,0.4166666567325592,0.4270833432674408,225600.0,0.4270833432674408
1994-11-25,0.4270833432674408,0.4270833432674408,0.4270833432674408,0.4270833432674408,0.0,0.4270833432674408
1994-11-28,0.4166666567325592,0.4166666567325592,0.4166666567325592,0.4166666567325592,16200.0,0.4166666567325592
1994-11-29,0.4375,0.4166666567325592,0.4166666567325592,0.4166666567325592,81000.0,0.4166666567325592
1994-11-30,0.4375,0.4166666567325592,0.4166666567325592,0.4166666567325592,53400.0,0.4166666567325592
1994-12-01,0.4375,0.4166666567325592,0.4166666567325592,0.4375,93600.0,0.4375
1994-12-02,0.4375,0.4166666567325592,0.4166666567325592,0.4166666567325592,92400.0,0.4166666567325592
1994-12-05,0.4375,0.4166666567325592,0.4166666567325592,0.4166666567325592,106200.0,0.4166666567325592
1994-12-06,0.4375,0.3958333432674408,0.4166666567325592,0.3958333432674408,94200.0,0.3958333432674408
1994-12-07,0.4166666567325592,0.3958333432674408,0.3958333432674408,0.4166666567325592,137400.0,0.4166666567325592
1994-12-08,0.4166666567325592,0.3958333432674408,0.3958333432674408,0.3958333432674408,259800.0,0.3958333432674408
1994-12-09,0.4166666567325592,0.375,0.3958333432674408,0.375,436800.0,0.375
1994-12-12,0.4166666567325592,0.375,0.375,0.375,51600.0,0.375
1994-12-13,0.4166666567325592,0.375,0.375,0.375,130800.0,0.375
1994-12-14,0.4166666567325592,0.3541666567325592,0.4166666567325592,0.375,232200.0,0.375
1994-12-15,0.3958333432674408,0.3541666567325592,0.3541666567325592,0.375,378600.0,0.375
1994-12-16,0.375,0.3541666567325592,0.3541666567325592,0.3541666567325592,210600.0,0.3541666567325592
1994-12-19,0.375,0.3541666567325592,0.3541666567325592,0.375,29400.0,0.375
1994-12-20,0.375,0.3541666567325592,0.3541666567325592,0.3541666567325592,124200.0,0.3541666567325592
1994-12-21,0.375,0.3541666567325592,0.375,0.3645833432674408,721200.0,0.3645833432674408
1994-12-22,0.3854166567325592,0.3541666567325592,0.3541666567325592,0.375,329400.0,0.375
1994-12-23,0.4166666567325592,0.375,0.375,0.375,86400.0,0.375
1994-12-27,0.3958333432674408,0.3541666567325592,0.375,0.3645833432674408,453000.0,0.3645833432674408
1994-12-28,0.375,0.3541666567325592,0.3541666567325592,0.3541666567325592,319200.0,0.3541666567325592
1994-12-29,0.375,0.3541666567325592,0.3541666567325592,0.3541666567325592,390600.0,0.3541666567325592
1994-12-30,0.375,0.3541666567325592,0.3541666567325592,0.3541666567325592,400200.0,0.3541666567325592
1995-01-03,0.4166666567325592,0.3541666567325592,0.3645833432674408,0.3958333432674408,319800.0,0.3958333432674408
1995-01-04,0.4166666567325592,0.3958333432674408,0.4166666567325592,0.4166666567325592,178200.0,0.4166666567325592
1995-01-05,0.4166666567325592,0.375,0.3958333432674408,0.375,193800.0,0.375
1995-01-06,0.4166666567325592,0.375,0.3958333432674408,0.4166666567325592,1041000.0,0.4166666567325592
1995-01-09,0.4166666567325592,0.3958333432674408,0.40625,0.40625,532800.0,0.40625
1995-01-10,0.4375,0.3958333432674408,0.3958333432674408,0.4166666567325592,274200.0,0.4166666567325592
1995-01-11,0.4375,0.3958333432674408,0.4166666567325592,0.4166666567325592,298200.0,0.4166666567325592
1995-01-12,0.4375,0.3958333432674408,0.3958333432674408,0.40625,52200.0,0.40625
1995-01-13,0.4375,0.3958333432674408,0.3958333432674408,0.4375,55800.0,0.4375
1995-01-16,0.4375,0.3958333432674408,0.40625,0.4375,88200.0,0.4375
1995-01-17,0.4166666567325592,0.3958333432674408,0.3958333432674408,0.3958333432674408,69600.0,0.3958333432674408
1995-01-18,0.3958333432674408,0.3958333432674408,0.3958333432674408,0.3958333432674408,33000.0,0.3958333432674408
1995-01-19,0.3958333432674408,0.375,0.375,0.3854166567325592,539400.0,0.3854166567325592
1995-01-20,0.4166666567325592,0.375,0.4166666567325592,0.4166666567325592,31200.0,0.4166666567325592
1995-01-23,0.4166666567325592,0.375,0.375,0.4166666567325592,171000.0,0.4166666567325592
1995-01-24,0.4166666567325592,0.3958333432674408,0.4166666567325592,0.4166666567325592,709200.0,0.4166666567325592
1995-01-25,0.4375,0.4166666567325592,0.4375,0.4270833432674408,1043400.0,0.4270833432674408
1995-01-26,0.4375,0.4270833432674408,0.4375,0.4270833432674408,315000.0,0.4270833432674408
1995-01-27,0.4375,0.4166666567325592,0.4166666567325592,0.4166666567325592,79800.0,0.4166666567325592
1995-01-30,0.4375,0.4166666567325592,0.4166666567325592,0.4166666567325592,1486200.0,0.4166666567325592
1995-01-31,0.4375,0.4166666567325592,0.4375,0.4270833432674408,2020200.0,0.4270833432674408
1995-02-01,0.4583333432674408,0.4166666567325592,0.4375,0.4375,833400.0,0.4375
1995-02-02,0.4791666567325592,0.4375,0.4375,0.46875,330600.0,0.46875
1995-02-03,0.4791666567325592,0.4583333432674408,0.4791666567325592,0.4583333432674408,880200.0,0.4583333432674408
1995-02-06,0.4791666567325592,0.4583333432674408,0.4583333432674408,0.4791666567325592,60000.0,0.4791666567325592
1995-02-07,0.4791666567325592,0.4583333432674408,0.4791666567325592,0.4583333432674408,189000.0,0.4583333432674408
1995-02-08,0.46875,0.4375,0.4583333432674408,0.46875,401400.0,0.46875
1995-02-09,0.4791666567325592,0.4375,0.4791666567325592,0.4375,234000.0,0.4375
1995-02-10,0.4791666567325592,0.4375,0.4791666567325592,0.4791666567325592,531600.0,0.4791666567325592
1995-02-13,0.5833333134651184,0.4791666567325592,0.5,0.5416666865348816,624000.0,0.5416666865348816
1995-02-14,0.6041666865348816,0.5416666865348816,0.5416666865348816,0.6041666865348816,627000.0,0.6041666865348816
1995-02-15,0.6875,0.5833333134651184,0.5833333134651184,0.6666666865348816,1609800.0,0.6666666865348816
1995-02-16,0.7083333134651184,0.625,0.6666666865348816,0.6875,1048200.0,0.6875
1995-02-17,0.6875,0.6458333134651184,0.6875,0.6458333134651184,345600.0,0.6458333134651184
1995-02-21,0.6875,0.625,0.6875,0.625,268800.0,0.625
1995-02-22,0.6458333134651184,0.625,0.625,0.625,121200.0,0.625
1995-02-23,0.6458333134651184,0.625,0.6458333134651184,0.625,98400.0,0.625
1995-02-24,0.6458333134651184,0.625,0.625,0.625,193800.0,0.625
1995-02-27,0.6458333134651184,0.625,0.6458333134651184,0.625,210000.0,0.625
1995-02-28,0.6458333134651184,0.625,0.6458333134651184,0.625,72000.0,0.625
1995-03-01,0.6458333134651184,0.625,0.6458333134651184,0.625,168000.0,0.625
1995-03-02,0.6458333134651184,0.625,0.625,0.625,250200.0,0.625
1995-03-03,0.7083333134651184,0.625,0.6458333134651184,0.6875,1458000.0,0.6875
1995-03-06,0.7083333134651184,0.6666666865348816,0.6875,0.6875,458400.0,0.6875
1995-03-07,0.7083333134651184,0.6770833134651184,0.7083333134651184,0.6875,369000.0,0.6875
1995-03-08,0.6979166865348816,0.6666666865348816,0.6979166865348816,0.6875,271800.0,0.6875
1995-03-09,0.6979166865348816,0.6666666865348816,0.6875,0.6666666865348816,187800.0,0.6666666865348816
1995-03-10,0.6875,0.625,0.6875,0.625,327600.0,0.625
1995-03-13,0.6458333134651184,0.5833333134651184,0.6041666865348816,0.6041666865348816,478800.0,0.6041666865348816
1995-03-14,0.625,0.5833333134651184,0.5833333134651184,0.625,87000.0,0.625
1995-03-15,0.6041666865348816,0.5625,0.6041666865348816,0.6041666865348816,115200.0,0.6041666865348816
1995-03-16,0.7708333134651184,0.5625,0.5625,0.75,1763400.0,0.75
1995-03-17,0.75,0.6458333134651184,0.7291666865348816,0.6875,1659600.0,0.6875
1995-03-20,0.6875,0.6458333134651184,0.6666666865348816,0.6666666865348816,452400.0,0.6666666865348816
1995-03-21,0.6875,0.625,0.6875,0.625,327000.0,0.625
1995-03-22,0.6875,0.625,0.625,0.6875,496200.0,0.6875
1995-03-23,0.6875,0.625,0.6458333134651184,0.6458333134651184,160800.0,0.6458333134651184
1995-03-24,0.6666666865348816,0.6458333134651184,0.65625,0.6666666865348816,425400.0,0.6666666865348816
1995-03-27,0.6666666865348816,0.625,0.6666666865348816,0.6458333134651184,63600.0,0.6458333134651184
1995-03-28,0.6666666865348816,0.625,0.6666666865348816,0.625,118200.0,0.625
1995-03-29,0.65625,0.6041666865348816,0.65625,0.65625,161400.0,0.65625
1995-03-30,0.65625,0.6041666865348816,0.6041666865348816,0.625,84000.0,0.625
1995-03-31,0.65625,0.6041666865348816,0.6041666865348816,0.625,366600.0,0.625
1995-04-03,0.65625,0.625,0.65625,0.625,84000.0,0.625
1995-04-04,0.65625,0.6041666865348816,0.625,0.6041666865348816,189600.0,0.6041666865348816
1995-04-05,0.6458333134651184,0.6041666865348816,0.6041666865348816,0.6458333134651184,1614000.0,0.6458333134651184
1995-04-06,0.6458333134651184,0.6041666865348816,0.6458333134651184,0.6354166865348816,67800.0,0.6354166865348816
1995-04-07,0.65625,0.6145833134651184,0.6354166865348816,0.6145833134651184,183600.0,0.6145833134651184
1995-04-10,0.6354166865348816,0.5833333134651184,0.6354166865348816,0.625,105000.0,0.625
1995-04-11,0.625,0.5833333134651184,0.625,0.5833333134651184,48000.0,0.5833333134651184
1995-04-12,0.6145833134651184,0.5833333134651184,0.6145833134651184,0.6041666865348816,54600.0,0.6041666865348816
1995-04-13,0.6145833134651184,0.5833333134651184,0.5833333134651184,0.5833333134651184,51000.0,0.5833333134651184
1995-04-17,0.6145833134651184,0.5833333134651184,0.6145833134651184,0.6145833134651184,49200.0,0.6145833134651184
1995-04-18,0.6666666865348816,0.6041666865348816,0.6145833134651184,0.65625,769800.0,0.65625
1995-04-19,0.6666666865348816,0.6458333134651184,0.6666666865348816,0.65625,112200.0,0.65625
1995-04-20,0.6666666865348816,0.6458333134651184,0.6458333134651184,0.6458333134651184,108600.0,0.6458333134651184
1995-04-21,0.6666666865348816,0.6458333134651184,0.6458333134651184,0.65625,87600.0,0.65625
1995-04-24,0.6875,0.6458333134651184,0.6666666865348816,0.6458333134651184,463800.0,0.6458333134651184
1995-04-25,0.6666666865348816,0.6458333134651184,0.6458333134651184,0.65625,248400.0,0.65625
1995-04-26,0.6666666865348816,0.6458333134651184,0.6666666865348816,0.6458333134651184,126600.0,0.6458333134651184
1995-04-27,0.6666666865348816,0.65625,0.6666666865348816,0.6666666865348816,208200.0,0.6666666865348816
1995-04-28,0.6875,0.6666666865348816,0.6666666865348816,0.6666666865348816,259800.0,0.6666666865348816
1995-05-01,0.6875,0.6666666865348816,0.6875,0.6770833134651184,163200.0,0.6770833134651184
1995-05-02,0.6875,0.6666666865348816,0.6875,0.6770833134651184,198600.0,0.6770833134651184
1995-05-03,0.7708333134651184,0.6875,0.6875,0.7291666865348816,856800.0,0.7291666865348816
1995-05-04,0.75,0.7083333134651184,0.7291666865348816,0.7083333134651184,97800.0,0.7083333134651184
1995-05-05,0.7291666865348816,0.7083333134651184,0.7083333134651184,0.7083333134651184,153600.0,0.7083333134651184
1995-05-08,0.7291666865348816,0.7083333134651184,0.7083333134651184,0.7083333134651184,62400.0,0.7083333134651184
1995-05-09,0.75,0.7083333134651184,0.7083333134651184,0.7291666865348816,84000.0,0.7291666865348816
1995-05-10,0.7291666865348816,0.6875,0.7291666865348816,0.7291666865348816,354600.0,0.7291666865348816
1995-05-11,0.7291666865348816,0.6875,0.7291666865348816,0.6875,216600.0,0.6875
1995-05-12,0.7291666865348816,0.6875,0.6875,0.7083333134651184,269400.0,0.7083333134651184
1995-05-15,0.7291666865348816,0.7083333134651184,0.7291666865348816,0.71875,175800.0,0.71875
1995-05-16,0.7291666865348816,0.7083333134651184,0.7083333134651184,0.7291666865348816,37800.0,0.7291666865348816
1995-05-17,0.7291666865348816,0.6875,0.7291666865348816,0.6875,123600.0,0.6875
1995-05-18,0.6666666865348816,0.6458333134651184,0.6666666865348816,0.6458333134651184,129000.0,0.6458333134651184
1995-05-19,0.6666666865348816,0.625,0.6666666865348816,0.6666666865348816,54000.0,0.6666666865348816
1995-05-22,0.7083333134651184,0.6458333134651184,0.6458333134651184,0.7083333134651184,74400.0,0.7083333134651184
1995-05-23,0.7083333134651184,0.6666666865348816,0.6666666865348816,0.7083333134651184,65400.0,0.7083333134651184
1995-05-24,0.7291666865348816,0.7083333134651184,0.7083333134651184,0.7291666865348816,99000.0,0.7291666865348816
1995-05-25,0.7291666865348816,0.6875,0.7083333134651184,0.7291666865348816,150000.0,0.7291666865348816
1995-05-26,0.7291666865348816,0.6875,0.6875,0.6875,38400.0,0.6875
1995-05-30,0.7708333134651184,0.6875,0.6875,0.75,710400.0,0.75
1995-05-31,0.7708333134651184,0.7291666865348816,0.75,0.75,208800.0,0.75
1995-06-01,0.75,0.7083333134651184,0.7291666865348816,0.7291666865348816,328200.0,0.7291666865348816
1995-06-02,0.7291666865348816,0.7083333134651184,0.7291666865348816,0.7083333134651184,114000.0,0.7083333134651184
1995-06-05,0.7291666865348816,0.7083333134651184,0.7291666865348816,0.7083333134651184,45600.0,0.7083333134651184
1995-06-06,0.7291666865348816,0.6875,0.7083333134651184,0.7291666865348816,87600.0,0.7291666865348816
1995-06-07,0.7083333134651184,0.7083333134651184,0.7083333134651184,0.7083333134651184,66000.0,0.7083333134651184
1995-06-08,0.7291666865348816,0.7083333134651184,0.7291666865348816,0.7291666865348816,52800.0,0.7291666865348816
1995-06-09,0.7291666865348816,0.6875,0.6875,0.7291666865348816,41400.0,0.7291666865348816
1995-06-12,0.7708333134651184,0.7083333134651184,0.7291666865348816,0.75,568800.0,0.75
1995-06-13,0.8333333134651184,0.75,0.75,0.8229166865348816,1203600.0,0.8229166865348816
1995-06-14,0.9375,0.8125,0.8125,0.84375,1636200.0,0.84375
1995-06-15,0.8645833134651184,0.8125,0.8333333134651184,0.8229166865348816,180000.0,0.8229166865348816
1995-06-16,0.8541666865348816,0.8125,0.8333333134651184,0.8541666865348816,329400.0,0.8541666865348816
1995-06-19,0.9375,0.8333333134651184,0.8541666865348816,0.9166666865348816,1230600.0,0.9166666865348816
1995-06-20,0.9375,0.8541666865348816,0.9375,0.8541666865348816,342600.0,0.8541666865348816
1995-06-21,0.8958333134651184,0.8333333134651184,0.8958333134651184,0.8333333134651184,165000.0,0.8333333134651184
1995-06-22,0.875,0.8125,0.8333333134651184,0.875,287400.0,0.875
1995-06-23,0.875,0.8333333134651184,0.8333333134651184,0.875,216600.0,0.875
1995-06-26,0.875,0.8333333134651184,0.8333333134651184,0.8645833134651184,174000.0,0.8645833134651184
1995-06-27,0.875,0.8541666865348816,0.875,0.8541666865348816,143400.0,0.8541666865348816
1995-06-28,0.875,0.8541666865348816,0.8541666865348816,0.875,323400.0,0.875
1995-06-29,0.875,0.8541666865348816,0.8541666865348816,0.875,85800.0,0.875
1995-06-30,0.9375,0.8541666865348816,0.8541666865348816,0.9375,942600.0,0.9375
1995-07-03,0.9375,0.875,0.9375,0.9375,33600.0,0.9375
1995-07-05,0.9375,0.875,0.875,0.9166666865348816,345000.0,0.9166666865348816
1995-07-06,1.0416666269302368,0.8958333134651184,0.8958333134651184,1.0208333730697632,2343000.0,1.0208333730697632
1995-07-07,1.0416666269302368,0.9583333134651184,1.0,0.9583333134651184,879000.0,0.9583333134651184
1995-07-10,1.0416666269302368,0.9791666865348816,0.9791666865348816,1.0,694800.0,1.0
1995-07-11,1.125,0.9791666865348816,1.0208333730697632,1.0833333730697632,1045800.0,1.0833333730697632
1995-07-12,1.125,1.0625,1.125,1.0625,624000.0,1.0625
1995-07-13,1.0833333730697632,1.0416666269302368,1.0833333730697632,1.0416666269302368,162600.0,1.0416666269302368
1995-07-14,1.0833333730697632,0.9583333134651184,1.0833333730697632,1.0208333730697632,290400.0,1.0208333730697632
1995-07-17,1.0625,1.0,1.0,1.0416666269302368,466800.0,1.0416666269302368
1995-07-18,1.0208333730697632,1.0,1.0208333730697632,1.0208333730697632,138600.0,1.0208333730697632
1995-07-19,1.0208333730697632,0.9166666865348816,0.9791666865348816,0.9791666865348816,231000.0,0.9791666865348816
1995-07-20,0.9791666865348816,0.875,0.9166666865348816,0.90625,301800.0,0.90625
1995-07-21,1.0,0.8958333134651184,0.9166666865348816,1.0,266400.0,1.0
1995-07-24,1.0520833730697632,0.9583333134651184,0.9583333134651184,1.0416666269302368,270600.0,1.0416666269302368
1995-07-25,1.0625,1.0208333730697632,1.0520833730697632,1.0416666269302368,147000.0,1.0416666269302368
1995-07-26,1.0625,0.9583333134651184,1.0208333730697632,1.0,448200.0,1.0
1995-07-27,1.1041666269302368,1.0,1.0208333730697632,1.0625,359400.0,1.0625
1995-07-28,1.09375,1.0416666269302368,1.0416666269302368,1.0625,685200.0,1.0625
1995-07-31,1.1458333730697632,1.0625,1.0833333730697632,1.125,781200.0,1.125
1995-08-01,1.1458333730697632,1.1041666269302368,1.125,1.1041666269302368,307200.0,1.1041666269302368
1995-08-02,1.125,1.0625,1.125,1.0625,258000.0,1.0625
1995-08-03,1.0625,1.0208333730697632,1.0625,1.0208333730697632,315000.0,1.0208333730697632
1995-08-04,1.0416666269302368,0.9791666865348816,1.0,1.0208333730697632,111000.0,1.0208333730697632
1995-08-07,1.0416666269302368,1.0,1.0,1.0416666269302368,37200.0,1.0416666269302368
1995-08-08,1.0833333730697632,1.0208333730697632,1.0208333730697632,1.0208333730697632,297600.0,1.0208333730697632
1995-08-09,1.0833333730697632,1.0,1.0,1.0208333730697632,106200.0,1.0208333730697632
1995-08-10,1.3125,1.0416666269302368,1.0625,1.2916666269302368,1447200.0,1.2916666269302368
1995-08-11,1.375,1.2708333730697632,1.2708333730697632,1.2708333730697632,1246200.0,1.2708333730697632
1995-08-14,1.3125,1.2291666269302368,1.3125,1.25,298200.0,1.25
1995-08-15,1.2916666269302368,1.2291666269302368,1.2291666269302368,1.2708333730697632,294600.0,1.2708333730697632
1995-08-16,1.2916666269302368,1.2291666269302368,1.2916666269302368,1.2708333730697632,348000.0,1.2708333730697632
1995-08-17,1.2916666269302368,1.2291666269302368,1.2708333730697632,1.2291666269302368,469800.0,1.2291666269302368
1995-08-18,1.2916666269302368,1.2291666269302368,1.2708333730697632,1.2708333730697632,262200.0,1.2708333730697632
1995-08-21,1.2916666269302368,1.2291666269302368,1.2916666269302368,1.2708333730697632,286200.0,1.2708333730697632
1995-08-22,1.2708333730697632,1.2291666269302368,1.2291666269302368,1.25,336000.0,1.25
1995-08-23,1.25,1.2291666269302368,1.2291666269302368,1.2291666269302368,127200.0,1.2291666269302368
1995-08-24,1.2291666269302368,1.1458333730697632,1.2083333730697632,1.1875,534000.0,1.1875
1995-08-25,1.2083333730697632,1.1458333730697632,1.1875,1.2083333730697632,288600.0,1.2083333730697632
1995-08-28,1.2291666269302368,1.1458333730697632,1.2083333730697632,1.1666666269302368,313800.0,1.1666666269302368
1995-08-29,1.1666666269302368,1.0625,1.1666666269302368,1.1041666269302368,477600.0,1.1041666269302368
1995-08-30,1.1458333730697632,1.0833333730697632,1.1041666269302368,1.1458333730697632,288000.0,1.1458333730697632
1995-08-31,1.1666666269302368,1.125,1.1458333730697632,1.1458333730697632,73200.0,1.1458333730697632
1995-09-01,1.2291666269302368,1.1458333730697632,1.1666666269302368,1.2083333730697632,308400.0,1.2083333730697632
1995-09-05,1.3541666269302368,1.2291666269302368,1.25,1.34375,1188000.0,1.34375
1995-09-06,1.375,1.2916666269302368,1.3541666269302368,1.2916666269302368,1180200.0,1.2916666269302368
1995-09-07,1.3333333730697632,1.25,1.2916666269302368,1.25,1062000.0,1.25
1995-09-08,1.2916666269302368,1.1666666269302368,1.2916666269302368,1.1875,775200.0,1.1875
1995-09-11,1.2916666269302368,1.1666666269302368,1.1875,1.28125,1003200.0,1.28125
1995-09-12,1.4166666269302368,1.2708333730697632,1.2708333730697632,1.40625,1329000.0,1.40625
1995-09-13,1.4375,1.3541666269302368,1.4375,1.3541666269302368,648000.0,1.3541666269302368
1995-09-14,1.4583333730697632,1.3541666269302368,1.375,1.4479166269302368,517200.0,1.4479166269302368
1995-09-15,1.4583333730697632,1.3958333730697632,1.4583333730697632,1.4166666269302368,759600.0,1.4166666269302368
1995-09-18,1.4375,1.3125,1.4166666269302368,1.4166666269302368,693000.0,1.4166666269302368
1995-09-19,1.4375,1.375,1.4166666269302368,1.4166666269302368,603000.0,1.4166666269302368
1995-09-20,1.4375,1.375,1.4375,1.4166666269302368,498000.0,1.4166666269302368
1995-09-21,1.4375,1.375,1.3958333730697632,1.4166666269302368,575400.0,1.4166666269302368
1995-09-22,1.4166666269302368,1.3333333730697632,1.4166666269302368,1.3541666269302368,260400.0,1.3541666269302368
1995-09-25,1.375,1.3125,1.375,1.3541666269302368,461400.0,1.3541666269302368
1995-09-26,1.3958333730697632,1.3541666269302368,1.3541666269302368,1.3958333730697632,244800.0,1.3958333730697632
1995-09-27,1.3958333730697632,1.3125,1.3541666269302368,1.3125,709200.0,1.3125
1995-09-28,1.375,1.3125,1.3125,1.3125,133800.0,1.3125
1995-09-29,1.3541666269302368,1.2916666269302368,1.3125,1.3125,413400.0,1.3125
1995-10-02,1.375,1.3125,1.3125,1.3645833730697632,396000.0,1.3645833730697632
1995-10-03,1.375,1.1875,1.3541666269302368,1.2708333730697632,766200.0,1.2708333730697632
1995-10-04,1.2916666269302368,1.25,1.2916666269302368,1.2604166269302368,301200.0,1.2604166269302368
1995-10-05,1.2708333730697632,1.2083333730697632,1.2604166269302368,1.2291666269302368,685800.0,1.2291666269302368
1995-10-06,1.2708333730697632,1.2291666269302368,1.2291666269302368,1.25,238800.0,1.25
1995-10-09,1.2291666269302368,1.1875,1.2291666269302368,1.2083333730697632,523800.0,1.2083333730697632
1995-10-10,1.25,1.1875,1.1875,1.2291666269302368,754800.0,1.2291666269302368
1995-10-11,1.375,1.2291666269302368,1.25,1.34375,551400.0,1.34375
1995-10-12,1.4166666269302368,1.3333333730697632,1.3333333730697632,1.40625,538200.0,1.40625
1995-10-13,1.5,1.4166666269302368,1.4166666269302368,1.5,727800.0,1.5
1995-10-16,1.5625,1.4583333730697632,1.4583333730697632,1.5208333730697632,717000.0,1.5208333730697632
1995-10-17,1.625,1.5,1.5625,1.5833333730697632,903000.0,1.5833333730697632
1995-10-18,1.6666666269302368,1.5833333730697632,1.5833333730697632,1.6458333730697632,1554000.0,1.6458333730697632
1995-10-19,1.6458333730697632,1.5416666269302368,1.6458333730697632,1.6041666269302368,895800.0,1.6041666269302368
1995-10-20,1.9583333730697632,1.6458333730697632,1.6666666269302368,1.7916666269302368,3990000.0,1.7916666269302368
1995-10-23,1.9583333730697632,1.75,1.75,1.7708333730697632,2222400.0,1.7708333730697632
1995-10-24,1.8125,1.7291666269302368,1.7916666269302368,1.75,940200.0,1.75
1995-10-25,1.7708333730697632,1.6666666269302368,1.7291666269302368,1.6666666269302368,1080000.0,1.6666666269302368
1995-10-26,1.6875,1.4583333730697632,1.6875,1.5208333730697632,2043000.0,1.5208333730697632
1995-10-27,1.7083333730697632,1.5,1.5,1.7083333730697632,1248000.0,1.7083333730697632
1995-10-30,1.9375,1.7291666269302368,1.75,1.8541666269302368,1848000.0,1.8541666269302368
1995-10-31,2.0625,1.8333333730697632,1.8333333730697632,1.9791666269302368,2421000.0,1.9791666269302368
1995-11-01,2.4583332538604736,2.0208332538604736,2.0625,2.4166667461395264,5065800.0,2.4166667461395264
1995-11-02,2.5833332538604736,2.1666667461395264,2.5416667461395264,2.1979167461395264,2695200.0,2.1979167461395264
1995-11-03,2.2916667461395264,2.1666667461395264,2.1666667461395264,2.2708332538604736,1192800.0,2.2708332538604736
1995-11-06,2.3333332538604736,2.2083332538604736,2.2708332538604736,2.2916667461395264,1015200.0,2.2916667461395264
1995-11-07,2.3125,2.2291667461395264,2.25,2.2708332538604736,682200.0,2.2708332538604736
1995-11-08,2.375,2.2708332538604736,2.3125,2.2916667461395264,4048800.0,2.2916667461395264
1995-11-09,2.3541667461395264,2.2916667461395264,2.2916667461395264,2.3281166553497314,1423800.0,2.3281166553497314
1995-11-10,2.3333332538604736,2.2916667461395264,2.3125,2.2916667461395264,1175400.0,2.2916667461395264
1995-11-13,2.3125,2.1875,2.2916667461395264,2.1875,338400.0,2.1875
1995-11-14,2.2291667461395264,1.9583333730697632,2.2291667461395264,2.125,1315200.0,2.125
1995-11-15,2.1041667461395264,2.0,2.1041667461395264,2.0833332538604736,1063800.0,2.0833332538604736
1995-11-16,2.1041667461395264,2.0416667461395264,2.0833332538604736,2.0625,452400.0,2.0625
1995-11-17,2.1041667461395264,2.0625,2.0625,2.0625,168000.0,2.0625
1995-11-20,2.125,2.0625,2.0625,2.125,1335600.0,2.125
1995-11-21,2.125,2.0416667461395264,2.0833332538604736,2.0416667461395264,194400.0,2.0416667461395264
1995-11-22,2.1041667461395264,2.0416667461395264,2.0416667461395264,2.0833332538604736,160200.0,2.0833332538604736
1995-11-24,2.125,2.0416667461395264,2.0416667461395264,2.125,355200.0,2.125
1995-11-27,2.375,2.1041667461395264,2.125,2.3125,1559400.0,2.3125
1995-11-28,2.4166667461395264,2.2291667461395264,2.3541667461395264,2.25,1063200.0,2.25
1995-11-29,2.3125,2.2291667461395264,2.2708332538604736,2.2291667461395264,422400.0,2.2291667461395264
1995-11-30,2.3125,2.25,2.25,2.2916667461395264,581400.0,2.2916667461395264
1995-12-01,2.3541667461395264,2.25,2.2708332538604736,2.25,381000.0,2.25
1995-12-04,2.4791667461395264,2.2291667461395264,2.25,2.3958332538604736,1535400.0,2.3958332538604736
1995-12-05,2.5,2.3541667461395264,2.3958332538604736,2.3958332538604736,1624800.0,2.3958332538604736
1995-12-06,2.4791667461395264,2.375,2.375,2.4583332538604736,778800.0,2.4583332538604736
1995-12-07,2.5625,2.4791667461395264,2.4791667461395264,2.5,1627800.0,2.5
1995-12-08,2.5208332538604736,2.4583332538604736,2.4791667461395264,2.4583332538604736,1433400.0,2.4583332538604736
1995-12-11,2.5,2.375,2.5,2.3958332538604736,866400.0,2.3958332538604736
1995-12-12,2.3958332538604736,2.3125,2.375,2.3125,462000.0,2.3125
1995-12-13,2.3958332538604736,2.3125,2.3125,2.3541667461395264,719400.0,2.3541667461395264
1995-12-14,2.3958332538604736,2.2708332538604736,2.3958332538604736,2.3125,362400.0,2.3125
1995-12-15,2.375,2.2708332538604736,2.2708332538604736,2.3125,553200.0,2.3125
1995-12-18,2.3333332538604736,2.2291667461395264,2.2916667461395264,2.3333332538604736,419400.0,2.3333332538604736
1995-12-19,2.5416667461395264,2.2916667461395264,2.2916667461395264,2.5,1193400.0,2.5
1995-12-20,2.7291667461395264,2.4583332538604736,2.4583332538604736,2.7083332538604736,2481000.0,2.7083332538604736
1995-12-21,2.9791667461395264,2.7083332538604736,2.7291667461395264,2.8958332538604736,3021000.0,2.8958332538604736
1995-12-22,3.5416667461395264,2.8854167461395264,2.9375,3.4375,7040400.0,3.4375
1995-12-26,3.9375,3.4583332538604736,3.4791667461395264,3.8541667461395264,7041000.0,3.8541667461395264
1995-12-27,3.8333332538604736,3.5416667461395264,3.8333332538604736,3.6041667461395264,2383800.0,3.6041667461395264
1995-12-28,3.5625,3.3125,3.3958332538604736,3.3125,3063600.0,3.3125
1995-12-29,3.3541667461395264,3.1875,3.3125,3.25,1121400.0,3.25
1996-01-02,3.3958332538604736,3.0416667461395264,3.1041667461395264,3.1875,1911600.0,3.1875
1996-01-03,3.4166667461395264,3.1875,3.1875,3.3958332538604736,2783400.0,3.3958332538604736
1996-01-04,3.4166667461395264,3.2083332538604736,3.375,3.2083332538604736,2769000.0,3.2083332538604736
1996-01-05,3.25,3.1666667461395264,3.2083332538604736,3.1875,721200.0,3.1875
1996-01-08,3.25,3.2083332538604736,3.25,3.2083332538604736,447600.0,3.2083332538604736
1996-01-09,3.4166667461395264,3.1666667461395264,3.2083332538604736,3.2083332538604736,1407600.0,3.2083332538604736
1996-01-10,3.2291667461395264,2.9375,3.1875,2.9583332538604736,2293800.0,2.9583332538604736
1996-01-11,3.3333332538604736,3.0,3.0208332538604736,3.2473833560943604,2542800.0,3.2473833560943604
1996-01-12,3.2708332538604736,3.0833332538604736,3.25,3.2083332538604736,1396800.0,3.2083332538604736
1996-01-15,3.3125,3.1875,3.25,3.25,645600.0,3.25
1996-01-16,3.6666667461395264,3.25,3.2916667461395264,3.6041667461395264,4023600.0,3.6041667461395264
1996-01-17,3.7083332538604736,3.4583332538604736,3.5833332538604736,3.4791667461395264,2977200.0,3.4791667461395264
1996-01-18,3.5208332538604736,3.3125,3.4791667461395264,3.3125,1839600.0,3.3125
1996-01-19,3.3541667461395264,3.1666667461395264,3.3541667461395264,3.2291667461395264,1108800.0,3.2291667461395264
1996-01-22,3.2916667461395264,3.2083332538604736,3.2291667461395264,3.2083332538604736,814800.0,3.2083332538604736
1996-01-23,3.2916667461395264,3.2083332538604736,3.25,3.2291667461395264,1581600.0,3.2291667461395264
1996-01-24,3.4166667461395264,3.2291667461395264,3.2291667461395264,3.3541667461395264,2976000.0,3.3541667461395264
1996-01-25,3.6041667461395264,3.3854167461395264,3.5,3.5,4792200.0,3.5
1996-01-26,3.5625,3.4375,3.4375,3.4375,1191000.0,3.4375
1996-01-29,3.7291667461395264,3.3541667461395264,3.5,3.7083332538604736,3195000.0,3.7083332538604736
1996-01-30,3.8541667461395264,3.5625,3.7083332538604736,3.5833332538604736,2586600.0,3.5833332538604736
1996-01-31,3.625,3.4791667461395264,3.6041667461395264,3.5833332538604736,1210800.0,3.5833332538604736
1996-02-01,3.7291667461395264,3.5,3.5416667461395264,3.7291667461395264,1618200.0,3.7291667461395264
1996-02-02,3.7291667461395264,3.625,3.6875,3.7083332538604736,946800.0,3.7083332538604736
1996-02-05,3.6458332538604736,3.5208332538604736,3.625,3.5625,598800.0,3.5625
1996-02-06,3.6041667461395264,3.4583332538604736,3.5625,3.5,703200.0,3.5
1996-02-07,3.5,3.4166667461395264,3.5,3.4583332538604736,371400.0,3.4583332538604736
1996-02-08,3.5,3.4375,3.4375,3.4791667461395264,206400.0,3.4791667461395264
1996-02-09,3.6666667461395264,3.4583332538604736,3.4583332538604736,3.5625,1167000.0,3.5625
1996-02-12,3.5833332538604736,3.4375,3.5625,3.4791667461395264,376200.0,3.4791667461395264
1996-02-13,3.5208332538604736,3.3958332538604736,3.4375,3.4583332538604736,462600.0,3.4583332538604736
1996-02-14,3.4791667461395264,3.3333332538604736,3.4375,3.3541667461395264,1093800.0,3.3541667461395264
1996-02-15,3.3541667461395264,3.25,3.3333332538604736,3.2916667461395264,1102200.0,3.2916667461395264
1996-02-16,3.5208332538604736,3.2083332538604736,3.2604167461395264,3.5,1152600.0,3.5
1996-02-20,3.4583332538604736,3.1666667461395264,3.3333332538604736,3.2083332538604736,1768800.0,3.2083332538604736
1996-02-21,3.3541667461395264,3.2291667461395264,3.25,3.2708332538604736,508800.0,3.2708332538604736
1996-02-22,3.4583332538604736,3.2708332538604736,3.2708332538604736,3.4166667461395264,1140000.0,3.4166667461395264
1996-02-23,3.5,3.3958332538604736,3.4166667461395264,3.4375,699600.0,3.4375
1996-02-26,3.5416667461395264,3.4166667461395264,3.4166667461395264,3.5,752400.0,3.5
1996-02-27,3.5208332538604736,3.4375,3.5,3.4583332538604736,250800.0,3.4583332538604736
1996-02-28,3.5625,3.4166667461395264,3.5208332538604736,3.4583332538604736,1519200.0,3.4583332538604736
1996-02-29,3.4583332538604736,3.375,3.4166667461395264,3.375,823800.0,3.375
1996-03-01,3.3958332538604736,3.25,3.3958332538604736,3.2708332538604736,789600.0,3.2708332538604736
1996-03-04,3.3125,3.2291667461395264,3.25,3.2604167461395264,640800.0,3.2604167461395264
1996-03-05,3.375,3.2083332538604736,3.2083332538604736,3.2916667461395264,703800.0,3.2916667461395264
1996-03-06,3.3125,3.1458332538604736,3.2916667461395264,3.15625,684000.0,3.15625
1996-03-07,3.2083332538604736,2.90625,3.1666667461395264,3.0208332538604736,2572200.0,3.0208332538604736
1996-03-08,3.0833332538604736,2.8125,2.875,2.8333332538604736,1744200.0,2.8333332538604736
1996-03-11,2.875,2.7083332538604736,2.8333332538604736,2.8541667461395264,1768800.0,2.8541667461395264
1996-03-12,2.8958332538604736,2.6458332538604736,2.8958332538604736,2.78125,1920000.0,2.78125
1996-03-13,3.5625,3.0,3.0416667461395264,3.5208332538604736,7495200.0,3.5208332538604736
1996-03-14,3.8125,3.5416667461395264,3.625,3.7708332538604736,4285200.0,3.7708332538604736
1996-03-15,3.8125,3.5833332538604736,3.8125,3.5833332538604736,1159800.0,3.5833332538604736
1996-03-18,3.625,3.3541667461395264,3.5625,3.40625,2268600.0,3.40625
1996-03-19,3.4791667461395264,3.2708332538604736,3.4375,3.2708332538604736,3133800.0,3.2708332538604736
1996-03-20,3.2916667461395264,3.125,3.2708332538604736,3.1875,1071600.0,3.1875
1996-03-21,3.4583332538604736,3.0625,3.1875,3.3645832538604736,1923600.0,3.3645832538604736
1996-03-22,3.5416667461395264,3.2916667461395264,3.3958332538604736,3.3541667461395264,999600.0,3.3541667461395264
1996-03-25,3.3958332538604736,3.1875,3.3958332538604736,3.2916667461395264,1258200.0,3.2916667461395264
1996-03-26,3.4791667461395264,3.2291667461395264,3.2708332538604736,3.375,1867200.0,3.375
1996-03-27,3.5208332538604736,3.3541667461395264,3.3541667461395264,3.4375,1503000.0,3.4375
1996-03-28,3.6041667461395264,3.3958332538604736,3.3958332538604736,3.5,1097400.0,3.5
1996-03-29,3.7916667461395264,3.5416667461395264,3.5833332538604736,3.7083332538604736,1304400.0,3.7083332538604736
1996-04-01,4.208333492279053,3.6875,3.7083332538604736,4.0625,4617600.0,4.0625
1996-04-02,4.208333492279053,4.0625,4.083333492279053,4.166666507720947,1968600.0,4.166666507720947
1996-04-03,4.416666507720947,4.020833492279053,4.125,4.375,2245200.0,4.375
1996-04-04,4.875,4.4375,4.5,4.5625,6280200.0,4.5625
1996-04-08,4.541666507720947,4.083333492279053,4.458333492279053,4.270833492279053,2304600.0,4.270833492279053
1996-04-09,4.416666507720947,4.291666507720947,4.333333492279053,4.354166507720947,1243200.0,4.354166507720947
1996-04-10,4.4375,4.3125,4.3125,4.354166507720947,770400.0,4.354166507720947
1996-04-11,4.375,4.229166507720947,4.333333492279053,4.3125,926400.0,4.3125
1996-04-12,4.354166507720947,4.270833492279053,4.3125,4.333333492279053,453600.0,4.333333492279053
1996-04-15,4.458333492279053,4.3125,4.354166507720947,4.333333492279053,790800.0,4.333333492279053
1996-04-16,4.375,4.1875,4.354166507720947,4.1875,528000.0,4.1875
1996-04-17,4.229166507720947,3.875,4.166666507720947,4.083333492279053,2200800.0,4.083333492279053
1996-04-18,4.322916507720947,4.083333492279053,4.083333492279053,4.270833492279053,762000.0,4.270833492279053
1996-04-19,4.541666507720947,4.270833492279053,4.270833492279053,4.333333492279053,1233000.0,4.333333492279053
1996-04-22,4.416666507720947,4.3125,4.333333492279053,4.354166507720947,555600.0,4.354166507720947
1996-04-23,4.4375,4.333333492279053,4.333333492279053,4.395833492279053,806400.0,4.395833492279053
1996-04-24,4.458333492279053,4.333333492279053,4.354166507720947,4.354166507720947,1621800.0,4.354166507720947
1996-04-25,5.0,4.354166507720947,4.354166507720947,4.979166507720947,3154200.0,4.979166507720947
1996-04-26,4.979166507720947,4.708333492279053,4.9375,4.75,1567800.0,4.75
1996-04-29,4.958333492279053,4.75,4.770833492279053,4.770833492279053,1191600.0,4.770833492279053
1996-04-30,4.854166507720947,4.770833492279053,4.8125,4.8125,504000.0,4.8125
1996-05-01,4.958333492279053,4.791666507720947,4.833333492279053,4.864583492279053,835800.0,4.864583492279053
1996-05-02,4.895833492279053,4.604166507720947,4.875,4.666666507720947,606600.0,4.666666507720947
1996-05-03,4.791666507720947,4.458333492279053,4.625,4.520833492279053,1558200.0,4.520833492279053
1996-05-06,4.645833492279053,4.458333492279053,4.479166507720947,4.583333492279053,1398600.0,4.583333492279053
1996-05-07,4.8125,4.583333492279053,4.583333492279053,4.729166507720947,1089600.0,4.729166507720947
1996-05-08,4.770833492279053,4.645833492279053,4.770833492279053,4.729166507720947,1051800.0,4.729166507720947
1996-05-09,5.0,4.708333492279053,4.729166507720947,4.895833492279053,1333200.0,4.895833492279053
1996-05-10,5.145833492279053,4.895833492279053,4.958333492279053,5.0,2406000.0,5.0
1996-05-13,5.083333492279053,4.958333492279053,5.0,5.020833492279053,1086600.0,5.020833492279053
1996-05-14,5.083333492279053,4.958333492279053,5.041666507720947,4.958333492279053,1139400.0,4.958333492279053
1996-05-15,5.041666507720947,4.854166507720947,4.958333492279053,4.854166507720947,809400.0,4.854166507720947
1996-05-16,4.979166507720947,4.791666507720947,4.854166507720947,4.958333492279053,1457400.0,4.958333492279053
1996-05-17,5.083333492279053,4.9375,4.958333492279053,5.020833492279053,1480200.0,5.020833492279053
1996-05-20,5.166666507720947,4.979166507720947,5.020833492279053,5.020833492279053,1974000.0,5.020833492279053
1996-05-21,5.4375,4.895833492279053,5.0625,4.9375,4318200.0,4.9375
1996-05-22,5.145833492279053,4.833333492279053,4.979166507720947,4.916666507720947,1846800.0,4.916666507720947
1996-05-23,4.9375,4.666666507720947,4.895833492279053,4.6875,1146600.0,4.6875
1996-05-24,4.770833492279053,4.6875,4.708333492279053,4.6875,413400.0,4.6875
1996-05-28,4.666666507720947,4.1875,4.666666507720947,4.229166507720947,2581800.0,4.229166507720947
1996-05-29,4.520833492279053,4.1875,4.208333492279053,4.3125,1311600.0,4.3125
1996-05-30,4.5,4.25,4.395833492279053,4.333333492279053,1032000.0,4.333333492279053
1996-05-31,4.354166507720947,4.25,4.354166507720947,4.291666507720947,379200.0,4.291666507720947
1996-06-03,4.291666507720947,4.145833492279053,4.291666507720947,4.1875,644400.0,4.1875
1996-06-04,4.166666507720947,4.041666507720947,4.125,4.0625,612000.0,4.0625
1996-06-05,4.291666507720947,3.9791667461395264,4.020833492279053,4.166666507720947,1639800.0,4.166666507720947
1996-06-06,4.166666507720947,4.020833492279053,4.166666507720947,4.041666507720947,1021800.0,4.041666507720947
1996-06-07,4.020833492279053,3.8125,4.0,3.9791667461395264,8018400.0,3.9791667461395264
1996-06-10,4.125,3.9791667461395264,4.0,4.0625,2058000.0,4.0625
1996-06-11,4.166666507720947,4.041666507720947,4.125,4.083333492279053,734400.0,4.083333492279053
1996-06-12,4.166666507720947,4.083333492279053,4.083333492279053,4.104166507720947,838200.0,4.104166507720947
1996-06-13,4.145833492279053,4.104166507720947,4.145833492279053,4.104166507720947,871200.0,4.104166507720947
1996-06-14,4.145833492279053,4.104166507720947,4.145833492279053,4.145833492279053,992400.0,4.145833492279053
1996-06-17,4.145833492279053,4.020833492279053,4.104166507720947,4.041666507720947,1336800.0,4.041666507720947
1996-06-18,4.104166507720947,3.9583332538604736,4.041666507720947,3.9583332538604736,1383600.0,3.9583332538604736
1996-06-19,4.0,3.5625,3.9583332538604736,3.8125,2838600.0,3.8125
1996-06-20,3.8125,3.6666667461395264,3.7708332538604736,3.75,1552800.0,3.75
1996-06-21,3.875,3.75,3.75,3.7916667461395264,492000.0,3.7916667461395264
1996-06-24,3.8958332538604736,3.7916667461395264,3.7916667461395264,3.8541667461395264,585000.0,3.8541667461395264
1996-06-25,3.9375,3.8541667461395264,3.9375,3.9166667461395264,950400.0,3.9166667461395264
1996-06-26,3.9375,3.5833332538604736,3.9375,3.5833332538604736,1533000.0,3.5833332538604736
1996-06-27,3.6458332538604736,3.5,3.5833332538604736,3.625,1107000.0,3.625
1996-06-28,4.041666507720947,3.6041667461395264,3.6041667461395264,3.8541667461395264,2315400.0,3.8541667461395264
1996-07-01,4.0625,3.8333332538604736,3.8541667461395264,3.9583332538604736,1079400.0,3.9583332538604736
1996-07-02,4.041666507720947,3.7291667461395264,4.041666507720947,3.7291667461395264,736800.0,3.7291667461395264
1996-07-03,3.8541667461395264,3.4895832538604736,3.7291667461395264,3.5625,909000.0,3.5625
1996-07-05,3.2916667461395264,3.0208332538604736,3.2916667461395264,3.0208332538604736,1419000.0,3.0208332538604736
1996-07-08,3.5208332538604736,3.0208332538604736,3.0416667461395264,3.2916667461395264,4914000.0,3.2916667461395264
1996-07-09,3.75,3.3333332538604736,3.3333332538604736,3.4791667461395264,6677400.0,3.4791667461395264
1996-07-10,3.5416667461395264,3.25,3.5416667461395264,3.2708332538604736,2471400.0,3.2708332538604736
1996-07-11,3.2708332538604736,2.7083332538604736,3.2708332538604736,3.0625,3517200.0,3.0625
1996-07-12,3.3125,2.8333332538604736,3.0416667461395264,3.1875,3036600.0,3.1875
1996-07-15,3.25,2.9791667461395264,3.25,3.0,1821000.0,3.0
1996-07-16,3.0,2.6666667461395264,3.0,2.8541667461395264,3057000.0,2.8541667461395264
1996-07-17,3.0625,2.9166667461395264,3.0,3.0625,3389400.0,3.0625
1996-07-18,3.375,3.0416667461395264,3.0416667461395264,3.1041667461395264,1971600.0,3.1041667461395264
1996-07-19,3.1041667461395264,2.9375,3.1041667461395264,3.0,913800.0,3.0
1996-07-22,2.9583332538604736,2.7916667461395264,2.9583332538604736,2.8125,713400.0,2.8125
1996-07-23,2.8541667461395264,2.4166667461395264,2.8541667461395264,2.5208332538604736,2905200.0,2.5208332538604736
1996-07-24,2.5,2.3125,2.3125,2.4375,2502600.0,2.4375
1996-07-25,2.7708332538604736,2.4791667461395264,2.5,2.6458332538604736,1480800.0,2.6458332538604736
1996-07-26,2.6875,2.5833332538604736,2.6458332538604736,2.6666667461395264,1552800.0,2.6666667461395264
1996-07-29,2.7083332538604736,2.5,2.6458332538604736,2.5625,3031200.0,2.5625
1996-07-30,2.6458332538604736,2.5625,2.5833332538604736,2.625,1571400.0,2.625
1996-07-31,2.625,2.5208332538604736,2.5833332538604736,2.5833332538604736,1035600.0,2.5833332538604736
1996-08-01,2.625,2.5208332538604736,2.5416667461395264,2.5208332538604736,1461600.0,2.5208332538604736
1996-08-02,2.9166667461395264,2.5416667461395264,2.5625,2.7708332538604736,4489200.0,2.7708332538604736
1996-08-05,3.0208332538604736,2.7916667461395264,2.7916667461395264,2.9166667461395264,1624800.0,2.9166667461395264
1996-08-06,3.0833332538604736,2.8125,2.9375,3.0208332538604736,1951200.0,3.0208332538604736
1996-08-07,3.0833332538604736,2.8958332538604736,3.0833332538604736,2.9166667461395264,540600.0,2.9166667461395264
1996-08-08,3.0,2.8333332538604736,2.9166667461395264,2.8958332538604736,456600.0,2.8958332538604736
1996-08-09,2.9375,2.8541667461395264,2.8541667461395264,2.8958332538604736,1005000.0,2.8958332538604736
1996-08-12,3.2083332538604736,2.8333332538604736,2.9166667461395264,3.1875,2594400.0,3.1875
1996-08-13,3.3333332538604736,3.0416667461395264,3.1458332538604736,3.2708332538604736,1557000.0,3.2708332538604736
1996-08-14,3.3333332538604736,3.2083332538604736,3.3333332538604736,3.2291667461395264,725400.0,3.2291667461395264
1996-08-15,3.2708332538604736,3.125,3.2708332538604736,3.1458332538604736,215400.0,3.1458332538604736
1996-08-16,3.375,3.125,3.1875,3.3125,570000.0,3.3125
1996-08-19,3.6041667461395264,3.3125,3.3125,3.5416667461395264,1358400.0,3.5416667461395264
1996-08-20,3.6666667461395264,3.5208332538604736,3.6666667461395264,3.6458332538604736,1050600.0,3.6458332538604736
1996-08-21,3.8125,3.3958332538604736,3.5833332538604736,3.7291667461395264,1509600.0,3.7291667461395264
1996-08-22,3.7291667461395264,3.5833332538604736,3.7291667461395264,3.6666667461395264,1631400.0,3.6666667461395264
1996-08-23,3.6875,3.5833332538604736,3.6875,3.6041667461395264,1159200.0,3.6041667461395264
1996-08-26,3.7083332538604736,3.6041667461395264,3.6875,3.65625,1100400.0,3.65625
1996-08-27,3.7083332538604736,3.6458332538604736,3.6458332538604736,3.6666667461395264,670200.0,3.6666667461395264
1996-08-28,4.041666507720947,3.6666667461395264,3.6666667461395264,4.0,1754400.0,4.0
1996-08-29,4.020833492279053,3.8541667461395264,4.020833492279053,3.8958332538604736,1932600.0,3.8958332538604736
1996-08-30,3.9166667461395264,3.7916667461395264,3.8958332538604736,3.8958332538604736,533400.0,3.8958332538604736
1996-09-03,3.9375,3.7916667461395264,3.7916667461395264,3.8541667461395264,1085400.0,3.8541667461395264
1996-09-04,3.875,3.8125,3.875,3.8541667461395264,751800.0,3.8541667461395264
1996-09-05,3.8541667461395264,3.8125,3.8125,3.8229167461395264,295200.0,3.8229167461395264
1996-09-06,3.8541667461395264,3.8125,3.8125,3.8333332538604736,395400.0,3.8333332538604736
1996-09-09,4.0,3.8333332538604736,3.8541667461395264,3.9791667461395264,2048400.0,3.9791667461395264
1996-09-10,4.0625,3.8541667461395264,4.020833492279053,3.8541667461395264,1472400.0,3.8541667461395264
1996-09-11,3.9895832538604736,3.8229167461395264,3.875,3.8333332538604736,870000.0,3.8333332538604736
1996-09-12,3.8541667461395264,3.8125,3.8333332538604736,3.8125,310800.0,3.8125
1996-09-13,4.4375,3.8333332538604736,3.875,4.3125,3833400.0,4.3125
1996-09-16,4.5625,4.3125,4.3125,4.395833492279053,2004000.0,4.395833492279053
1996-09-17,4.458333492279053,4.3125,4.416666507720947,4.3125,2580600.0,4.3125
1996-09-18,4.354166507720947,4.125,4.291666507720947,4.135416507720947,837600.0,4.135416507720947
1996-09-19,4.1875,4.0625,4.1875,4.125,616200.0,4.125
1996-09-20,4.229166507720947,4.020833492279053,4.09375,4.020833492279053,733800.0,4.020833492279053
1996-09-23,4.0625,3.875,4.0625,3.9375,603600.0,3.9375
1996-09-24,4.333333492279053,3.8958332538604736,3.9375,4.104166507720947,2101200.0,4.104166507720947
1996-09-25,4.229166507720947,4.083333492279053,4.145833492279053,4.166666507720947,606600.0,4.166666507720947
1996-09-26,4.5625,4.229166507720947,4.270833492279053,4.520833492279053,2393400.0,4.520833492279053
1996-09-27,4.5625,4.166666507720947,4.5625,4.197916507720947,1758600.0,4.197916507720947
1996-09-30,4.25,3.9375,4.166666507720947,4.0,921600.0,4.0
1996-10-01,4.333333492279053,3.8958332538604736,4.0,4.1875,1417800.0,4.1875
1996-10-02,4.1875,3.9375,4.1875,4.0,640200.0,4.0
1996-10-03,4.145833492279053,3.9375,3.9791667461395264,3.9583332538604736,648600.0,3.9583332538604736
1996-10-04,4.1875,3.9791667461395264,4.0,4.166666507720947,1687800.0,4.166666507720947
1996-10-07,4.1875,4.041666507720947,4.145833492279053,4.083333492279053,514800.0,4.083333492279053
1996-10-08,4.125,3.875,4.125,3.9583332538604736,658200.0,3.9583332538604736
1996-10-09,4.0,3.8541667461395264,3.9583332538604736,3.8541667461395264,751200.0,3.8541667461395264
1996-10-10,4.0625,3.8125,3.8958332538604736,3.9791667461395264,832200.0,3.9791667461395264
1996-10-11,4.208333492279053,3.9583332538604736,4.020833492279053,4.166666507720947,683400.0,4.166666507720947
1996-10-14,4.375,4.145833492279053,4.145833492279053,4.3125,1083600.0,4.3125
1996-10-15,4.395833492279053,4.083333492279053,4.354166507720947,4.104166507720947,622200.0,4.104166507720947
1996-10-16,4.125,4.020833492279053,4.083333492279053,4.041666507720947,627000.0,4.041666507720947
1996-10-17,4.208333492279053,4.083333492279053,4.104166507720947,4.083333492279053,966000.0,4.083333492279053
1996-10-18,4.166666507720947,4.0625,4.0625,4.104166507720947,1106400.0,4.104166507720947
1996-10-21,4.1875,3.625,4.145833492279053,3.7291667461395264,2534400.0,3.7291667461395264
1996-10-22,3.9583332538604736,3.75,3.75,3.7916667461395264,3188400.0,3.7916667461395264
1996-10-23,3.8958332538604736,3.75,3.8541667461395264,3.8958332538604736,1066800.0,3.8958332538604736
1996-10-24,3.9166667461395264,3.6041667461395264,3.8958332538604736,3.75,1462800.0,3.75
1996-10-25,3.7708332538604736,3.6041667461395264,3.7708332538604736,3.7083332538604736,422400.0,3.7083332538604736
1996-10-28,3.7708332538604736,3.6666667461395264,3.6666667461395264,3.6666667461395264,1224600.0,3.6666667461395264
1996-10-29,3.7083332538604736,3.5,3.7083332538604736,3.6041667461395264,832200.0,3.6041667461395264
1996-10-30,3.5833332538604736,3.3541667461395264,3.5833332538604736,3.4583332538604736,1252200.0,3.4583332538604736
1996-10-31,3.6875,3.4375,3.4375,3.6041667461395264,1395000.0,3.6041667461395264
1996-11-01,3.75,3.5625,3.6041667461395264,3.5833332538604736,919200.0,3.5833332538604736
1996-11-04,3.5833332538604736,3.2916667461395264,3.5625,3.3333332538604736,1248600.0,3.3333332538604736
1996-11-05,3.375,3.0833332538604736,3.3333332538604736,3.1458332538604736,1995000.0,3.1458332538604736
1996-11-06,3.2708332538604736,3.125,3.1458332538604736,3.1666667461395264,1599600.0,3.1666667461395264
1996-11-07,3.2291667461395264,3.125,3.1875,3.2291667461395264,1454400.0,3.2291667461395264
1996-11-08,3.2291667461395264,3.0833332538604736,3.2083332538604736,3.1041667461395264,915000.0,3.1041667461395264
1996-11-11,3.1458332538604736,3.0625,3.0833332538604736,3.1041667461395264,1505400.0,3.1041667461395264
1996-11-12,3.1458332538604736,3.0208332538604736,3.1458332538604736,3.0625,563400.0,3.0625
1996-11-13,3.4583332538604736,3.0833332538604736,3.125,3.3958332538604736,1947600.0,3.3958332538604736
1996-11-14,3.6041667461395264,3.375,3.4375,3.5,1782600.0,3.5
1996-11-15,3.5833332538604736,3.2916667461395264,3.5,3.3333332538604736,957600.0,3.3333332538604736
1996-11-18,3.375,3.2708332538604736,3.3125,3.3541667461395264,388800.0,3.3541667461395264
1996-11-19,3.5,3.2916667461395264,3.3125,3.4583332538604736,937800.0,3.4583332538604736
1996-11-20,3.4791667461395264,3.3645832538604736,3.4791667461395264,3.3854167461395264,336600.0,3.3854167461395264
1996-11-21,3.6666667461395264,3.3125,3.4166667461395264,3.6041667461395264,2499600.0,3.6041667461395264
1996-11-22,3.8333332538604736,3.625,3.6666667461395264,3.6666667461395264,862800.0,3.6666667461395264
1996-11-25,3.7083332538604736,3.625,3.7083332538604736,3.7083332538604736,239400.0,3.7083332538604736
1996-11-26,3.8541667461395264,3.7291667461395264,3.7291667461395264,3.8125,999000.0,3.8125
1996-11-27,3.9166667461395264,3.7916667461395264,3.8333332538604736,3.9166667461395264,679800.0,3.9166667461395264
1996-11-29,4.104166507720947,3.8958332538604736,3.8958332538604736,4.041666507720947,718800.0,4.041666507720947
1996-12-02,4.395833492279053,3.9375,4.0,4.09375,3834000.0,4.09375
1996-12-03,4.25,4.020833492279053,4.104166507720947,4.166666507720947,4845000.0,4.166666507720947
1996-12-04,4.208333492279053,4.0,4.166666507720947,4.052083492279053,3880200.0,4.052083492279053
1996-12-05,4.354166507720947,4.166666507720947,4.1875,4.3125,4107000.0,4.3125
1996-12-06,4.1875,4.041666507720947,4.145833492279053,4.104166507720947,1971000.0,4.104166507720947
1996-12-09,4.208333492279053,3.8541667461395264,4.208333492279053,3.9375,2660400.0,3.9375
1996-12-10,4.0625,3.6875,3.9791667461395264,3.7083332538604736,1976400.0,3.7083332538604736
1996-12-11,3.75,3.5,3.6458332538604736,3.5625,2812800.0,3.5625
1996-12-12,3.625,3.4166667461395264,3.5833332538604736,3.4166667461395264,2142000.0,3.4166667461395264
1996-12-13,3.5208332538604736,3.375,3.3958332538604736,3.5,1968600.0,3.5
1996-12-16,3.5208332538604736,3.3333332538604736,3.4791667461395264,3.375,1299000.0,3.375
1996-12-17,3.3333332538604736,3.125,3.3333332538604736,3.2708332538604736,2318400.0,3.2708332538604736
1996-12-18,3.5416667461395264,3.3333332538604736,3.375,3.4375,2811600.0,3.4375
1996-12-19,3.5833332538604736,3.4583332538604736,3.4791667461395264,3.5625,974400.0,3.5625
1996-12-20,3.75,3.5416667461395264,3.6041667461395264,3.6875,2121000.0,3.6875
1996-12-23,3.7083332538604736,3.6041667461395264,3.625,3.6458332538604736,1265400.0,3.6458332538604736
1996-12-24,3.7708332538604736,3.625,3.625,3.7083332538604736,949800.0,3.7083332538604736
1996-12-26,3.9791667461395264,3.6875,3.7708332538604736,3.9166667461395264,967800.0,3.9166667461395264
1996-12-27,4.104166507720947,3.8541667461395264,3.9166667461395264,4.104166507720947,2830800.0,4.104166507720947
1996-12-30,4.145833492279053,3.8958332538604736,4.083333492279053,3.9375,960000.0,3.9375
1996-12-31,4.0,3.8958332538604736,3.8958332538604736,3.9583332538604736,642600.0,3.9583332538604736
1997-01-02,3.9583332538604736,3.6666667461395264,3.9583332538604736,3.75,1153200.0,3.75
1997-01-03,3.7916667461395264,3.5416667461395264,3.7916667461395264,3.6041667461395264,1462200.0,3.6041667461395264
1997-01-06,3.7708332538604736,3.6041667461395264,3.6041667461395264,3.6875,1261800.0,3.6875
1997-01-07,3.7083332538604736,3.3958332538604736,3.6458332538604736,3.5,1051800.0,3.5
1997-01-08,3.6041667461395264,3.5,3.5,3.5625,550800.0,3.5625
1997-01-09,3.6458332538604736,3.5416667461395264,3.5833332538604736,3.5416667461395264,885600.0,3.5416667461395264
1997-01-10,3.5833332538604736,3.3125,3.4791667461395264,3.375,1336800.0,3.375
1997-01-13,3.5,3.3333332538604736,3.4166667461395264,3.3958332538604736,1584600.0,3.3958332538604736
1997-01-14,3.5208332538604736,3.4166667461395264,3.4375,3.5208332538604736,970200.0,3.5208332538604736
1997-01-15,3.6666667461395264,3.4791667461395264,3.5416667461395264,3.5,2116200.0,3.5
1997-01-16,3.7291667461395264,3.4791667461395264,3.5208332538604736,3.6875,2751000.0,3.6875
1997-01-17,3.7916667461395264,3.6458332538604736,3.7291667461395264,3.6458332538604736,1818600.0,3.6458332538604736
1997-01-20,3.6875,3.5,3.6875,3.5416667461395264,933000.0,3.5416667461395264
1997-01-21,3.5416667461395264,3.40625,3.5208332538604736,3.4166667461395264,481800.0,3.4166667461395264
1997-01-22,3.4791667461395264,3.375,3.4375,3.4375,674400.0,3.4375
1997-01-23,3.4791667461395264,3.3958332538604736,3.4375,3.4166667461395264,1178400.0,3.4166667461395264
1997-01-24,3.625,3.4166667461395264,3.4791667461395264,3.5625,1239600.0,3.5625
1997-01-27,3.625,3.5208332538604736,3.5208332538604736,3.625,965400.0,3.625
1997-01-28,3.7708332538604736,3.6041667461395264,3.7083332538604736,3.625,1285800.0,3.625
1997-01-29,3.625,3.5625,3.6041667461395264,3.6041667461395264,644400.0,3.6041667461395264
1997-01-30,3.6666667461395264,3.5208332538604736,3.6041667461395264,3.6041667461395264,513000.0,3.6041667461395264
1997-01-31,3.8958332538604736,3.5833332538604736,3.5833332538604736,3.875,1707600.0,3.875
1997-02-03,3.8958332538604736,3.7708332538604736,3.8958332538604736,3.8020832538604736,675600.0,3.8020832538604736
1997-02-04,3.8333332538604736,3.6875,3.8333332538604736,3.7291667461395264,484200.0,3.7291667461395264
1997-02-05,3.8125,3.6458332538604736,3.75,3.6458332538604736,1248000.0,3.6458332538604736
1997-02-06,3.6458332538604736,3.5625,3.625,3.6041667461395264,206400.0,3.6041667461395264
1997-02-07,3.7083332538604736,3.6041667461395264,3.6458332538604736,3.6458332538604736,215400.0,3.6458332538604736
1997-02-10,3.75,3.5625,3.5833332538604736,3.5833332538604736,742200.0,3.5833332538604736
1997-02-11,3.6666667461395264,3.3958332538604736,3.5833332538604736,3.5208332538604736,1457400.0,3.5208332538604736
1997-02-12,3.625,3.4791667461395264,3.5208332538604736,3.5833332538604736,1569600.0,3.5833332538604736
1997-02-13,3.7916667461395264,3.5,3.5625,3.7083332538604736,1029600.0,3.7083332538604736
1997-02-14,3.8333332538604736,3.7291667461395264,3.7916667461395264,3.7291667461395264,613200.0,3.7291667461395264
1997-02-18,3.7708332538604736,3.625,3.7708332538604736,3.7083332538604736,570600.0,3.7083332538604736
1997-02-19,3.7083332538604736,3.6666667461395264,3.6666667461395264,3.7083332538604736,205200.0,3.7083332538604736
1997-02-20,3.7291667461395264,3.625,3.6666667461395264,3.7291667461395264,1375800.0,3.7291667461395264
1997-02-21,3.875,3.7291667461395264,3.8333332538604736,3.8333332538604736,9072000.0,3.8333332538604736
1997-02-24,4.083333492279053,3.8125,3.8125,4.0625,6174000.0,4.0625
1997-02-25,4.104166507720947,4.020833492279053,4.104166507720947,4.104166507720947,2255400.0,4.104166507720947
1997-02-26,4.145833492279053,3.875,4.083333492279053,4.020833492279053,1480200.0,4.020833492279053
1997-02-27,4.041666507720947,3.9375,4.020833492279053,3.9583332538604736,723000.0,3.9583332538604736
1997-02-28,4.177083492279053,3.9583332538604736,3.9583332538604736,4.145833492279053,5118600.0,4.145833492279053
1997-03-03,4.229166507720947,3.9791667461395264,4.208333492279053,4.052083492279053,2662800.0,4.052083492279053
1997-03-04,4.166666507720947,4.0625,4.104166507720947,4.104166507720947,2274000.0,4.104166507720947
1997-03-05,4.125,4.0625,4.125,4.083333492279053,1162800.0,4.083333492279053
1997-03-06,4.145833492279053,4.0625,4.104166507720947,4.104166507720947,822600.0,4.104166507720947
1997-03-07,4.354166507720947,4.145833492279053,4.145833492279053,4.333333492279053,5986800.0,4.333333492279053
1997-03-10,4.854166507720947,4.354166507720947,4.458333492279053,4.8125,4641600.0,4.8125
1997-03-11,5.020833492279053,4.833333492279053,4.895833492279053,5.020833492279053,7672200.0,5.020833492279053
1997-03-12,5.125,4.833333492279053,5.125,4.833333492279053,3949200.0,4.833333492279053
1997-03-13,4.875,4.708333492279053,4.729166507720947,4.75,2269800.0,4.75
1997-03-14,4.875,4.625,4.8125,4.666666507720947,2041800.0,4.666666507720947
1997-03-17,4.645833492279053,4.458333492279053,4.583333492279053,4.5,2764800.0,4.5
1997-03-18,4.520833492279053,4.4375,4.520833492279053,4.520833492279053,1227000.0,4.520833492279053
1997-03-19,4.479166507720947,4.145833492279053,4.458333492279053,4.3125,1663800.0,4.3125
1997-03-20,4.354166507720947,4.1875,4.3125,4.25,2311200.0,4.25
1997-03-21,4.333333492279053,4.1875,4.333333492279053,4.302083492279053,3357600.0,4.302083492279053
1997-03-24,4.395833492279053,4.291666507720947,4.333333492279053,4.322916507720947,1110000.0,4.322916507720947
1997-03-25,4.395833492279053,4.291666507720947,4.333333492279053,4.3125,2508600.0,4.3125
1997-03-26,4.395833492279053,4.25,4.354166507720947,4.291666507720947,1005000.0,4.291666507720947
1997-03-27,4.333333492279053,4.229166507720947,4.291666507720947,4.270833492279053,385200.0,4.270833492279053
1997-03-31,4.270833492279053,3.9479167461395264,4.270833492279053,3.96875,1895400.0,3.96875
1997-04-01,4.0625,3.8125,3.9583332538604736,3.8541667461395264,1014000.0,3.8541667461395264
1997-04-02,3.8541667461395264,3.4583332538604736,3.8541667461395264,3.5208332538604736,1663200.0,3.5208332538604736
1997-04-03,3.5416667461395264,3.3125,3.5416667461395264,3.3541667461395264,1944000.0,3.3541667461395264
1997-04-04,3.625,3.2916667461395264,3.3125,3.5208332538604736,3613800.0,3.5208332538604736
1997-04-07,4.020833492279053,3.6041667461395264,3.625,3.7916667461395264,2273400.0,3.7916667461395264
1997-04-08,4.0625,3.7916667461395264,3.8333332538604736,3.9166667461395264,1007400.0,3.9166667461395264
1997-04-09,4.0,3.7708332538604736,3.9375,3.7916667461395264,575400.0,3.7916667461395264
1997-04-10,4.0,3.7708332538604736,3.7708332538604736,3.9375,537000.0,3.9375
1997-04-11,3.9583332538604736,3.4583332538604736,3.8958332538604736,3.625,3212400.0,3.625
1997-04-14,3.625,3.3333332538604736,3.625,3.3958332538604736,2145000.0,3.3958332538604736
1997-04-15,3.5,3.3333332538604736,3.3958332538604736,3.3541667461395264,1558200.0,3.3541667461395264
1997-04-16,3.3958332538604736,2.8541667461395264,3.3958332538604736,3.0,6723000.0,3.0
1997-04-17,3.1875,2.625,3.0833332538604736,2.7083332538604736,7386600.0,2.7083332538604736
1997-04-18,3.0208332538604736,2.7291667461395264,2.8333332538604736,3.0,2514600.0,3.0
1997-04-21,3.1458332538604736,2.8333332538604736,3.0625,2.9166667461395264,1271400.0,2.9166667461395264
1997-04-22,2.9166667461395264,2.75,2.9166667461395264,2.8125,1538400.0,2.8125
1997-04-23,3.0416667461395264,2.8125,2.8125,3.0,1848000.0,3.0
1997-04-24,3.0208332538604736,2.875,3.0,2.9583332538604736,795600.0,2.9583332538604736
1997-04-25,3.0208332538604736,2.9166667461395264,3.0,3.0,796200.0,3.0
1997-04-28,3.0208332538604736,2.8333332538604736,3.0208332538604736,2.8333332538604736,2071200.0,2.8333332538604736
1997-04-29,3.0,2.8541667461395264,3.0,2.875,1250400.0,2.875
1997-04-30,3.0,2.8125,2.8333332538604736,2.9583332538604736,1555200.0,2.9583332538604736
1997-05-01,3.2708332538604736,2.9583332538604736,3.0,3.1666667461395264,3477000.0,3.1666667461395264
1997-05-02,3.3333332538604736,3.1458332538604736,3.1875,3.2708332538604736,2179200.0,3.2708332538604736
1997-05-05,3.7708332538604736,3.2916667461395264,3.3333332538604736,3.75,5626800.0,3.75
1997-05-06,3.875,3.375,3.7291667461395264,3.6875,3575400.0,3.6875
1997-05-07,3.7083332538604736,3.6041667461395264,3.6875,3.6666667461395264,1006200.0,3.6666667461395264
1997-05-08,3.75,3.6041667461395264,3.6666667461395264,3.625,1544400.0,3.625
1997-05-09,3.625,3.4375,3.6041667461395264,3.5208332538604736,1270200.0,3.5208332538604736
1997-05-12,3.7083332538604736,3.5,3.5416667461395264,3.6458332538604736,1784400.0,3.6458332538604736
1997-05-13,3.6875,3.625,3.6875,3.6458332538604736,885600.0,3.6458332538604736
1997-05-14,3.7083332538604736,3.4166667461395264,3.6875,3.625,1204200.0,3.625
1997-05-15,3.7708332538604736,3.6041667461395264,3.6458332538604736,3.625,762000.0,3.625
1997-05-16,3.6875,3.6041667461395264,3.6875,3.6666667461395264,1318200.0,3.6666667461395264
1997-05-19,3.6875,3.6041667461395264,3.6666667461395264,3.6666667461395264,397200.0,3.6666667461395264
1997-05-20,3.7083332538604736,3.625,3.6875,3.6875,1156800.0,3.6875
1997-05-21,3.7916667461395264,3.6875,3.75,3.75,4320600.0,3.75
1997-05-22,3.7708332538604736,3.6666667461395264,3.7708332538604736,3.7083332538604736,1741800.0,3.7083332538604736
1997-05-23,3.7291667461395264,3.6458332538604736,3.7291667461395264,3.6458332538604736,2247600.0,3.6458332538604736
1997-05-27,3.7083332538604736,3.625,3.6666667461395264,3.6458332538604736,1723800.0,3.6458332538604736
1997-05-28,3.75,3.625,3.625,3.6875,2473200.0,3.6875
1997-05-29,3.8958332538604736,3.7083332538604736,3.7291667461395264,3.7708332538604736,2280000.0,3.7708332538604736
1997-05-30,3.7916667461395264,3.7083332538604736,3.7916667461395264,3.75,1087200.0,3.75
1997-06-02,3.8125,3.6666667461395264,3.7708332538604736,3.75,1711200.0,3.75
1997-06-03,3.7916667461395264,3.7291667461395264,3.75,3.75,511200.0,3.75
1997-06-04,4.104166507720947,3.7291667461395264,3.75,4.0625,2683800.0,4.0625
1997-06-05,4.229166507720947,3.9791667461395264,4.125,4.125,3786600.0,4.125
1997-06-06,4.333333492279053,4.104166507720947,4.166666507720947,4.291666507720947,2874000.0,4.291666507720947
1997-06-09,4.458333492279053,4.208333492279053,4.291666507720947,4.229166507720947,1495200.0,4.229166507720947
1997-06-10,4.3125,4.145833492279053,4.270833492279053,4.21875,885000.0,4.21875
1997-06-11,4.364583492279053,4.1875,4.1875,4.3125,1194600.0,4.3125
1997-06-12,4.520833492279053,4.291666507720947,4.354166507720947,4.427083492279053,3235800.0,4.427083492279053
1997-06-13,4.416666507720947,4.270833492279053,4.416666507720947,4.333333492279053,998400.0,4.333333492279053
1997-06-16,4.375,4.291666507720947,4.322916507720947,4.375,309000.0,4.375
1997-06-17,4.395833492279053,4.3125,4.364583492279053,4.3125,505800.0,4.3125
1997-06-18,4.458333492279053,4.291666507720947,4.395833492279053,4.375,1965600.0,4.375
1997-06-19,4.458333492279053,4.375,4.395833492279053,4.40625,1589400.0,4.40625
1997-06-20,4.458333492279053,4.375,4.416666507720947,4.40625,2514000.0,4.40625
1997-06-23,4.458333492279053,4.302083492279053,4.458333492279053,4.3125,838200.0,4.3125
1997-06-24,4.125,3.5,3.5416667461395264,3.875,9824400.0,3.875
1997-06-25,3.9375,3.75,3.8958332538604736,3.8125,4244400.0,3.8125
1997-06-26,4.166666507720947,3.7916667461395264,3.7916667461395264,4.145833492279053,1054200.0,4.145833492279053
1997-06-27,4.145833492279053,3.9375,4.083333492279053,3.9583332538604736,627600.0,3.9583332538604736
1997-06-30,4.1875,3.7708332538604736,4.0,4.041666507720947,1986000.0,4.041666507720947
1997-07-01,4.145833492279053,4.0,4.020833492279053,4.0,682200.0,4.0
1997-07-02,4.145833492279053,4.0,4.0,4.125,834000.0,4.125
1997-07-03,4.166666507720947,4.0625,4.166666507720947,4.104166507720947,488400.0,4.104166507720947
1997-07-07,4.21875,4.104166507720947,4.104166507720947,4.125,888000.0,4.125
1997-07-08,4.395833492279053,4.125,4.1875,4.395833492279053,1684200.0,4.395833492279053
1997-07-09,4.5,4.166666507720947,4.416666507720947,4.229166507720947,2506200.0,4.229166507720947
1997-07-10,4.3125,4.145833492279053,4.1875,4.291666507720947,697200.0,4.291666507720947
1997-07-11,4.395833492279053,4.25,4.25,4.270833492279053,661200.0,4.270833492279053
1997-07-14,4.3125,4.104166507720947,4.3125,4.291666507720947,642600.0,4.291666507720947
1997-07-15,4.291666507720947,4.145833492279053,4.270833492279053,4.270833492279053,822600.0,4.270833492279053
1997-07-16,4.4375,4.291666507720947,4.333333492279053,4.416666507720947,2497800.0,4.416666507720947
1997-07-17,4.6875,4.395833492279053,4.4375,4.666666507720947,5829000.0,4.666666507720947
1997-07-18,4.666666507720947,4.354166507720947,4.666666507720947,4.5,1960800.0,4.5
1997-07-21,4.645833492279053,4.5,4.604166507720947,4.5,1759200.0,4.5
1997-07-22,4.802083492279053,4.5,4.520833492279053,4.666666507720947,3279000.0,4.666666507720947
1997-07-23,4.854166507720947,4.666666507720947,4.75,4.791666507720947,4017000.0,4.791666507720947
1997-07-24,4.71875,4.447916507720947,4.708333492279053,4.65625,4325400.0,4.65625
1997-07-25,4.84375,4.0,4.833333492279053,4.395833492279053,7976400.0,4.395833492279053
1997-07-28,4.604166507720947,4.229166507720947,4.541666507720947,4.270833492279053,4524000.0,4.270833492279053
1997-07-29,4.5,4.208333492279053,4.291666507720947,4.5,2865000.0,4.5
1997-07-30,4.645833492279053,4.520833492279053,4.583333492279053,4.5625,3370800.0,4.5625
1997-07-31,4.625,4.541666507720947,4.604166507720947,4.541666507720947,1653000.0,4.541666507720947
1997-08-01,4.583333492279053,4.520833492279053,4.541666507720947,4.5625,666000.0,4.5625
1997-08-04,4.583333492279053,4.354166507720947,4.583333492279053,4.520833492279053,880200.0,4.520833492279053
1997-08-05,4.5625,4.479166507720947,4.541666507720947,4.520833492279053,774000.0,4.520833492279053
1997-08-06,4.520833492279053,4.479166507720947,4.5,4.5,835800.0,4.5
1997-08-07,4.5,4.333333492279053,4.479166507720947,4.385416507720947,1258800.0,4.385416507720947
1997-08-08,4.375,4.270833492279053,4.333333492279053,4.270833492279053,1387800.0,4.270833492279053
1997-08-11,4.291666507720947,4.083333492279053,4.270833492279053,4.291666507720947,1561200.0,4.291666507720947
1997-08-12,4.385416507720947,4.166666507720947,4.270833492279053,4.1875,969000.0,4.1875
1997-08-13,4.3125,4.166666507720947,4.270833492279053,4.166666507720947,1215000.0,4.166666507720947
1997-08-14,4.1875,3.9791667461395264,4.1875,4.041666507720947,1081200.0,4.041666507720947
1997-08-15,4.041666507720947,3.8958332538604736,4.041666507720947,3.8958332538604736,910200.0,3.8958332538604736
1997-08-18,4.0625,3.9166667461395264,3.9166667461395264,4.041666507720947,1020000.0,4.041666507720947
1997-08-19,4.354166507720947,4.083333492279053,4.083333492279053,4.333333492279053,1814400.0,4.333333492279053
1997-08-20,4.8125,4.291666507720947,4.375,4.791666507720947,3441600.0,4.791666507720947
1997-08-21,4.791666507720947,4.583333492279053,4.791666507720947,4.645833492279053,2794200.0,4.645833492279053
1997-08-22,4.666666507720947,4.520833492279053,4.520833492279053,4.645833492279053,1504200.0,4.645833492279053
1997-08-25,4.708333492279053,4.604166507720947,4.645833492279053,4.614583492279053,1015800.0,4.614583492279053
1997-08-26,4.645833492279053,4.5625,4.583333492279053,4.604166507720947,1359600.0,4.604166507720947
1997-08-27,4.625,4.583333492279053,4.625,4.614583492279053,685200.0,4.614583492279053
1997-08-28,4.75,4.604166507720947,4.604166507720947,4.645833492279053,1118400.0,4.645833492279053
1997-08-29,5.229166507720947,4.5,4.5,5.0625,9798000.0,5.0625
1997-09-02,5.041666507720947,4.833333492279053,5.041666507720947,4.9375,3104400.0,4.9375
1997-09-03,5.166666507720947,4.916666507720947,5.041666507720947,4.979166507720947,2128200.0,4.979166507720947
1997-09-04,5.125,4.916666507720947,4.916666507720947,5.125,2637600.0,5.125
1997-09-05,5.145833492279053,5.083333492279053,5.125,5.125,783000.0,5.125
1997-09-08,5.604166507720947,5.125,5.145833492279053,5.5,4748400.0,5.5
1997-09-09,5.625,5.354166507720947,5.625,5.520833492279053,4017600.0,5.520833492279053
1997-09-10,5.75,5.4375,5.5,5.583333492279053,1977600.0,5.583333492279053
1997-09-11,6.041666507720947,5.479166507720947,5.479166507720947,5.947916507720947,3706200.0,5.947916507720947
1997-09-12,6.15625,5.895833492279053,5.958333492279053,6.0,3870000.0,6.0
1997-09-15,6.0625,5.666666507720947,6.041666507720947,5.8125,2125200.0,5.8125
1997-09-16,6.145833492279053,5.770833492279053,5.770833492279053,5.854166507720947,2851800.0,5.854166507720947
1997-09-17,6.354166507720947,5.770833492279053,5.8125,6.270833492279053,4393800.0,6.270833492279053
1997-09-18,6.135416507720947,5.833333492279053,6.104166507720947,6.041666507720947,8704800.0,6.041666507720947
1997-09-19,6.208333492279053,5.854166507720947,6.041666507720947,6.208333492279053,3601200.0,6.208333492279053
1997-09-22,6.625,6.083333492279053,6.083333492279053,6.583333492279053,4602600.0,6.583333492279053
1997-09-23,6.708333492279053,6.520833492279053,6.604166507720947,6.583333492279053,4855800.0,6.583333492279053
1997-09-24,6.625,6.145833492279053,6.5625,6.375,2638200.0,6.375
1997-09-25,6.354166507720947,6.0,6.229166507720947,6.041666507720947,2863800.0,6.041666507720947
1997-09-26,6.125,5.916666507720947,6.083333492279053,5.979166507720947,1155600.0,5.979166507720947
1997-09-29,6.208333492279053,5.854166507720947,5.9375,6.166666507720947,4366200.0,6.166666507720947
1997-09-30,7.072916507720947,6.708333492279053,6.708333492279053,6.979166507720947,10184400.0,6.979166507720947
1997-10-01,7.041666507720947,6.916666507720947,7.0,6.9375,2146200.0,6.9375
1997-10-02,7.0,6.75,6.958333492279053,7.0,1956000.0,7.0
1997-10-03,7.166666507720947,7.0,7.020833492279053,7.145833492279053,1532400.0,7.145833492279053
1997-10-06,7.3125,7.166666507720947,7.1875,7.291666507720947,2142600.0,7.291666507720947
1997-10-07,7.6875,7.25,7.270833492279053,7.666666507720947,1869600.0,7.666666507720947
1997-10-08,7.708333492279053,7.291666507720947,7.645833492279053,7.479166507720947,1972200.0,7.479166507720947
1997-10-09,7.395833492279053,7.041666507720947,7.395833492279053,7.041666507720947,2659800.0,7.041666507720947
1997-10-10,7.3125,6.916666507720947,7.041666507720947,7.166666507720947,1860000.0,7.166666507720947
1997-10-13,7.166666507720947,6.677083492279053,7.166666507720947,6.6875,2467800.0,6.6875
1997-10-14,6.875,6.5625,6.6875,6.708333492279053,2890800.0,6.708333492279053
1997-10-15,6.833333492279053,6.520833492279053,6.604166507720947,6.645833492279053,1738800.0,6.645833492279053
1997-10-16,6.645833492279053,6.354166507720947,6.604166507720947,6.458333492279053,3094200.0,6.458333492279053
1997-10-17,6.458333492279053,6.1875,6.458333492279053,6.3125,2533200.0,6.3125
1997-10-20,6.5,5.833333492279053,6.291666507720947,6.291666507720947,4618200.0,6.291666507720947
1997-10-21,6.916666507720947,6.354166507720947,6.583333492279053,6.833333492279053,3507000.0,6.833333492279053
1997-10-22,6.854166507720947,6.333333492279053,6.854166507720947,6.416666507720947,1740600.0,6.416666507720947
1997-10-23,6.708333492279053,6.104166507720947,6.125,6.520833492279053,2324400.0,6.520833492279053
1997-10-24,6.604166507720947,6.28125,6.604166507720947,6.489583492279053,1806000.0,6.489583492279053
1997-10-27,6.5,5.833333492279053,6.375,5.916666507720947,1862400.0,5.916666507720947
1997-10-28,6.166666507720947,5.333333492279053,5.5,5.9375,3782400.0,5.9375
1997-10-29,6.5625,5.9375,5.9375,6.541666507720947,3739200.0,6.541666507720947
1997-10-30,6.5,6.166666507720947,6.229166507720947,6.333333492279053,1650600.0,6.333333492279053
1997-10-31,6.458333492279053,6.333333492279053,6.4375,6.354166507720947,720000.0,6.354166507720947
1997-11-03,6.645833492279053,6.395833492279053,6.416666507720947,6.598949909210205,1182600.0,6.598949909210205
1997-11-04,6.604166507720947,6.395833492279053,6.5625,6.5,876600.0,6.5
1997-11-05,6.791666507720947,6.291666507720947,6.520833492279053,6.458333492279053,1647600.0,6.458333492279053
1997-11-06,6.6875,6.5,6.541666507720947,6.666666507720947,1624200.0,6.666666507720947
1997-11-07,6.625,6.416666507720947,6.458333492279053,6.489583492279053,847800.0,6.489583492279053
1997-11-10,6.583333492279053,6.0,6.416666507720947,6.020833492279053,1243200.0,6.020833492279053
1997-11-11,6.1875,5.833333492279053,6.0625,5.864583492279053,2116200.0,5.864583492279053
1997-11-12,5.833333492279053,5.520833492279053,5.541666507720947,5.59375,2481000.0,5.59375
1997-11-13,5.770833492279053,5.479166507720947,5.614583492279053,5.604166507720947,1343400.0,5.604166507720947
1997-11-14,6.104166507720947,5.354166507720947,5.5625,6.010416507720947,3447600.0,6.010416507720947
1997-11-17,6.479166507720947,6.166666507720947,6.25,6.229166507720947,2310600.0,6.229166507720947
1997-11-18,6.333333492279053,6.083333492279053,6.333333492279053,6.166666507720947,366600.0,6.166666507720947
1997-11-19,6.416666507720947,6.166666507720947,6.208333492279053,6.3125,781800.0,6.3125
1997-11-20,6.479166507720947,6.333333492279053,6.458333492279053,6.479166507720947,1596600.0,6.479166507720947
1997-11-21,6.75,6.416666507720947,6.5625,6.645833492279053,1903800.0,6.645833492279053
1997-11-24,6.625,6.166666507720947,6.625,6.166666507720947,867600.0,6.166666507720947
1997-11-25,6.395833492279053,5.895833492279053,6.395833492279053,5.927083492279053,2049000.0,5.927083492279053
1997-11-26,6.291666507720947,5.59375,6.25,5.833333492279053,6313200.0,5.833333492279053
1997-11-28,5.895833492279053,5.8125,5.895833492279053,5.822916507720947,1861800.0,5.822916507720947
1997-12-01,5.895833492279053,5.6875,5.895833492279053,5.854166507720947,2507400.0,5.854166507720947
1997-12-02,5.979166507720947,5.833333492279053,5.854166507720947,5.916666507720947,3400200.0,5.916666507720947
1997-12-03,6.125,5.979166507720947,6.0,6.083333492279053,2998800.0,6.083333492279053
1997-12-04,6.270833492279053,6.0,6.208333492279053,6.083333492279053,2277000.0,6.083333492279053
1997-12-05,6.041666507720947,5.875,5.90625,6.020833492279053,2743800.0,6.020833492279053
1997-12-08,6.395833492279053,6.0,6.0625,6.229166507720947,3488400.0,6.229166507720947
1997-12-09,6.395833492279053,6.166666507720947,6.270833492279053,6.208333492279053,1577400.0,6.208333492279053
1997-12-10,6.21875,5.916666507720947,6.166666507720947,6.0,1575600.0,6.0
1997-12-11,6.020833492279053,5.625,6.020833492279053,5.666666507720947,2274000.0,5.666666507720947
1997-12-12,5.958333492279053,5.583333492279053,5.833333492279053,5.604166507720947,1593600.0,5.604166507720947
1997-12-15,5.75,5.333333492279053,5.75,5.4375,2376000.0,5.4375
1997-12-16,5.770833492279053,5.520833492279053,5.520833492279053,5.645833492279053,2212800.0,5.645833492279053
1997-12-17,5.791666507720947,5.625,5.625,5.729166507720947,2056200.0,5.729166507720947
1997-12-18,5.729166507720947,5.416666507720947,5.6875,5.416666507720947,2577600.0,5.416666507720947
1997-12-19,5.583333492279053,5.125,5.333333492279053,5.479166507720947,1971000.0,5.479166507720947
1997-12-22,5.666666507720947,5.4375,5.520833492279053,5.5625,1111800.0,5.5625
1997-12-23,5.6875,5.458333492279053,5.604166507720947,5.666666507720947,897000.0,5.666666507720947
1997-12-24,5.666666507720947,5.541666507720947,5.666666507720947,5.666666507720947,786600.0,5.666666507720947
1997-12-26,5.729166507720947,5.541666507720947,5.645833492279053,5.604166507720947,168000.0,5.604166507720947
1997-12-29,5.791666507720947,5.5625,5.5625,5.770833492279053,723600.0,5.770833492279053
1997-12-30,5.833333492279053,5.666666507720947,5.8125,5.729166507720947,1896600.0,5.729166507720947
1997-12-31,5.75,5.645833492279053,5.729166507720947,5.729166507720947,1065000.0,5.729166507720947
1998-01-02,5.75,5.5,5.729166507720947,5.645833492279053,1328400.0,5.645833492279053
1998-01-05,5.729166507720947,5.458333492279053,5.6875,5.666666507720947,753000.0,5.666666507720947
1998-01-06,5.875,5.583333492279053,5.583333492279053,5.833333492279053,1642200.0,5.833333492279053
1998-01-07,6.0,5.666666507720947,5.833333492279053,5.708333492279053,2959800.0,5.708333492279053
1998-01-08,5.979166507720947,5.75,5.854166507720947,5.875,2120400.0,5.875
1998-01-09,6.0,5.791666507720947,5.916666507720947,5.989583492279053,1521000.0,5.989583492279053
1998-01-12,6.0,5.75,5.916666507720947,5.833333492279053,1665600.0,5.833333492279053
1998-01-13,6.270833492279053,5.833333492279053,5.833333492279053,6.229166507720947,3450600.0,6.229166507720947
1998-01-14,6.5,6.083333492279053,6.09375,6.5,5809200.0,6.5
1998-01-15,6.708333492279053,6.458333492279053,6.5,6.541666507720947,2763000.0,6.541666507720947
1998-01-16,6.666666507720947,6.229166507720947,6.666666507720947,6.458333492279053,969600.0,6.458333492279053
1998-01-20,7.208333492279053,6.479166507720947,6.520833492279053,7.208333492279053,6522600.0,7.208333492279053
1998-01-21,7.208333492279053,6.916666507720947,7.125,7.0625,2749200.0,7.0625
1998-01-22,7.083333492279053,6.9375,6.958333492279053,7.0,1041000.0,7.0
1998-01-23,7.0625,6.916666507720947,7.0625,7.0,2783400.0,7.0
1998-01-26,7.0,6.833333492279053,7.0,6.833333492279053,655200.0,6.833333492279053
1998-01-27,7.0,6.666666507720947,6.833333492279053,6.927083492279053,1043400.0,6.927083492279053
1998-01-28,7.145833492279053,6.885416507720947,6.989583492279053,7.125,1122600.0,7.125
1998-01-29,7.375,6.9375,7.083333492279053,7.145833492279053,1966200.0,7.145833492279053
1998-01-30,7.104166507720947,6.854166507720947,7.03125,6.958333492279053,2370600.0,6.958333492279053
1998-02-02,7.416666507720947,7.041666507720947,7.041666507720947,7.1875,3129000.0,7.1875
1998-02-03,7.270833492279053,7.0,7.166666507720947,7.083333492279053,922200.0,7.083333492279053
1998-02-04,7.229166507720947,6.958333492279053,7.145833492279053,7.083333492279053,1193400.0,7.083333492279053
1998-02-05,7.416666507720947,6.75,7.166666507720947,6.916666507720947,3072000.0,6.916666507720947
1998-02-06,7.0,6.760416507720947,6.895833492279053,6.958333492279053,2085000.0,6.958333492279053
1998-02-09,7.3125,6.875,6.875,7.229166507720947,2728800.0,7.229166507720947
1998-02-10,7.395833492279053,7.125,7.25,7.3125,2327400.0,7.3125
1998-02-11,7.3125,7.041666507720947,7.3125,7.083333492279053,2601600.0,7.083333492279053
1998-02-12,7.166666507720947,6.875,7.166666507720947,7.083333492279053,1593000.0,7.083333492279053
1998-02-13,7.4375,6.958333492279053,6.979166507720947,7.291666507720947,1675800.0,7.291666507720947
1998-02-17,7.541666507720947,7.145833492279053,7.333333492279053,7.25,1928400.0,7.25
1998-02-18,7.520833492279053,7.208333492279053,7.25,7.479166507720947,1461000.0,7.479166507720947
1998-02-19,7.520833492279053,7.375,7.46875,7.479166507720947,1935600.0,7.479166507720947
1998-02-20,7.479166507720947,7.229166507720947,7.395833492279053,7.416666507720947,897000.0,7.416666507720947
1998-02-23,7.458333492279053,7.125,7.354166507720947,7.25,881400.0,7.25
1998-02-24,7.270833492279053,6.75,7.166666507720947,6.96875,8014200.0,6.96875
1998-02-25,7.25,6.958333492279053,7.0,7.25,1308000.0,7.25
1998-02-26,7.333333492279053,7.125,7.208333492279053,7.333333492279053,953400.0,7.333333492279053
1998-02-27,7.770833492279053,7.4375,7.458333492279053,7.5625,2977200.0,7.5625
1998-03-02,7.895833492279053,7.125,7.625,7.166666507720947,7044600.0,7.166666507720947
1998-03-03,7.208333492279053,6.708333492279053,7.1875,6.854166507720947,7417200.0,6.854166507720947
1998-03-04,7.020833492279053,6.5,6.875,6.541666507720947,4150200.0,6.541666507720947
1998-03-05,6.958333492279053,6.729166507720947,6.770833492279053,6.875,3588000.0,6.875
1998-03-06,7.208333492279053,7.0,7.0,7.208333492279053,2011200.0,7.208333492279053
1998-03-09,7.5,6.916666507720947,7.354166507720947,7.0,2431200.0,7.0
1998-03-10,7.354166507720947,7.020833492279053,7.020833492279053,7.333333492279053,1425000.0,7.333333492279053
1998-03-11,7.5625,7.260416507720947,7.375,7.479166507720947,2331600.0,7.479166507720947
1998-03-12,7.625,7.291666507720947,7.520833492279053,7.572916507720947,2396400.0,7.572916507720947
1998-03-13,7.666666507720947,7.385416507720947,7.645833492279053,7.541666507720947,1677600.0,7.541666507720947
1998-03-16,7.6875,7.375,7.6875,7.416666507720947,1035600.0,7.416666507720947
1998-03-17,7.625,7.333333492279053,7.458333492279053,7.53125,1691400.0,7.53125
1998-03-18,7.583333492279053,7.5,7.520833492279053,7.583333492279053,639000.0,7.583333492279053
1998-03-19,7.625,7.479166507720947,7.479166507720947,7.583333492279053,686400.0,7.583333492279053
1998-03-20,7.604166507720947,7.479166507720947,7.479166507720947,7.583333492279053,715800.0,7.583333492279053
1998-03-23,7.791666507720947,7.489583492279053,7.604166507720947,7.5625,2710200.0,7.5625
1998-03-24,7.666666507720947,7.375,7.479166507720947,7.520833492279053,1986600.0,7.520833492279053
1998-03-25,7.5625,7.333333492279053,7.5625,7.4375,613200.0,7.4375
1998-03-26,7.5,7.333333492279053,7.4375,7.40625,433800.0,7.40625
1998-03-27,7.479166507720947,7.25,7.40625,7.28125,774000.0,7.28125
1998-03-30,7.270833492279053,7.041666507720947,7.229166507720947,7.166666507720947,1900200.0,7.166666507720947
1998-03-31,7.4375,7.125,7.260416507720947,7.375,2029800.0,7.375
1998-04-01,7.5,7.322916507720947,7.40625,7.4375,1346400.0,7.4375
1998-04-02,7.541666507720947,7.458333492279053,7.458333492279053,7.520833492279053,1428600.0,7.520833492279053
1998-04-03,7.583333492279053,7.104166507720947,7.5,7.166666507720947,1794600.0,7.166666507720947
1998-04-06,7.177083492279053,7.020833492279053,7.177083492279053,7.041666507720947,1037400.0,7.041666507720947
1998-04-07,7.166666507720947,6.875,7.020833492279053,6.958333492279053,737400.0,6.958333492279053
1998-04-08,6.979166507720947,6.791666507720947,6.895833492279053,6.833333492279053,3070800.0,6.833333492279053
1998-04-09,7.020833492279053,6.791666507720947,6.854166507720947,6.989583492279053,2486400.0,6.989583492279053
1998-04-13,7.0,6.770833492279053,6.958333492279053,6.822916507720947,1527000.0,6.822916507720947
1998-04-14,7.104166507720947,6.4375,7.0,6.479166507720947,8859000.0,6.479166507720947
1998-04-15,6.604166507720947,6.125,6.583333492279053,6.1875,7000200.0,6.1875
1998-04-16,6.583333492279053,6.0,6.145833492279053,6.520833492279053,4105800.0,6.520833492279053
1998-04-17,6.645833492279053,6.395833492279053,6.5625,6.583333492279053,2257800.0,6.583333492279053
1998-04-20,6.791666507720947,6.083333492279053,6.510416507720947,6.125,5827200.0,6.125
1998-04-21,6.25,5.96875,6.25,6.020833492279053,4123200.0,6.020833492279053
1998-04-22,6.083333492279053,5.833333492279053,6.041666507720947,5.979166507720947,2993400.0,5.979166507720947
1998-04-23,6.083333492279053,5.770833492279053,6.041666507720947,5.833333492279053,2587800.0,5.833333492279053
1998-04-24,5.854166507720947,5.5625,5.833333492279053,5.645833492279053,2745600.0,5.645833492279053
1998-04-27,5.625,5.25,5.5625,5.4375,3229200.0,5.4375
1998-04-28,5.8125,5.458333492279053,5.5,5.520833492279053,2937600.0,5.520833492279053
1998-04-29,5.791666507720947,5.583333492279053,5.666666507720947,5.791666507720947,3153600.0,5.791666507720947
1998-04-30,6.041666507720947,5.833333492279053,5.916666507720947,6.0,3118800.0,6.0
1998-05-01,6.125,5.979166507720947,6.041666507720947,6.0625,816600.0,6.0625
1998-05-04,6.083333492279053,5.833333492279053,6.083333492279053,5.958333492279053,1470000.0,5.958333492279053
1998-05-05,6.020833492279053,5.895833492279053,6.020833492279053,5.895833492279053,1924800.0,5.895833492279053
1998-05-06,6.010416507720947,5.9375,5.979166507720947,5.947916507720947,1725600.0,5.947916507720947
1998-05-07,5.958333492279053,5.666666507720947,5.9375,5.677083492279053,1961400.0,5.677083492279053
1998-05-08,5.8125,5.666666507720947,5.666666507720947,5.8125,2740200.0,5.8125
1998-05-11,5.802083492279053,5.583333492279053,5.802083492279053,5.583333492279053,1401600.0,5.583333492279053
1998-05-12,5.8125,5.4375,5.5625,5.8125,2410200.0,5.8125
1998-05-13,6.166666507720947,5.854166507720947,5.875,6.0,2801400.0,6.0
1998-05-14,6.270833492279053,5.854166507720947,6.0,6.1875,2257800.0,6.1875
1998-05-15,6.208333492279053,6.020833492279053,6.208333492279053,6.041666507720947,1338600.0,6.041666507720947
1998-05-18,6.3125,5.729166507720947,6.0625,5.791666507720947,5482800.0,5.791666507720947
1998-05-19,5.875,5.520833492279053,5.8125,5.635416507720947,3615600.0,5.635416507720947
1998-05-20,5.666666507720947,5.479166507720947,5.645833492279053,5.572916507720947,2040000.0,5.572916507720947
1998-05-21,5.645833492279053,5.0,5.5625,5.25,9592200.0,5.25
1998-05-22,5.458333492279053,5.208333492279053,5.291666507720947,5.333333492279053,3157800.0,5.333333492279053
1998-05-26,5.708333492279053,5.375,5.6875,5.416666507720947,2610600.0,5.416666507720947
1998-05-27,5.333333492279053,5.041666507720947,5.229166507720947,5.291666507720947,2715000.0,5.291666507720947
1998-05-28,5.6875,5.3125,5.3125,5.583333492279053,2038800.0,5.583333492279053
1998-05-29,5.666666507720947,5.229166507720947,5.625,5.25,2238000.0,5.25
1998-06-01,5.270833492279053,5.083333492279053,5.25,5.145833492279053,1387200.0,5.145833492279053
1998-06-02,5.208333492279053,5.0625,5.145833492279053,5.104166507720947,1206000.0,5.104166507720947
1998-06-03,5.395833492279053,5.052083492279053,5.333333492279053,5.104166507720947,1156800.0,5.104166507720947
1998-06-04,5.270833492279053,5.0625,5.072916507720947,5.229166507720947,779400.0,5.229166507720947
1998-06-05,5.208333492279053,4.5,5.208333492279053,4.541666507720947,8658000.0,4.541666507720947
1998-06-08,4.916666507720947,4.541666507720947,4.625,4.729166507720947,5403600.0,4.729166507720947
1998-06-09,4.729166507720947,4.645833492279053,4.708333492279053,4.708333492279053,1392600.0,4.708333492279053
1998-06-10,4.8125,4.6875,4.708333492279053,4.75,2773800.0,4.75
1998-06-11,4.8125,4.645833492279053,4.75,4.6875,3079200.0,4.6875
1998-06-12,4.8125,4.604166507720947,4.75,4.6875,1503600.0,4.6875
1998-06-15,4.822916507720947,4.541666507720947,4.666666507720947,4.583333492279053,865800.0,4.583333492279053
1998-06-16,4.729166507720947,4.541666507720947,4.635416507720947,4.729166507720947,1617000.0,4.729166507720947
1998-06-17,4.729166507720947,4.541666507720947,4.708333492279053,4.541666507720947,3196800.0,4.541666507720947
1998-06-18,4.5625,4.270833492279053,4.5625,4.375,3015000.0,4.375
1998-06-19,4.395833492279053,4.239583492279053,4.375,4.270833492279053,1736400.0,4.270833492279053
1998-06-22,4.3125,4.083333492279053,4.3125,4.1875,2005200.0,4.1875
1998-06-23,4.3125,4.1875,4.270833492279053,4.208333492279053,1773000.0,4.208333492279053
1998-06-24,4.458333492279053,4.1875,4.25,4.458333492279053,1272600.0,4.458333492279053
1998-06-25,4.604166507720947,4.354166507720947,4.46875,4.427083492279053,2439600.0,4.427083492279053
1998-06-26,4.4375,4.197916507720947,4.375,4.291666507720947,1156800.0,4.291666507720947
1998-06-29,4.375,4.125,4.229166507720947,4.25,1510800.0,4.25
1998-06-30,4.270833492279053,3.7708332538604736,4.208333492279053,3.9270832538604736,4008600.0,3.9270832538604736
1998-07-01,4.0625,3.9270832538604736,3.9583332538604736,3.9791667461395264,1295400.0,3.9791667461395264
1998-07-02,4.083333492279053,3.8125,4.083333492279053,3.8229167461395264,1758600.0,3.8229167461395264
1998-07-06,3.9270832538604736,3.8125,3.9166667461395264,3.9270832538604736,1033200.0,3.9270832538604736
1998-07-07,3.9583332538604736,3.75,3.9375,3.8125,1876200.0,3.8125
1998-07-08,3.7916667461395264,3.6458332538604736,3.75,3.7604167461395264,3182400.0,3.7604167461395264
1998-07-09,3.8958332538604736,3.7604167461395264,3.7708332538604736,3.8541667461395264,3853800.0,3.8541667461395264
1998-07-10,3.9375,3.75,3.8958332538604736,3.8541667461395264,1591200.0,3.8541667461395264
1998-07-13,3.9583332538604736,3.75,3.8125,3.8333332538604736,2679600.0,3.8333332538604736
1998-07-14,4.708333492279053,3.9166667461395264,3.9166667461395264,4.4375,15552600.0,4.4375
1998-07-15,4.5,4.375,4.447916507720947,4.4375,4277400.0,4.4375
1998-07-16,4.4375,4.041666507720947,4.4375,4.260416507720947,2566200.0,4.260416507720947
1998-07-17,4.5625,4.208333492279053,4.28125,4.541666507720947,3616200.0,4.541666507720947
1998-07-20,4.666666507720947,4.1875,4.5625,4.354166507720947,2998200.0,4.354166507720947
1998-07-21,4.583333492279053,4.395833492279053,4.458333492279053,4.458333492279053,3103800.0,4.458333492279053
1998-07-22,4.458333492279053,4.291666507720947,4.4375,4.364583492279053,1818600.0,4.364583492279053
1998-07-23,4.458333492279053,4.197916507720947,4.416666507720947,4.21875,1725600.0,4.21875
1998-07-24,4.25,4.0,4.25,4.104166507720947,1727400.0,4.104166507720947
1998-07-27,4.104166507720947,3.7604167461395264,4.083333492279053,3.9166667461395264,2392800.0,3.9166667461395264
1998-07-28,3.9270832538604736,3.7708332538604736,3.9166667461395264,3.90625,2767200.0,3.90625
1998-07-29,4.041666507720947,3.8333332538604736,3.9166667461395264,3.9583332538604736,2910600.0,3.9583332538604736
1998-07-30,4.0625,3.9375,4.0,4.041666507720947,685200.0,4.041666507720947
1998-07-31,4.125,3.875,4.020833492279053,3.9479167461395264,1284000.0,3.9479167461395264
1998-08-03,3.9791667461395264,3.625,3.9791667461395264,3.71875,3215400.0,3.71875
1998-08-04,4.104166507720947,3.7083332538604736,3.9166667461395264,3.8854167461395264,5376600.0,3.8854167461395264
1998-08-05,4.0625,3.8541667461395264,3.875,3.90625,5164200.0,3.90625
1998-08-06,4.041666507720947,3.8541667461395264,3.9583332538604736,4.020833492279053,854400.0,4.020833492279053
1998-08-07,4.375,3.9791667461395264,4.0625,4.302083492279053,3505200.0,4.302083492279053
1998-08-10,4.333333492279053,4.166666507720947,4.270833492279053,4.291666507720947,1051200.0,4.291666507720947
1998-08-11,4.1875,3.8958332538604736,4.1875,3.9375,1843800.0,3.9375
1998-08-12,4.041666507720947,3.8541667461395264,4.041666507720947,3.9166667461395264,1418400.0,3.9166667461395264
1998-08-13,4.041666507720947,3.75,3.9583332538604736,3.8125,3309000.0,3.8125
1998-08-14,4.0625,3.8125,3.8229167461395264,3.875,1262400.0,3.875
1998-08-17,3.9375,3.75,3.9375,3.8333332538604736,1399800.0,3.8333332538604736
1998-08-18,4.208333492279053,3.8541667461395264,3.8541667461395264,4.125,2526600.0,4.125
1998-08-19,4.208333492279053,3.9166667461395264,4.1875,3.9166667461395264,2533800.0,3.9166667461395264
1998-08-20,4.0,3.7291667461395264,4.0,3.9375,889800.0,3.9375
1998-08-21,3.8541667461395264,3.7291667461395264,3.7916667461395264,3.8541667461395264,2296200.0,3.8541667461395264
1998-08-24,3.875,3.7291667461395264,3.8333332538604736,3.8333332538604736,545400.0,3.8333332538604736
1998-08-25,4.041666507720947,3.75,3.8541667461395264,3.7708332538604736,1890000.0,3.7708332538604736
1998-08-26,3.75,3.5,3.75,3.5625,1977000.0,3.5625
1998-08-27,3.6458332538604736,3.4375,3.4791667461395264,3.5833332538604736,2888400.0,3.5833332538604736
1998-08-28,3.6458332538604736,3.5,3.5625,3.53125,1639200.0,3.53125
1998-08-31,3.5416667461395264,2.9583332538604736,3.5208332538604736,3.0,3958800.0,3.0
1998-09-01,3.0833332538604736,2.875,3.0,2.9166667461395264,3354600.0,2.9166667461395264
1998-09-02,3.4791667461395264,3.1041667461395264,3.2083332538604736,3.34375,6970200.0,3.34375
1998-09-03,3.625,3.2083332538604736,3.3333332538604736,3.625,4180200.0,3.625
1998-09-04,3.6875,3.4583332538604736,3.6458332538604736,3.6041667461395264,1726800.0,3.6041667461395264
1998-09-08,4.052083492279053,3.7291667461395264,3.7708332538604736,4.0,2130000.0,4.0
1998-09-09,4.104166507720947,3.9375,4.041666507720947,3.9375,1288200.0,3.9375
1998-09-10,3.8541667461395264,3.5625,3.7083332538604736,3.8125,1720800.0,3.8125
1998-09-11,4.125,3.8125,3.8541667461395264,4.083333492279053,3238800.0,4.083333492279053
1998-09-14,4.270833492279053,4.020833492279053,4.114583492279053,4.020833492279053,2236800.0,4.020833492279053
1998-09-15,4.333333492279053,3.9583332538604736,4.0,4.25,1977600.0,4.25
1998-09-16,4.3125,4.166666507720947,4.260416507720947,4.291666507720947,1104600.0,4.291666507720947
1998-09-17,4.229166507720947,4.104166507720947,4.166666507720947,4.125,877800.0,4.125
1998-09-18,4.229166507720947,4.0625,4.1875,4.1875,489000.0,4.1875
1998-09-21,4.166666507720947,3.9375,4.104166507720947,4.125,915600.0,4.125
1998-09-22,4.666666507720947,4.135416507720947,4.135416507720947,4.645833492279053,4436400.0,4.645833492279053
1998-09-23,4.979166507720947,4.5,4.666666507720947,4.645833492279053,3871200.0,4.645833492279053
1998-09-24,4.8125,4.572916507720947,4.6875,4.614583492279053,2062200.0,4.614583492279053
1998-09-25,4.71875,4.479166507720947,4.520833492279053,4.625,2301000.0,4.625
1998-09-28,4.604166507720947,4.0,4.604166507720947,4.104166507720947,3090000.0,4.104166507720947
1998-09-29,4.104166507720947,3.7291667461395264,4.083333492279053,3.875,3160800.0,3.875
1998-09-30,3.9583332538604736,3.6666667461395264,3.8333332538604736,3.9583332538604736,1456200.0,3.9583332538604736
1998-10-01,3.90625,3.75,3.7916667461395264,3.8229167461395264,879600.0,3.8229167461395264
1998-10-02,4.0,3.625,3.8333332538604736,4.0,1791600.0,4.0
1998-10-05,4.083333492279053,3.7916667461395264,3.9583332538604736,3.8333332538604736,2199600.0,3.8333332538604736
1998-10-06,3.9375,3.6145832538604736,3.8958332538604736,3.625,1165800.0,3.625
1998-10-07,3.7708332538604736,3.4375,3.6041667461395264,3.5208332538604736,1369200.0,3.5208332538604736
1998-10-08,3.5104167461395264,3.0416667461395264,3.5,3.2083332538604736,3940200.0,3.2083332538604736
1998-10-09,3.4166667461395264,3.1666667461395264,3.2291667461395264,3.375,2977800.0,3.375
1998-10-12,3.9791667461395264,3.4166667461395264,3.4166667461395264,3.7604167461395264,2330400.0,3.7604167461395264
1998-10-13,3.9166667461395264,3.6666667461395264,3.7291667461395264,3.6666667461395264,1105800.0,3.6666667461395264
1998-10-14,4.041666507720947,3.5208332538604736,3.8333332538604736,3.78125,4957800.0,3.78125
1998-10-15,4.041666507720947,3.8125,3.8333332538604736,4.0,2508000.0,4.0
1998-10-16,4.291666507720947,4.0,4.072916507720947,4.114583492279053,2158800.0,4.114583492279053
1998-10-19,4.458333492279053,3.9791667461395264,4.104166507720947,4.458333492279053,3030600.0,4.458333492279053
1998-10-20,4.895833492279053,4.166666507720947,4.46875,4.375,11620200.0,4.375
1998-10-21,4.583333492279053,4.208333492279053,4.229166507720947,4.458333492279053,2801400.0,4.458333492279053
1998-10-22,4.604166507720947,4.416666507720947,4.5,4.604166507720947,1334400.0,4.604166507720947
1998-10-23,4.645833492279053,4.5,4.625,4.59375,744000.0,4.59375
1998-10-26,4.916666507720947,4.5625,4.625,4.90625,1952400.0,4.90625
1998-10-27,4.979166507720947,4.479166507720947,4.958333492279053,4.520833492279053,1335000.0,4.520833492279053
1998-10-28,4.520833492279053,4.416666507720947,4.520833492279053,4.479166507720947,1282800.0,4.479166507720947
1998-10-29,5.0,4.395833492279053,4.395833492279053,4.979166507720947,3656400.0,4.979166507720947
1998-10-30,5.208333492279053,4.947916507720947,4.958333492279053,4.979166507720947,4935000.0,4.979166507720947
1998-11-02,5.270833492279053,4.979166507720947,4.979166507720947,5.145833492279053,2529000.0,5.145833492279053
1998-11-03,5.166666507720947,4.9375,5.166666507720947,5.03125,952800.0,5.03125
1998-11-04,5.25,4.916666507720947,5.125,5.166666507720947,1718400.0,5.166666507720947
1998-11-05,5.416666507720947,5.104166507720947,5.125,5.333333492279053,1500600.0,5.333333492279053
1998-11-06,5.552083492279053,5.208333492279053,5.25,5.5,2265600.0,5.5
1998-11-09,5.5,5.083333492279053,5.479166507720947,5.083333492279053,2325000.0,5.083333492279053
1998-11-10,5.3125,4.979166507720947,5.104166507720947,5.083333492279053,1357800.0,5.083333492279053
1998-11-11,5.25,5.0625,5.125,5.239583492279053,600600.0,5.239583492279053
1998-11-12,5.291666507720947,5.125,5.25,5.291666507720947,591600.0,5.291666507720947
1998-11-13,5.354166507720947,5.166666507720947,5.25,5.25,780000.0,5.25
1998-11-16,5.291666507720947,4.770833492279053,5.291666507720947,4.958333492279053,1617000.0,4.958333492279053
1998-11-17,5.041666507720947,4.5625,4.875,4.916666507720947,1389000.0,4.916666507720947
1998-11-18,5.010416507720947,4.875,5.010416507720947,4.989583492279053,1330200.0,4.989583492279053
1998-11-19,5.166666507720947,4.875,5.0,5.125,942600.0,5.125
1998-11-20,5.46875,5.0625,5.25,5.395833492279053,1677000.0,5.395833492279053
1998-11-23,5.541666507720947,5.354166507720947,5.46875,5.416666507720947,1887000.0,5.416666507720947
1998-11-24,5.479166507720947,5.354166507720947,5.4375,5.458333492279053,1155600.0,5.458333492279053
1998-11-25,5.645833492279053,5.458333492279053,5.5,5.5625,1389000.0,5.5625
1998-11-27,5.833333492279053,5.520833492279053,5.583333492279053,5.541666507720947,946200.0,5.541666507720947
1998-11-30,5.833333492279053,5.3125,5.8125,5.604166507720947,2905800.0,5.604166507720947
1998-12-01,5.46875,4.84375,5.270833492279053,5.145833492279053,11610600.0,5.145833492279053
1998-12-02,5.333333492279053,4.916666507720947,5.041666507720947,5.25,8884200.0,5.25
1998-12-03,5.6875,5.208333492279053,5.208333492279053,5.541666507720947,6912000.0,5.541666507720947
1998-12-04,5.583333492279053,5.458333492279053,5.541666507720947,5.520833492279053,3370800.0,5.520833492279053
1998-12-07,5.645833492279053,5.333333492279053,5.520833492279053,5.604166507720947,3154800.0,5.604166507720947
1998-12-08,6.083333492279053,5.5625,5.625,6.020833492279053,5090400.0,6.020833492279053
1998-12-09,6.104166507720947,5.916666507720947,6.041666507720947,6.083333492279053,3603000.0,6.083333492279053
1998-12-10,6.5,6.0625,6.104166507720947,6.4375,4602000.0,6.4375
1998-12-11,7.260416507720947,6.354166507720947,6.354166507720947,7.260416507720947,12088200.0,7.260416507720947
1998-12-14,7.114583492279053,6.75,6.791666507720947,6.895833492279053,5598000.0,6.895833492279053
1998-12-15,7.166666507720947,6.854166507720947,6.854166507720947,7.03125,4747200.0,7.03125
1998-12-16,7.625,6.9375,6.958333492279053,7.5,5724000.0,7.5
1998-12-17,7.729166507720947,7.5,7.520833492279053,7.520833492279053,5211600.0,7.520833492279053
1998-12-18,8.020833015441895,7.416666507720947,7.583333492279053,8.020833015441895,4896000.0,8.020833015441895
1998-12-21,8.03125,7.625,7.958333492279053,7.71875,4709400.0,7.71875
1998-12-22,7.854166507720947,7.666666507720947,7.666666507720947,7.802083492279053,1656600.0,7.802083492279053
1998-12-23,7.729166507720947,7.020833492279053,7.625,7.354166507720947,8590200.0,7.354166507720947
1998-12-24,7.34375,7.0,7.34375,7.270833492279053,985800.0,7.270833492279053
1998-12-28,7.354166507720947,7.197916507720947,7.333333492279053,7.333333492279053,1798800.0,7.333333492279053
1998-12-29,7.604166507720947,7.166666507720947,7.208333492279053,7.583333492279053,1131600.0,7.583333492279053
1998-12-30,7.833333492279053,7.5,7.5,7.645833492279053,1081800.0,7.645833492279053
1998-12-31,7.854166507720947,7.5625,7.708333492279053,7.833333492279053,1443600.0,7.833333492279053
1999-01-04,8.0,7.479166507720947,7.84375,7.791666507720947,2570400.0,7.791666507720947
1999-01-05,7.8125,7.333333492279053,7.770833492279053,7.375,2304000.0,7.375
1999-01-06,7.479166507720947,6.916666507720947,7.395833492279053,7.0,3258000.0,7.0
1999-01-07,7.458333492279053,6.770833492279053,7.0,7.125,3339600.0,7.125
1999-01-08,7.520833492279053,7.0625,7.083333492279053,7.270833492279053,2253000.0,7.270833492279053
1999-01-11,7.25,7.083333492279053,7.1875,7.1875,949200.0,7.1875
1999-01-12,7.833333492279053,7.354166507720947,7.354166507720947,7.5,4279200.0,7.5
1999-01-13,7.864583492279053,7.291666507720947,7.46875,7.71875,2120400.0,7.71875
1999-01-14,8.375,7.666666507720947,7.666666507720947,8.041666984558105,4140000.0,8.041666984558105
1999-01-15,8.572916984558105,8.0625,8.0625,8.5,4648200.0,8.5
1999-01-19,8.666666984558105,7.895833492279053,8.604166984558105,8.083333015441895,5175600.0,8.083333015441895
1999-01-20,8.1875,7.875,8.1875,7.958333492279053,2295000.0,7.958333492279053
1999-01-21,8.229166984558105,7.5625,8.229166984558105,7.885416507720947,6894000.0,7.885416507720947
1999-01-22,8.270833015441895,7.822916507720947,7.822916507720947,8.020833015441895,4309800.0,8.020833015441895
1999-01-25,8.020833015441895,7.666666507720947,7.958333492279053,7.770833492279053,2476800.0,7.770833492279053
1999-01-26,7.958333492279053,7.666666507720947,7.666666507720947,7.9375,2729400.0,7.9375
1999-01-27,8.104166984558105,7.541666507720947,7.958333492279053,7.604166507720947,2386200.0,7.604166507720947
1999-01-28,7.833333492279053,7.645833492279053,7.666666507720947,7.833333492279053,1920600.0,7.833333492279053
1999-01-29,8.416666984558105,7.895833492279053,7.895833492279053,8.416666984558105,2473800.0,8.416666984558105
1999-02-01,8.5,8.270833015441895,8.427083015441895,8.5,2074800.0,8.5
1999-02-02,8.458333015441895,8.145833015441895,8.354166984558105,8.3125,1214400.0,8.3125
1999-02-03,8.25,7.479166507720947,8.166666984558105,7.833333492279053,3216600.0,7.833333492279053
1999-02-04,8.0,7.385416507720947,7.833333492279053,7.520833492279053,2550600.0,7.520833492279053
1999-02-05,7.541666507720947,6.979166507720947,7.5,7.114583492279053,1718400.0,7.114583492279053
1999-02-08,7.520833492279053,7.0,7.125,7.354166507720947,3313800.0,7.354166507720947
1999-02-09,7.479166507720947,7.125,7.354166507720947,7.208333492279053,4250400.0,7.208333492279053
1999-02-10,7.166666507720947,6.75,7.166666507720947,6.989583492279053,7157400.0,6.989583492279053
1999-02-11,7.166666507720947,6.895833492279053,6.979166507720947,7.166666507720947,2318400.0,7.166666507720947
1999-02-12,7.166666507720947,6.604166507720947,7.166666507720947,6.854166507720947,1447800.0,6.854166507720947
1999-02-16,7.145833492279053,6.8125,6.916666507720947,6.958333492279053,1569600.0,6.958333492279053
1999-02-17,7.041666507720947,6.708333492279053,6.895833492279053,6.875,3075600.0,6.875
1999-02-18,7.208333492279053,6.895833492279053,7.0,7.161449909210205,2165400.0,7.161449909210205
1999-02-19,7.729166507720947,7.041666507720947,7.1875,7.541666507720947,3957000.0,7.541666507720947
1999-02-22,7.833333492279053,7.416666507720947,7.541666507720947,7.645833492279053,2712000.0,7.645833492279053
1999-02-23,7.729166507720947,7.354166507720947,7.729166507720947,7.65625,1221600.0,7.65625
1999-02-24,7.6875,7.5,7.6875,7.541666507720947,817800.0,7.541666507720947
1999-02-25,7.5625,7.291666507720947,7.5625,7.520833492279053,1350600.0,7.520833492279053
1999-02-26,7.520833492279053,7.197916507720947,7.4375,7.21875,1869000.0,7.21875
1999-03-01,7.416666507720947,7.0,7.1875,7.395833492279053,1014600.0,7.395833492279053
1999-03-02,7.6875,7.25,7.333333492279053,7.666666507720947,1920600.0,7.666666507720947
1999-03-03,8.229166984558105,7.791666507720947,7.822916507720947,8.041666984558105,7197000.0,8.041666984558105
1999-03-04,8.416666984558105,8.020833015441895,8.041666984558105,8.354166984558105,3885000.0,8.354166984558105
1999-03-05,8.583333015441895,8.375,8.447916984558105,8.583333015441895,2389800.0,8.583333015441895
1999-03-08,9.041666984558105,8.333333015441895,8.447916984558105,8.75,5737800.0,8.75
1999-03-09,9.135416984558105,8.770833015441895,8.791666984558105,9.083333015441895,3280200.0,9.083333015441895
1999-03-10,9.166666984558105,8.770833015441895,9.083333015441895,9.145833015441895,5107200.0,9.145833015441895
1999-03-11,9.1875,9.010416984558105,9.145833015441895,9.166666984558105,2427000.0,9.166666984558105
1999-03-12,9.1875,8.604166984558105,9.1875,8.697916984558105,3045000.0,8.697916984558105
1999-03-15,8.760416984558105,8.1875,8.6875,8.25,1854000.0,8.25
1999-03-16,8.520833015441895,8.166666984558105,8.4375,8.3125,3584400.0,8.3125
1999-03-17,8.479166984558105,8.208333015441895,8.3125,8.333333015441895,2884800.0,8.333333015441895
1999-03-18,8.333333015441895,7.989583492279053,8.25,8.166666984558105,3918600.0,8.166666984558105
1999-03-19,8.15625,7.666666507720947,8.15625,7.833333492279053,3368400.0,7.833333492279053
1999-03-22,8.020833015441895,7.729166507720947,7.729166507720947,7.979166507720947,795000.0,7.979166507720947
1999-03-23,8.0625,7.75,7.854166507720947,8.020833015441895,890400.0,8.020833015441895
1999-03-24,8.166666984558105,7.979166507720947,8.041666984558105,8.166666984558105,1495200.0,8.166666984558105
1999-03-25,8.666666984558105,8.0,8.166666984558105,8.625,2365800.0,8.625
1999-03-26,8.8125,8.375,8.572916984558105,8.666666984558105,1193400.0,8.666666984558105
1999-03-29,8.833333015441895,8.333333015441895,8.666666984558105,8.5625,1722000.0,8.5625
1999-03-30,8.541666984558105,8.333333015441895,8.375,8.427083015441895,1149000.0,8.427083015441895
1999-03-31,8.583333015441895,7.75,8.375,8.5625,2635800.0,8.5625
1999-04-01,8.791666984558105,8.458333015441895,8.604166984558105,8.770833015441895,1679400.0,8.770833015441895
1999-04-05,9.229166984558105,8.729166984558105,8.75,9.1875,4359000.0,9.1875
1999-04-06,9.354166984558105,8.885416984558105,9.041666984558105,9.229166984558105,1599600.0,9.229166984558105
1999-04-07,9.354166984558105,8.75,9.270833015441895,8.802083015441895,2594400.0,8.802083015441895
1999-04-08,9.145833015441895,8.6875,8.854166984558105,8.979166984558105,1888800.0,8.979166984558105
1999-04-09,9.645833015441895,8.833333015441895,8.958333015441895,9.583333015441895,3282000.0,9.583333015441895
1999-04-12,9.854166984558105,9.28125,9.375,9.583333015441895,5971800.0,9.583333015441895
1999-04-13,9.645833015441895,9.416666984558105,9.5625,9.4375,1669200.0,9.4375
1999-04-14,9.458333015441895,8.666666984558105,9.354166984558105,8.75,1615200.0,8.75
1999-04-15,8.9375,8.25,8.854166984558105,8.3125,1849800.0,8.3125
1999-04-16,8.354166984558105,8.041666984558105,8.260416984558105,8.1875,3077400.0,8.1875
1999-04-19,8.25,7.083333492279053,8.1875,7.125,3063600.0,7.125
1999-04-20,9.1875,7.291666507720947,7.333333492279053,9.083333015441895,7174200.0,9.083333015441895
1999-04-21,9.833333015441895,8.854166984558105,9.020833015441895,9.510416984558105,3808800.0,9.510416984558105
1999-04-22,9.5,8.5,9.5,8.822916984558105,1642200.0,8.822916984558105
1999-04-23,8.958333015441895,8.354166984558105,8.958333015441895,8.791666984558105,1375200.0,8.791666984558105
1999-04-26,8.833333015441895,8.625,8.791666984558105,8.75,1384800.0,8.75
1999-04-27,9.479166984558105,8.666666984558105,8.75,9.208333015441895,1077600.0,9.208333015441895
1999-04-28,9.395833015441895,8.583333015441895,9.104166984558105,8.729166984558105,1331400.0,8.729166984558105
1999-04-29,8.791666984558105,8.583333015441895,8.666666984558105,8.6875,1622400.0,8.6875
1999-04-30,8.833333015441895,8.166666984558105,8.71875,8.458333015441895,1602600.0,8.458333015441895
1999-05-03,9.333333015441895,8.416666984558105,8.416666984558105,9.166666984558105,2854200.0,9.166666984558105
1999-05-04,9.5,9.166666984558105,9.25,9.364583015441895,3114600.0,9.364583015441895
1999-05-05,9.458333015441895,8.958333015441895,9.291666984558105,9.4375,2153400.0,9.4375
1999-05-06,9.729166984558105,9.333333015441895,9.4375,9.4375,1380000.0,9.4375
1999-05-07,9.833333015441895,9.25,9.458333015441895,9.833333015441895,1562400.0,9.833333015441895
1999-05-10,10.0,9.4375,9.833333015441895,9.520833015441895,1629600.0,9.520833015441895
1999-05-11,9.572916984558105,9.25,9.541666984558105,9.5,1341600.0,9.5
1999-05-12,9.833333015441895,9.4375,9.520833015441895,9.583333015441895,774600.0,9.583333015441895
1999-05-13,10.104166984558105,9.583333015441895,9.625,10.03125,2891400.0,10.03125
1999-05-14,9.9375,9.375,9.6875,9.916666984558105,2692800.0,9.916666984558105
1999-05-17,9.875,9.1875,9.833333015441895,9.458333015441895,1510800.0,9.458333015441895
1999-05-18,9.458333015441895,9.041666984558105,9.458333015441895,9.041666984558105,1997400.0,9.041666984558105
1999-05-19,9.291666984558105,8.833333015441895,9.0625,9.052083015441895,1102800.0,9.052083015441895
1999-05-20,9.489583015441895,8.958333015441895,9.083333015441895,9.166666984558105,1755000.0,9.166666984558105
1999-05-21,9.395833015441895,9.145833015441895,9.25,9.166666984558105,1039200.0,9.166666984558105
1999-05-24,9.166666984558105,8.666666984558105,9.125,8.6875,1404000.0,8.6875
1999-05-25,8.78125,8.541666984558105,8.666666984558105,8.583333015441895,942600.0,8.583333015441895
1999-05-26,8.6875,8.354166984558105,8.645833015441895,8.489583015441895,1553400.0,8.489583015441895
1999-05-27,8.541666984558105,8.291666984558105,8.333333015441895,8.416666984558105,1996200.0,8.416666984558105
1999-05-28,8.541666984558105,8.333333015441895,8.333333015441895,8.40625,3943200.0,8.40625
1999-06-01,10.020833015441895,8.395833015441895,8.40625,9.666666984558105,6237000.0,9.666666984558105
1999-06-02,9.65625,8.958333015441895,9.645833015441895,9.03125,3500400.0,9.03125
1999-06-03,9.541666984558105,9.114583015441895,9.114583015441895,9.1875,1261200.0,9.1875
1999-06-04,9.25,9.083333015441895,9.25,9.208333015441895,1735800.0,9.208333015441895
1999-06-07,9.885416984558105,9.208333015441895,9.25,9.864583015441895,2402400.0,9.864583015441895
1999-06-08,10.125,9.6875,9.864583015441895,9.833333015441895,2580000.0,9.833333015441895
1999-06-09,9.958333015441895,9.729166984558105,9.916666984558105,9.760416984558105,1275000.0,9.760416984558105
1999-06-10,9.729166984558105,9.25,9.729166984558105,9.375,1353600.0,9.375
1999-06-11,9.916666984558105,9.458333015441895,9.458333015441895,9.6875,1914600.0,9.6875
1999-06-14,9.791666984558105,9.645833015441895,9.739583015441895,9.645833015441895,751800.0,9.645833015441895
1999-06-15,10.020833015441895,9.666666984558105,9.739583015441895,9.75,1070400.0,9.75
1999-06-16,10.708333015441895,9.645833015441895,9.833333015441895,10.59375,4371600.0,10.59375
1999-06-17,10.895833015441895,10.416666984558105,10.479166984558105,10.854166984558105,2262600.0,10.854166984558105
1999-06-18,11.375,10.645833015441895,10.916666984558105,11.1875,1781400.0,11.1875
1999-06-21,11.520833015441895,11.041666984558105,11.1875,11.489583015441895,2142000.0,11.489583015441895
1999-06-22,11.791666984558105,11.333333015441895,11.479166984558105,11.416666984558105,2013000.0,11.416666984558105
1999-06-23,11.416666984558105,11.083333015441895,11.416666984558105,11.09375,1508400.0,11.09375
1999-06-24,11.166666984558105,11.0,11.0,11.104166984558105,1441800.0,11.104166984558105
1999-06-25,11.510416984558105,10.354166984558105,11.166666984558105,11.177083015441895,2361000.0,11.177083015441895
1999-06-28,11.666666984558105,11.177083015441895,11.229166984558105,11.65625,1477200.0,11.65625
1999-06-29,12.645833015441895,11.791666984558105,11.875,12.583333015441895,3740400.0,12.583333015441895
1999-06-30,13.208333015441895,12.229166984558105,12.583333015441895,12.84375,4782600.0,12.84375
1999-07-01,12.833333015441895,12.5625,12.770833015441895,12.75,1524000.0,12.75
1999-07-02,13.25,12.6875,12.697916984558105,13.020833015441895,1146600.0,13.020833015441895
1999-07-06,14.395833015441895,13.104166984558105,13.166666984558105,13.78125,5797800.0,13.78125
1999-07-07,14.291666984558105,13.75,13.833333015441895,13.864583015441895,3846000.0,13.864583015441895
1999-07-08,13.875,13.520833015441895,13.8125,13.75,2236200.0,13.75
1999-07-09,14.333333015441895,13.666666984558105,13.854166984558105,14.020833015441895,1972200.0,14.020833015441895
1999-07-12,14.46875,13.75,14.395833015441895,13.75,4567200.0,13.75
1999-07-13,14.0,13.208333015441895,13.739583015441895,13.916666984558105,2326800.0,13.916666984558105
1999-07-14,15.166666984558105,14.0,14.135416984558105,14.552083015441895,3306000.0,14.552083015441895
1999-07-15,15.541666984558105,14.5,14.583333015441895,15.489583015441895,1943400.0,15.489583015441895
1999-07-16,16.03125,15.229166984558105,15.416666984558105,16.03125,2598600.0,16.03125
1999-07-19,16.0625,14.010416984558105,16.03125,14.322916984558105,3943800.0,14.322916984558105
1999-07-20,14.072916984558105,13.458333015441895,13.833333015441895,13.729166984558105,3434400.0,13.729166984558105
1999-07-21,13.916666984558105,12.333333015441895,12.916666984558105,13.895833015441895,6254400.0,13.895833015441895
1999-07-22,14.145833015441895,13.291666984558105,13.53125,13.916666984558105,2589000.0,13.916666984558105
1999-07-23,15.083333015441895,14.208333015441895,14.333333015441895,14.708333015441895,3658800.0,14.708333015441895
1999-07-26,15.583333015441895,14.416666984558105,14.729166984558105,15.083333015441895,3646200.0,15.083333015441895
1999-07-27,16.33333396911621,15.145833015441895,15.166666984558105,16.33333396911621,2635800.0,16.33333396911621
1999-07-28,16.89583396911621,15.75,16.22916603088379,16.65625,4020600.0,16.65625
1999-07-29,16.9375,16.25,16.375,16.57291603088379,2247000.0,16.57291603088379
1999-07-30,17.19791603088379,16.45833396911621,16.60416603088379,16.52083396911621,1914600.0,16.52083396911621
1999-08-02,17.0625,16.27083396911621,16.6875,16.66666603088379,2356800.0,16.66666603088379
1999-08-03,17.16666603088379,16.39583396911621,16.83333396911621,16.63541603088379,2137200.0,16.63541603088379
1999-08-04,16.79166603088379,16.16666603088379,16.6875,16.58333396911621,2036400.0,16.58333396911621
1999-08-05,17.54166603088379,16.16666603088379,16.54166603088379,16.91666603088379,1662600.0,16.91666603088379
1999-08-06,17.33333396911621,16.625,16.75,17.20833396911621,1005000.0,17.20833396911621
1999-08-09,18.875,17.48958396911621,17.66666603088379,18.64583396911621,6754200.0,18.64583396911621
1999-08-10,19.82291603088379,18.39583396911621,18.83333396911621,19.4375,8450400.0,19.4375
1999-08-11,20.10416603088379,19.33333396911621,19.79166603088379,20.0625,4858200.0,20.0625
1999-08-12,20.4375,19.27083396911621,19.98958396911621,19.57291603088379,3767400.0,19.57291603088379
1999-08-13,20.83333396911621,19.625,19.83333396911621,20.79166603088379,3706200.0,20.79166603088379
1999-08-16,21.05208396911621,20.3125,20.875,20.58333396911621,2232600.0,20.58333396911621
1999-08-17,20.61458396911621,19.4375,20.60416603088379,19.5,2250000.0,19.5
1999-08-18,20.125,19.125,19.57291603088379,19.98958396911621,2332800.0,19.98958396911621
1999-08-19,20.83333396911621,19.83333396911621,19.98958396911621,20.54166603088379,1903200.0,20.54166603088379
1999-08-20,21.02083396911621,20.375,20.625,21.0,2112600.0,21.0
1999-08-23,22.89583396911621,20.75,21.0,22.85416603088379,3738000.0,22.85416603088379
1999-08-24,23.54166603088379,22.39583396911621,22.744783401489258,22.59375,6796200.0,22.59375
1999-08-25,22.1875,21.5,21.83333396911621,22.0,5147400.0,22.0
1999-08-26,21.95833396911621,21.41666603088379,21.65625,21.625,1710600.0,21.625
1999-08-27,22.47916603088379,21.33333396911621,21.723949432373047,21.70833396911621,1606200.0,21.70833396911621
1999-08-30,22.20833396911621,20.58333396911621,22.0,21.29166603088379,2899200.0,21.29166603088379
1999-08-31,21.61458396911621,20.0,21.29166603088379,21.17708396911621,2072400.0,21.17708396911621
1999-09-01,21.58333396911621,21.125,21.15625,21.58333396911621,1057200.0,21.58333396911621
1999-09-02,21.5,20.66666603088379,21.08333396911621,21.08333396911621,1585200.0,21.08333396911621
1999-09-03,22.25,21.4375,21.5,22.08333396911621,1272000.0,22.08333396911621
1999-09-07,22.64583396911621,22.04166603088379,22.33333396911621,22.52083396911621,1525200.0,22.52083396911621
1999-09-08,24.25,22.25,22.4375,22.78125,2389200.0,22.78125
1999-09-09,23.23958396911621,17.66666603088379,22.75,20.630199432373047,30854400.0,20.630199432373047
1999-09-10,19.67708396911621,17.47916603088379,19.67708396911621,17.57291603088379,24073800.0,17.57291603088379
1999-09-13,20.25,18.125,18.25,19.9375,15994200.0,19.9375
1999-09-14,19.66666603088379,18.09375,19.54166603088379,18.34375,7909800.0,18.34375
1999-09-15,19.21875,17.72916603088379,18.625,18.20833396911621,7119000.0,18.20833396911621
1999-09-16,18.58333396911621,16.83333396911621,18.45833396911621,17.55208396911621,8383800.0,17.55208396911621
1999-09-17,18.25,17.39583396911621,17.70833396911621,17.92708396911621,4257000.0,17.92708396911621
1999-09-20,18.05208396911621,17.29166603088379,17.83333396911621,17.80208396911621,3178800.0,17.80208396911621
1999-09-21,18.71875,17.04166603088379,17.30208396911621,17.35416603088379,3624600.0,17.35416603088379
1999-09-22,18.04166603088379,17.07291603088379,17.5,18.04166603088379,2065200.0,18.04166603088379
1999-09-23,18.27083396911621,15.854166984558105,18.22916603088379,16.26041603088379,12201000.0,16.26041603088379
1999-09-24,16.48958396911621,14.8125,16.33333396911621,15.614583015441895,5012400.0,15.614583015441895
1999-09-27,16.29166603088379,15.416666984558105,15.583333015441895,15.8125,6297000.0,15.8125
1999-09-28,16.83333396911621,15.291666984558105,15.75,15.739583015441895,3818400.0,15.739583015441895
1999-09-29,16.66666603088379,15.708333015441895,15.75,16.36458396911621,3579000.0,16.36458396911621
1999-09-30,16.8125,15.625,16.77083396911621,15.671866416931152,5350800.0,15.671866416931152
1999-10-01,16.16666603088379,15.625,15.682283401489258,15.708333015441895,1303800.0,15.708333015441895
1999-10-04,16.01041603088379,15.0,15.083333015441895,15.760416984558105,2108400.0,15.760416984558105
1999-10-05,16.75,15.208333015441895,15.208333015441895,16.32291603088379,4805400.0,16.32291603088379
1999-10-06,18.0,16.04166603088379,16.34375,17.83333396911621,2993400.0,17.83333396911621
1999-10-07,18.33333396911621,17.33333396911621,17.89583396911621,17.60416603088379,3565200.0,17.60416603088379
1999-10-08,17.5625,16.54166603088379,17.08333396911621,17.41666603088379,6020400.0,17.41666603088379
1999-10-11,18.83333396911621,17.5,17.66666603088379,18.16666603088379,5355600.0,18.16666603088379
1999-10-12,18.42708396911621,17.90625,17.91666603088379,18.04166603088379,1915200.0,18.04166603088379
1999-10-13,17.97916603088379,17.15625,17.75,17.15625,2540400.0,17.15625
1999-10-14,17.33333396911621,16.5,17.33333396911621,16.630199432373047,3229800.0,16.630199432373047
1999-10-15,16.33333396911621,15.416666984558105,16.29166603088379,15.510416984558105,4335600.0,15.510416984558105
1999-10-18,15.458333015441895,14.25,15.333333015441895,14.822916984558105,6231600.0,14.822916984558105
1999-10-19,16.9375,15.125,15.166666984558105,16.32291603088379,6118800.0,16.32291603088379
1999-10-20,17.38541603088379,16.05208396911621,16.35416603088379,17.375,4845000.0,17.375
1999-10-21,20.04166603088379,16.33333396911621,17.14583396911621,19.25,8970600.0,19.25
1999-10-22,20.89583396911621,18.0,19.08333396911621,18.35416603088379,6022800.0,18.35416603088379
1999-10-25,19.83333396911621,18.07291603088379,18.16666603088379,18.88541603088379,2150400.0,18.88541603088379
1999-10-26,19.54166603088379,18.41666603088379,19.29686737060547,18.45833396911621,1821000.0,18.45833396911621
1999-10-27,19.07291603088379,17.79166603088379,18.60416603088379,18.29166603088379,1662000.0,18.29166603088379
1999-10-28,19.4375,18.29166603088379,18.30208396911621,18.88541603088379,4345200.0,18.88541603088379
1999-10-29,19.75,17.75,18.20833396911621,19.36458396911621,4069800.0,19.36458396911621
1999-11-01,20.25,19.0,19.30208396911621,20.25,2328600.0,20.25
1999-11-02,20.57291603088379,19.33333396911621,20.57291603088379,19.34375,3383400.0,19.34375
1999-11-03,20.11458396911621,19.5625,19.75,19.89583396911621,5053200.0,19.89583396911621
1999-11-04,21.27083396911621,20.125,20.16666603088379,20.9375,4620600.0,20.9375
1999-11-05,22.35416603088379,21.0,21.16666603088379,21.10416603088379,4474800.0,21.10416603088379
1999-11-08,21.97916603088379,20.84375,20.84375,21.66666603088379,2587800.0,21.66666603088379
1999-11-09,22.04166603088379,21.20833396911621,21.83333396911621,21.625,1273800.0,21.625
1999-11-10,21.84375,20.625,21.39583396911621,20.66666603088379,2040600.0,20.66666603088379
1999-11-11,21.16666603088379,19.25,21.15625,20.23958396911621,2619600.0,20.23958396911621
1999-11-12,20.25,19.41666603088379,20.192699432373047,19.77083396911621,1899600.0,19.77083396911621
1999-11-15,19.79166603088379,18.875,19.75,19.22916603088379,2409000.0,19.22916603088379
1999-11-16,20.64583396911621,19.16666603088379,19.33333396911621,20.51041603088379,2289600.0,20.51041603088379
1999-11-17,21.58333396911621,20.16666603088379,20.41666603088379,21.3125,5192400.0,21.3125
1999-11-18,22.33333396911621,19.78125,21.348949432373047,20.83333396911621,9226200.0,20.83333396911621
1999-11-19,21.375,20.75,21.0,20.83333396911621,2500800.0,20.83333396911621
1999-11-22,22.41666603088379,20.8125,21.125,22.41666603088379,3871800.0,22.41666603088379
1999-11-23,23.29166603088379,21.08333396911621,22.72916603088379,22.05208396911621,3304800.0,22.05208396911621
1999-11-24,22.83333396911621,21.83333396911621,22.16666603088379,22.5625,1092600.0,22.5625
1999-11-26,23.33333396911621,22.5,22.70833396911621,23.16666603088379,703800.0,23.16666603088379
1999-11-29,23.33333396911621,21.9375,23.28125,22.30208396911621,1383000.0,22.30208396911621
1999-11-30,22.0,21.08333396911621,21.85416603088379,21.125,2455800.0,21.125
1999-12-01,21.27083396911621,20.5,21.16666603088379,20.64583396911621,4876200.0,20.64583396911621
1999-12-02,21.41666603088379,20.33333396911621,20.875,20.86458396911621,2257800.0,20.86458396911621
1999-12-03,21.375,19.16666603088379,20.04166603088379,21.13541603088379,9977400.0,21.13541603088379
1999-12-06,21.0,18.75,20.95833396911621,18.91666603088379,8268000.0,18.91666603088379
1999-12-07,19.83333396911621,18.33333396911621,19.41666603088379,18.91666603088379,6771600.0,18.91666603088379
1999-12-08,19.875,18.33333396911621,18.875,19.79166603088379,6821400.0,19.79166603088379
1999-12-09,20.83333396911621,18.75,19.85416603088379,18.91666603088379,4954200.0,18.91666603088379
1999-12-10,21.14583396911621,19.0,19.61458396911621,19.8125,6177600.0,19.8125
1999-12-13,21.16666603088379,19.45833396911621,19.91666603088379,21.14583396911621,2409600.0,21.14583396911621
1999-12-14,21.25,19.60416603088379,21.25,19.69791603088379,3455400.0,19.69791603088379
1999-12-15,20.91666603088379,19.625,19.66666603088379,20.41666603088379,3277200.0,20.41666603088379
1999-12-16,21.5,19.66666603088379,20.47916603088379,19.75,1884000.0,19.75
1999-12-17,20.78125,19.83333396911621,20.65625,20.33333396911621,3681000.0,20.33333396911621
1999-12-20,21.22916603088379,20.03125,20.125,21.08333396911621,2865600.0,21.08333396911621
1999-12-21,24.8125,20.58333396911621,20.66666603088379,24.0625,4609800.0,24.0625
1999-12-22,29.35416603088379,24.45833396911621,24.5,28.6875,5734800.0,28.6875
1999-12-23,35.0,29.16666603088379,29.16666603088379,31.77083396911621,8518800.0,31.77083396911621
1999-12-27,33.125,30.16666603088379,32.20833206176758,32.625,3137400.0,32.625
1999-12-28,33.5,31.58333396911621,32.91666793823242,32.5,1639200.0,32.5
1999-12-29,32.5,31.16666603088379,32.29166793823242,31.91666603088379,1825800.0,31.91666603088379
1999-12-30,32.14583206176758,30.66666603088379,32.04166793823242,31.322900772094727,2124900.0,31.322900772094727
1999-12-31,33.0,30.41666603088379,31.3125,32.75,1224300.0,32.75
2000-01-03,32.83333206176758,28.64583396911621,32.79166793823242,31.08333396911621,2792700.0,31.08333396911621
2000-01-04,30.91666603088379,28.58333396911621,29.875,28.97916603088379,2935500.0,28.97916603088379
2000-01-05,31.5,25.0,28.70833396911621,31.0,3390000.0,31.0
2000-01-06,32.83333206176758,29.66666603088379,30.16666603088379,32.375,2742300.0,32.375
2000-01-07,36.16666793823242,32.33333206176758,32.33333206176758,36.10416793823242,4736400.0,36.10416793823242
2000-01-10,40.29166793823242,37.66666793823242,38.33333206176758,39.83333206176758,5765400.0,39.83333206176758
2000-01-11,39.5,36.0,38.625,36.70833206176758,3385200.0,36.70833206176758
2000-01-12,36.8125,32.5,36.79166793823242,35.20833206176758,4256100.0,35.20833206176758
2000-01-13,39.25,34.83333206176758,35.375,38.70833206176758,3178500.0,38.70833206176758
2000-01-14,40.0,35.83333206176758,39.45833206176758,38.5,2877900.0,38.5
2000-01-18,40.0,35.0,38.04166793823242,35.6875,3359400.0,35.6875
2000-01-19,40.70833206176758,35.33333206176758,35.6875,40.33333206176758,2685000.0,40.33333206176758
2000-01-20,41.5,32.66666793823242,38.66666793823242,40.89583206176758,15550500.0,40.89583206176758
2000-01-21,49.66666793823242,39.66666793823242,41.83333206176758,49.25,9227100.0,49.25
2000-01-24,50.54166793823242,43.66666793823242,48.0,45.77083206176758,4815300.0,45.77083206176758
2000-01-25,47.08333206176758,41.54166793823242,46.83333206176758,45.29166793823242,4178100.0,45.29166793823242
2000-01-26,49.66666793823242,44.66666793823242,44.91666793823242,47.79166793823242,3650700.0,47.79166793823242
2000-01-27,48.33333206176758,43.41666793823242,48.04166793823242,43.41666793823242,1650600.0,43.41666793823242
2000-01-28,44.1875,40.72916793823242,43.16666793823242,42.75,1899600.0,42.75
2000-01-31,42.66666793823242,39.66666793823242,42.625,42.0625,2177400.0,42.0625
2000-02-01,44.41666793823242,40.84373474121094,42.20833206176758,44.3125,1500900.0,44.3125
2000-02-02,39.25,34.97916793823242,38.0,35.33333206176758,16296900.0,35.33333206176758
2000-02-03,37.16666793823242,34.16666793823242,36.0,34.375,8475600.0,34.375
2000-02-04,38.08333206176758,34.25,35.27083206176758,36.5,3219900.0,36.5
2000-02-07,38.60416793823242,36.66666793823242,37.83333206176758,38.27083206176758,3684000.0,38.27083206176758
2000-02-08,43.5,38.5,39.0625,43.29166793823242,5076900.0,43.29166793823242
2000-02-09,43.20833206176758,39.5,43.16666793823242,41.0,3266100.0,41.0
2000-02-10,41.27083206176758,38.66666793823242,41.125,39.0625,2262600.0,39.0625
2000-02-11,41.0,38.25,39.10416793823242,39.60416793823242,2169600.0,39.60416793823242
2000-02-14,41.0,38.91666793823242,39.66666793823242,39.60416793823242,1397400.0,39.60416793823242
2000-02-15,39.75,37.83333206176758,39.64583206176758,38.79166793823242,1440600.0,38.79166793823242
2000-02-16,41.75,37.66666793823242,38.66666793823242,40.625,4291200.0,40.625
2000-02-17,44.33333206176758,40.91666793823242,40.95833206176758,43.875,5101800.0,43.875
2000-02-18,49.66666793823242,41.0,44.91666793823242,43.95833206176758,5254500.0,43.95833206176758
2000-02-22,44.08333206176758,40.77083206176758,43.83333206176758,41.625,2592900.0,41.625
2000-02-23,46.66666793823242,42.0,43.35416793823242,46.3125,1815300.0,46.3125
2000-02-24,47.0,44.27083206176758,46.39583206176758,46.25,2410800.0,46.25
2000-02-25,47.5,45.25,47.41666793823242,45.8125,1927800.0,45.8125
2000-02-28,47.66666793823242,43.41666793823242,46.66666793823242,44.5,4113900.0,44.5
2000-02-29,48.0,44.41666793823242,44.60416793823242,46.95833206176758,2574600.0,46.95833206176758
2000-03-01,50.0,45.33333206176758,46.83333206176758,48.9375,1934700.0,48.9375
2000-03-02,49.95833206176758,45.58333206176758,49.95833206176758,46.35416793823242,1827000.0,46.35416793823242
2000-03-03,50.0,46.33333206176758,47.3125,50.0,2667000.0,50.0
2000-03-06,57.66666793823242,49.16666793823242,49.33333206176758,57.10416793823242,4146000.0,57.10416793823242
2000-03-07,56.83333206176758,50.75,56.75,52.85416793823242,3462300.0,52.85416793823242
2000-03-08,53.375,49.0,53.25,50.875,1746300.0,50.875
2000-03-09,52.66666793823242,47.16666793823242,52.64583206176758,47.625,1603800.0,47.625
2000-03-10,49.16666793823242,42.33333206176758,48.29166793823242,43.10416793823242,3360000.0,43.10416793823242
2000-03-13,42.9375,38.41666793823242,42.0,38.58333206176758,4317600.0,38.58333206176758
2000-03-14,39.97916793823242,31.66666603088379,39.9375,35.0,10685400.0,35.0
2000-03-15,36.875,33.0,35.5,36.1875,9727500.0,36.1875
2000-03-16,41.33333206176758,36.83333206176758,36.91666793823242,39.95833206176758,8469900.0,39.95833206176758
2000-03-17,41.375,38.83333206176758,39.0,39.64583206176758,3074700.0,39.64583206176758
2000-03-20,41.33333206176758,35.16666793823242,39.79166793823242,35.5,3603000.0,35.5
2000-03-21,39.0,29.85416603088379,35.0,38.53123474121094,10193700.0,38.53123474121094
2000-03-22,45.4375,38.45833206176758,39.5,43.75,4879500.0,43.75
2000-03-23,45.08333206176758,41.29166793823242,44.5,42.04166793823242,3172500.0,42.04166793823242
2000-03-24,43.10416793823242,38.33333206176758,42.5,39.66666793823242,2843700.0,39.66666793823242
2000-03-27,40.83333206176758,37.9375,39.5,39.14583206176758,2810700.0,39.14583206176758
2000-03-28,40.16666793823242,37.45833206176758,38.91666793823242,37.83333206176758,2055000.0,37.83333206176758
2000-03-29,38.5625,32.16666793823242,38.536434173583984,32.20833206176758,8186400.0,32.20833206176758
2000-03-30,34.25,27.25,32.375,28.91666603088379,6728400.0,28.91666603088379
2000-03-31,34.40623474121094,29.625,30.0,32.75,4108200.0,32.75
2000-04-03,33.33333206176758,30.33333396911621,33.125,31.375,3118500.0,31.375
2000-04-04,33.20833206176758,28.0,31.16666603088379,32.16666793823242,4142400.0,32.16666793823242
2000-04-05,38.58333206176758,31.33333396911621,31.54166603088379,36.66666793823242,5295300.0,36.66666793823242
2000-04-06,39.66666793823242,33.83333206176758,38.33333206176758,35.6875,3437400.0,35.6875
2000-04-07,36.33333206176758,32.41666793823242,36.33333206176758,33.77083206176758,3473700.0,33.77083206176758
2000-04-10,34.08333206176758,31.77083396911621,34.08333206176758,32.29166793823242,1719300.0,32.29166793823242
2000-04-11,31.54166603088379,28.375,31.5,29.47916603088379,3858600.0,29.47916603088379
2000-04-12,28.0,23.08333396911621,25.79166603088379,26.8125,15035700.0,26.8125
2000-04-13,26.91666603088379,24.83333396911621,26.77083396911621,25.83333396911621,2982300.0,25.83333396911621
2000-04-14,25.66666603088379,22.66666603088379,25.489566802978516,24.0,4941000.0,24.0
2000-04-17,23.5,19.83333396911621,22.375,21.5625,5349000.0,21.5625
2000-04-18,24.33333396911621,21.0625,22.25,24.08333396911621,4002000.0,24.08333396911621
2000-04-19,28.16666603088379,24.33333396911621,24.79166603088379,25.79166603088379,4341600.0,25.79166603088379
2000-04-20,23.25,19.83333396911621,23.14583396911621,21.04166603088379,15258300.0,21.04166603088379
2000-04-24,20.72916603088379,18.54166603088379,20.72916603088379,19.125,4710600.0,19.125
2000-04-25,20.5,19.375,19.89583396911621,19.91666603088379,5605800.0,19.91666603088379
2000-04-26,20.54166603088379,19.375,20.322900772094727,20.0625,2946600.0,20.0625
2000-04-27,19.875,18.79166603088379,19.83333396911621,19.33333396911621,3364800.0,19.33333396911621
2000-04-28,22.16666603088379,19.16666603088379,20.20833396911621,21.33333396911621,5520000.0,21.33333396911621
2000-05-01,24.75,21.41666603088379,21.85416603088379,24.04166603088379,6054600.0,24.04166603088379
2000-05-02,24.0,22.25,24.0,22.3125,3667800.0,22.3125
2000-05-03,22.33333396911621,20.375,22.33333396911621,21.64583396911621,2141700.0,21.64583396911621
2000-05-04,24.33333396911621,21.75,21.83333396911621,23.875,2370300.0,23.875
2000-05-05,26.41666603088379,23.91666603088379,23.95833396911621,25.0625,2933100.0,25.0625
2000-05-08,25.125,23.375,25.125,24.89583396911621,2059500.0,24.89583396911621
2000-05-09,24.9375,23.5,24.9375,24.35416603088379,2266800.0,24.35416603088379
2000-05-10,24.83333396911621,23.0,24.0,24.10416603088379,1229400.0,24.10416603088379
2000-05-11,26.0,24.375,25.0625,24.54166603088379,1290300.0,24.54166603088379
2000-05-12,26.66666603088379,25.0,25.64583396911621,26.16666603088379,2158800.0,26.16666603088379
2000-05-15,26.1875,24.33333396911621,26.177066802978516,25.04166603088379,1659300.0,25.04166603088379
2000-05-16,25.85416603088379,24.3125,25.5,24.97916603088379,2035200.0,24.97916603088379
2000-05-17,24.58333396911621,23.58333396911621,24.16666603088379,23.875,2463000.0,23.875
2000-05-18,24.91666603088379,23.58333396911621,24.0,23.91666603088379,2700300.0,23.91666603088379
2000-05-19,23.95833396911621,22.66666603088379,23.75,23.29166603088379,2467200.0,23.29166603088379
2000-05-22,23.27083396911621,20.41666603088379,23.20833396911621,20.64583396911621,3324300.0,20.64583396911621
2000-05-23,22.33333396911621,20.625,20.75,21.04166603088379,4089600.0,21.04166603088379
2000-05-24,21.33333396911621,19.20833396911621,20.83333396911621,21.3125,2506500.0,21.3125
2000-05-25,22.60416603088379,20.0,21.70833396911621,20.0,2850600.0,20.0
2000-05-26,21.39583396911621,19.0,20.39583396911621,21.04166603088379,1104300.0,21.04166603088379
2000-05-30,21.875,20.35416603088379,21.177066802978516,21.79166603088379,2584200.0,21.79166603088379
2000-05-31,21.89583396911621,20.45833396911621,21.70833396911621,21.27083396911621,2706900.0,21.27083396911621
2000-06-01,25.72916603088379,21.89583396911621,22.0,25.04166603088379,4093800.0,25.04166603088379
2000-06-02,29.0,25.64583396911621,26.0,28.8125,4477500.0,28.8125
2000-06-05,31.39583396911621,27.95833396911621,28.125,29.58333396911621,3616500.0,29.58333396911621
2000-06-06,32.33333206176758,30.22916603088379,31.0,32.0625,5550300.0,32.0625
2000-06-07,32.16666793823242,30.04166603088379,32.14583206176758,31.70833396911621,2778000.0,31.70833396911621
2000-06-08,31.8125,30.75,31.79166603088379,31.125,969600.0,31.125
2000-06-09,33.95833206176758,30.875,31.47916603088379,33.41666793823242,2730600.0,33.41666793823242
2000-06-12,33.3125,31.125,33.3125,31.64583396911621,1502100.0,31.64583396911621
2000-06-13,35.39583206176758,30.95833396911621,31.16666603088379,34.47916793823242,3666300.0,34.47916793823242
2000-06-14,34.35416793823242,31.58333396911621,34.33333206176758,32.52083206176758,3642900.0,32.52083206176758
2000-06-15,33.54166793823242,31.875,32.875,32.625,13121700.0,32.625
2000-06-16,35.0,32.22916793823242,32.41666793823242,34.85416793823242,4965600.0,34.85416793823242
2000-06-19,40.125,34.66666793823242,35.625,40.08333206176758,7587000.0,40.08333206176758
2000-06-20,40.16666793823242,38.0,39.875,38.97916793823242,5620800.0,38.97916793823242
2000-06-21,42.22916793823242,38.29166793823242,38.45833206176758,40.875,4610400.0,40.875
2000-06-22,40.95833206176758,36.16666793823242,40.95833206176758,36.16666793823242,4328700.0,36.16666793823242
2000-06-23,38.29166793823242,36.0,37.0,37.83333206176758,3357300.0,37.83333206176758
2000-06-26,39.35416793823242,35.91666793823242,37.9375,39.3125,5159100.0,39.3125
2000-06-27,39.16666793823242,38.0,38.5,38.4375,3249900.0,38.4375
2000-06-28,42.20833206176758,37.79166793823242,38.4375,42.20833206176758,3868200.0,42.20833206176758
2000-06-29,42.875,39.83333206176758,41.64583206176758,41.35416793823242,3800700.0,41.35416793823242
2000-06-30,41.33333206176758,36.625,41.33333206176758,39.10416793823242,9203700.0,39.10416793823242
2000-07-03,40.22916793823242,38.66666793823242,39.0625,39.66666793823242,674400.0,39.66666793823242
2000-07-05,43.91666793823242,38.5,39.91666793823242,43.41666793823242,5149800.0,43.41666793823242
2000-07-06,44.41666793823242,41.625,43.9375,44.375,4831500.0,44.375
2000-07-07,44.375,42.41666793823242,44.375,43.375,2049900.0,43.375
2000-07-10,43.83333206176758,42.25,43.33333206176758,43.16666793823242,2201700.0,43.16666793823242
2000-07-11,44.875,42.75,42.75,43.6875,4359000.0,43.6875
2000-07-12,44.47916793823242,40.79166793823242,44.22916793823242,41.66666793823242,2088600.0,41.66666793823242
2000-07-13,41.45833206176758,38.0,41.45833206176758,38.125,4128900.0,38.125
2000-07-14,41.02083206176758,37.39583206176758,38.33333206176758,39.33333206176758,2640600.0,39.33333206176758
2000-07-17,43.22916793823242,39.5,40.89583206176758,42.27083206176758,5261400.0,42.27083206176758
2000-07-18,43.79166793823242,40.66666793823242,41.95833206176758,41.41666793823242,2338500.0,41.41666793823242
2000-07-19,43.33333206176758,39.33333206176758,41.60416793823242,39.83333206176758,2792400.0,39.83333206176758
2000-07-20,42.25,40.0,40.16666793823242,40.04166793823242,2096700.0,40.04166793823242
2000-07-21,41.375,39.04166793823242,39.875,39.77083206176758,1581000.0,39.77083206176758
2000-07-24,42.66666793823242,37.91666793823242,40.35416793823242,39.375,2169900.0,39.375
2000-07-25,39.75,37.33333206176758,39.31769943237305,38.47916793823242,2028300.0,38.47916793823242
2000-07-26,42.61976623535156,36.75,38.40623474121094,41.85416793823242,3715500.0,41.85416793823242
2000-07-27,42.8125,39.58333206176758,41.0,42.52083206176758,3320400.0,42.52083206176758
2000-07-28,42.66666793823242,38.10416793823242,42.66666793823242,38.66666793823242,4848600.0,38.66666793823242
2000-07-31,41.5,38.0,39.3125,40.9375,2719500.0,40.9375
2000-08-01,43.33333206176758,41.25,41.27083206176758,42.91666793823242,3551100.0,42.91666793823242
2000-08-02,45.16666793823242,41.875,42.6875,44.8125,5143500.0,44.8125
2000-08-03,46.10416793823242,42.16666793823242,43.08333206176758,45.29166793823242,2631300.0,45.29166793823242
2000-08-04,47.14583206176758,43.66666793823242,45.83333206176758,45.66666793823242,1377300.0,45.66666793823242
2000-08-07,47.625,45.60416793823242,45.95833206176758,47.58333206176758,2368200.0,47.58333206176758
2000-08-08,47.64583206176758,44.83333206176758,47.39583206176758,45.375,1636800.0,45.375
2000-08-09,46.5625,44.41666793823242,45.85416793823242,45.0,935100.0,45.0
2000-08-10,47.0,43.0,45.25,46.79166793823242,1851000.0,46.79166793823242
2000-08-11,46.41666793823242,43.54166793823242,46.39583206176758,45.33333206176758,2750700.0,45.33333206176758
2000-08-14,46.25,43.66666793823242,45.6875,44.27083206176758,1806600.0,44.27083206176758
2000-08-15,44.5,43.0,43.9375,43.05726623535156,1161900.0,43.05726623535156
2000-08-16,44.04166793823242,41.33333206176758,44.0,41.91666793823242,2292300.0,41.91666793823242
2000-08-17,44.3125,41.58333206176758,41.875,43.85416793823242,2052600.0,43.85416793823242
2000-08-18,45.25,43.41666793823242,44.375,43.97916793823242,1485600.0,43.97916793823242
2000-08-21,44.02083206176758,42.83333206176758,44.0,43.41666793823242,841500.0,43.41666793823242
2000-08-22,44.41666793823242,42.41666793823242,43.75,42.45833206176758,1790400.0,42.45833206176758
2000-08-23,43.25,42.16666793823242,42.33333206176758,42.52083206176758,1795500.0,42.52083206176758
2000-08-24,45.58333206176758,42.5,42.70833206176758,45.45833206176758,2037600.0,45.45833206176758
2000-08-25,47.14583206176758,45.0,45.03123474121094,46.45833206176758,2696100.0,46.45833206176758
2000-08-28,47.33333206176758,45.66666793823242,46.41666793823242,46.58333206176758,2308800.0,46.58333206176758
2000-08-29,46.82809829711914,45.088531494140625,46.29166793823242,45.95833206176758,1726800.0,45.95833206176758
2000-08-30,46.04166793823242,44.89583206176758,45.83333206176758,45.3125,1517400.0,45.3125
2000-08-31,47.5625,44.70833206176758,45.45833206176758,46.54166793823242,1907400.0,46.54166793823242
2000-09-01,50.33333206176758,46.70833206176758,47.39583206176758,50.3125,3680100.0,50.3125
2000-09-05,50.02083206176758,46.35416793823242,50.0,46.52083206176758,2111400.0,46.52083206176758
2000-09-06,47.16666793823242,43.75,47.14583206176758,44.58333206176758,2542800.0,44.58333206176758
2000-09-07,47.29166793823242,44.02083206176758,44.83333206176758,47.0,1712100.0,47.0
2000-09-08,49.66666793823242,45.16666793823242,46.75,48.97916793823242,2824500.0,48.97916793823242
2000-09-11,48.91666793823242,45.35416793823242,48.85416793823242,45.83333206176758,3266700.0,45.83333206176758
2000-09-12,47.29166793823242,45.0,46.02083206176758,45.33333206176758,1716900.0,45.33333206176758
2000-09-13,46.29166793823242,45.088531494140625,45.33333206176758,45.91666793823242,1527300.0,45.91666793823242
2000-09-14,48.8125,46.58333206176758,47.125,47.25,1838100.0,47.25
2000-09-15,49.33333206176758,47.91666793823242,47.9375,48.79166793823242,2378700.0,48.79166793823242
2000-09-18,48.83333206176758,45.89583206176758,48.3125,46.4375,1659000.0,46.4375
2000-09-19,49.09373474121094,45.77083206176758,46.83333206176758,48.89583206176758,2614200.0,48.89583206176758
2000-09-20,51.39583206176758,47.58333206176758,49.14583206176758,51.0625,3108900.0,51.0625
2000-09-21,56.20833206176758,49.838531494140625,50.33333206176758,55.75,3796800.0,55.75
2000-09-22,56.91666793823242,53.45833206176758,54.0,56.8125,3575100.0,56.8125
2000-09-25,59.125,55.64583206176758,56.625,56.08333206176758,3619200.0,56.08333206176758
2000-09-26,57.20833206176758,54.66666793823242,56.5,56.75,3518100.0,56.75
2000-09-27,58.35416793823242,55.20833206176758,56.5625,57.3125,2949300.0,57.3125
2000-09-28,60.04166793823242,56.95833206176758,57.41666793823242,58.52083206176758,2863800.0,58.52083206176758
2000-09-29,59.08333206176758,56.89583206176758,58.66666793823242,58.45309829711914,1738800.0,58.45309829711914
2000-10-02,58.77083206176758,51.72916793823242,58.75,52.33333206176758,4101900.0,52.33333206176758
2000-10-03,56.375,50.75,52.5625,53.02083206176758,4274100.0,53.02083206176758
2000-10-04,55.16666793823242,51.66666793823242,52.25,53.6875,1709400.0,53.6875
2000-10-05,55.16666793823242,52.83333206176758,53.54166793823242,53.75,2041200.0,53.75
2000-10-06,55.54166793823242,51.91666793823242,54.41666793823242,53.70833206176758,1654800.0,53.70833206176758
2000-10-09,55.125,51.20833206176758,53.64583206176758,54.91666793823242,2649900.0,54.91666793823242
2000-10-10,58.5,54.45833206176758,54.83333206176758,56.33333206176758,4115400.0,56.33333206176758
2000-10-11,57.58333206176758,52.33333206176758,57.52083206176758,54.75519943237305,4712400.0,54.75519943237305
2000-10-12,57.0,52.6875,55.66666793823242,53.29166793823242,4526400.0,53.29166793823242
2000-10-13,54.625,51.75,53.02083206176758,54.16666793823242,3147900.0,54.16666793823242
2000-10-16,57.75,53.75,54.0625,55.875,2850600.0,55.875
2000-10-17,61.89583206176758,56.33333206176758,56.5,60.6875,7329900.0,60.6875
2000-10-18,65.375,57.66666793823242,58.864566802978516,62.625,6116100.0,62.625
2000-10-19,63.3125,59.04166793823242,61.97916793823242,62.875,5436600.0,62.875
2000-10-20,65.33333587646484,62.14583206176758,62.70833206176758,63.41666793823242,3651000.0,63.41666793823242
2000-10-23,67.0,64.64583587646484,64.75,65.63020324707031,5017200.0,65.63020324707031
2000-10-24,67.39583587646484,64.04166412353516,65.08333587646484,66.91666412353516,5764800.0,66.91666412353516
2000-10-25,67.33333587646484,62.16666793823242,66.33333587646484,62.33333206176758,5685600.0,62.33333206176758
2000-10-26,64.625,59.33333206176758,64.08333587646484,63.39583206176758,3934500.0,63.39583206176758
2000-10-27,64.04166412353516,60.33333206176758,63.66666793823242,61.625,2532000.0,61.625
2000-10-30,62.625,58.95833206176758,61.875,61.58333206176758,2773500.0,61.58333206176758
2000-10-31,65.4375,60.875,61.66666793823242,65.375,3495000.0,65.375
2000-11-01,69.16666412353516,63.41666793823242,65.3228988647461,68.70833587646484,4222200.0,68.70833587646484
2000-11-02,73.16666412353516,69.125,69.88020324707031,72.6875,5688000.0,72.6875
2000-11-03,73.83333587646484,70.75,73.41666412353516,71.25,3266400.0,71.25
2000-11-06,70.66666412353516,67.125,70.66666412353516,69.6875,3878100.0,69.6875
2000-11-07,70.58333587646484,68.66666412353516,70.08333587646484,70.04166412353516,2451600.0,70.04166412353516
2000-11-08,74.0,70.66666412353516,71.375,73.41666412353516,3610500.0,73.41666412353516
2000-11-09,73.25,65.33333587646484,71.625,69.8125,5649900.0,69.8125
2000-11-10,69.85416412353516,66.17186737060547,68.33333587646484,66.5625,2011200.0,66.5625
2000-11-13,64.83333587646484,55.54166793823242,64.16666412353516,56.5,9887700.0,56.5
2000-11-14,58.91666793823242,54.54166793823242,56.0,56.95833206176758,7041300.0,56.95833206176758
2000-11-15,61.45833206176758,56.66666793823242,57.0,60.60416793823242,5768700.0,60.60416793823242
2000-11-16,61.66666793823242,58.20833206176758,59.70833206176758,58.47916793823242,8548200.0,58.47916793823242
2000-11-17,60.16666793823242,54.5,58.33333206176758,56.83333206176758,7331400.0,56.83333206176758
2000-11-20,56.83333206176758,50.375,55.125,50.8125,8979900.0,50.8125
2000-11-21,54.72916793823242,50.75,52.427066802978516,53.8125,6277500.0,53.8125
2000-11-22,56.66666793823242,51.16666793823242,52.66666793823242,56.0625,4686900.0,56.0625
2000-11-24,59.20833206176758,56.5,57.16666793823242,56.5,2169300.0,56.5
2000-11-27,65.04166412353516,60.125,60.41666793823242,64.85416412353516,7424100.0,64.85416412353516
2000-11-28,64.83333587646484,61.83333206176758,63.66666793823242,62.875,4701600.0,62.875
2000-11-29,65.33333587646484,60.41666793823242,62.66666793823242,61.91666793823242,4498800.0,61.91666793823242
2000-11-30,63.54166793823242,57.79166793823242,61.4375,58.02083206176758,5879400.0,58.02083206176758
2000-12-01,62.83333206176758,57.33333206176758,59.02083206176758,59.66666793823242,5493900.0,59.66666793823242
2000-12-04,61.33333206176758,56.3125,61.33333206176758,57.79166793823242,6322200.0,57.79166793823242
2000-12-05,63.33333206176758,58.66666793823242,59.27083206176758,62.95833206176758,4697400.0,62.95833206176758
2000-12-06,67.75,62.97916793823242,62.97916793823242,66.16666412353516,5383800.0,66.16666412353516
2000-12-07,68.20833587646484,64.54166412353516,66.0,67.6875,2970000.0,67.6875
2000-12-08,72.75,68.875,69.41666412353516,71.10416412353516,6378600.0,71.10416412353516
2000-12-11,74.72916412353516,69.66666412353516,72.60416412353516,72.66666412353516,5640000.0,72.66666412353516
2000-12-12,75.25,68.66666412353516,72.91666412353516,69.16666412353516,6350100.0,69.16666412353516
2000-12-13,71.0,64.8125,70.04166412353516,67.79166412353516,4326300.0,67.79166412353516
2000-12-14,71.10416412353516,66.0,66.33333587646484,69.39583587646484,3975000.0,69.39583587646484
2000-12-15,70.41666412353516,65.0,70.10416412353516,69.8125,14466600.0,69.8125
2000-12-18,75.16143035888672,69.79166412353516,71.375,75.08333587646484,6544800.0,75.08333587646484
2000-12-19,77.64583587646484,65.33333587646484,74.54166412353516,66.79166412353516,11128800.0,66.79166412353516
2000-12-20,64.66666412353516,61.0,64.125,61.35416793823242,8911200.0,61.35416793823242
2000-12-21,64.4375,57.95833206176758,61.66666793823242,62.39583206176758,6119700.0,62.39583206176758
2000-12-22,65.95833587646484,62.66666793823242,64.1875,65.3125,3704700.0,65.3125
2000-12-26,69.0,64.625,64.625,67.45833587646484,4161300.0,67.45833587646484
2000-12-27,67.91666412353516,64.85416412353516,66.35416412353516,66.64583587646484,2869800.0,66.64583587646484
2000-12-28,67.91666412353516,62.58333206176758,65.47916412353516,65.58333587646484,4030500.0,65.58333587646484
2000-12-29,68.375,63.08333206176758,65.52083587646484,63.1875,5163000.0,63.1875
2001-01-02,63.66666793823242,58.02083206176758,63.08333206176758,59.25,5691300.0,59.25
2001-01-03,63.0,52.5,58.85416793823242,62.10416793823242,12440700.0,62.10416793823242
2001-01-04,61.72916793823242,53.29166793823242,60.27083206176758,55.33333206176758,8531700.0,55.33333206176758
2001-01-05,55.91666793823242,50.58333206176758,55.39583206176758,51.6875,7761900.0,51.6875
2001-01-08,51.0,45.33333206176758,50.8125,49.72916793823242,11867100.0,49.72916793823242
2001-01-09,51.0,46.5,50.72916793823242,47.83333206176758,8837400.0,47.83333206176758
2001-01-10,54.10416793823242,47.16666793823242,47.41666793823242,52.70833206176758,9818700.0,52.70833206176758
2001-01-11,56.58333206176758,51.625,53.41666793823242,55.0,6415500.0,55.0
2001-01-12,59.08333206176758,54.16666793823242,55.72916793823242,56.20833206176758,8835000.0,56.20833206176758
2001-01-16,58.125,54.77083206176758,55.8125,57.33333206176758,3551100.0,57.33333206176758
2001-01-17,58.66666793823242,52.82809829711914,58.0,54.4375,6144300.0,54.4375
2001-01-18,59.0,53.125,55.375,56.875,3473300.0,56.875
2001-01-19,61.75,56.1875,61.6875,56.89059829711914,3840900.0,56.89059829711914
2001-01-22,62.3125,57.25,59.625,60.125,3578100.0,60.125
2001-01-23,63.9375,59.6875,60.75,63.125,3419300.0,63.125
2001-01-24,65.6875,63.0,63.6875,64.0625,4861400.0,64.0625
2001-01-25,63.5625,60.0625,63.0625,61.76559829711914,1780900.0,61.76559829711914
2001-01-26,64.875,59.6875,60.0,63.3125,1765300.0,63.3125
2001-01-29,66.9375,62.375,64.1875,66.8125,3500300.0,66.8125
2001-01-30,67.5625,62.1875,67.125,62.625,3605800.0,62.625
2001-01-31,63.875,58.125,63.4375,58.8125,2834200.0,58.8125
2001-02-01,58.8125,56.375,58.75,57.0625,2225200.0,57.0625
2001-02-02,59.6875,56.5,59.5,57.23429870605469,4011200.0,57.23429870605469
2001-02-05,58.75,55.01559829711914,55.9375,57.5,2038000.0,57.5
2001-02-06,60.625,57.75,58.1875,59.0,2211000.0,59.0
2001-02-07,60.6875,57.625,58.0625,58.125,2785700.0,58.125
2001-02-08,60.5,58.375,58.5,59.5,1752000.0,59.5
2001-02-09,60.125,58.4375,58.6875,59.3125,1738100.0,59.3125
2001-02-12,63.25,58.875,59.3125,61.75,2534600.0,61.75
2001-02-13,63.0,59.0,62.48429870605469,59.625,2271200.0,59.625
2001-02-14,61.0,56.125,60.125,60.4375,2076200.0,60.4375
2001-02-15,61.75,58.75,60.1875,59.5,2471400.0,59.5
2001-02-16,58.125,55.0,56.875,55.0,3736300.0,55.0
2001-02-20,57.125,54.0,56.125,55.5,2817200.0,55.5
2001-02-21,57.5,52.125,55.0,53.25,2341600.0,53.25
2001-02-22,54.125,50.0625,53.57809829711914,52.5625,2879100.0,52.5625
2001-02-23,55.0,51.25,51.875,54.0,3342400.0,54.0
2001-02-26,59.125,55.1875,55.20309829711914,58.0,3717000.0,58.0
2001-02-27,59.1875,54.0625,58.6875,54.4375,2097200.0,54.4375
2001-02-28,57.5,53.0,55.46870040893555,56.375,1715100.0,56.375
2001-03-01,56.5,51.625,55.5,54.54679870605469,2400300.0,54.54679870605469
2001-03-02,57.25,52.75,52.8125,54.3125,2695200.0,54.3125
2001-03-05,55.9375,52.75,54.3125,54.9375,2225700.0,54.9375
2001-03-06,59.375,56.1875,56.1875,57.0,4673600.0,57.0
2001-03-07,57.0,55.25,56.6875,56.0625,2094400.0,56.0625
2001-03-08,56.375,54.375,54.5,55.625,2330500.0,55.625
2001-03-09,57.125,51.0625,53.9375,51.125,2267800.0,51.125
2001-03-12,52.0,45.625,49.4375,45.6875,3138700.0,45.6875
2001-03-13,50.125,44.625,46.6875,48.0,3577200.0,48.0
2001-03-14,54.0,46.0,46.0,51.125,5110000.0,51.125
2001-03-15,54.75,50.75,52.5,50.9375,2543700.0,50.9375
2001-03-16,51.9375,48.0,50.75,48.125,4464400.0,48.125
2001-03-19,52.625,47.5625,49.0,52.5,3102700.0,52.5
2001-03-20,54.0,48.75,53.0625,49.125,2531300.0,49.125
2001-03-21,49.625,41.75,49.25,42.0625,5447800.0,42.0625
2001-03-22,41.6875,32.625,41.5,38.5625,12179800.0,38.5625
2001-03-23,41.4375,37.125,38.9375,39.6875,6289000.0,39.6875
2001-03-26,41.75,38.375,40.6875,39.0625,4419600.0,39.0625
2001-03-27,39.5,36.875,39.4375,38.4375,5041000.0,38.4375
2001-03-28,40.75,35.75,37.5625,39.375,3207000.0,39.375
2001-03-29,42.6875,38.25,39.5,41.0,4758700.0,41.0
2001-03-30,41.75,39.375,41.75,40.0,3399300.0,40.0
2001-04-02,41.125,38.25,39.25,38.6875,4249100.0,38.6875
2001-04-03,38.375,33.5,37.875,35.6875,5892600.0,35.6875
2001-04-04,37.1875,33.625,35.625,35.75,4858700.0,35.75
2001-04-05,42.32809829711914,36.75,38.0,42.125,4594600.0,42.125
2001-04-06,45.375,39.3125,40.5,41.375,4386100.0,41.375
2001-04-09,44.959999084472656,42.130001068115234,42.599998474121094,43.38999938964844,2602000.0,43.38999938964844
2001-04-10,48.13999938964844,44.20000076293945,44.540000915527344,47.310001373291016,3008600.0,47.310001373291016
2001-04-11,49.20000076293945,42.25,48.599998474121094,45.369998931884766,4121600.0,45.369998931884766
2001-04-12,49.25,44.5,44.970001220703125,49.22999954223633,2716900.0,49.22999954223633
2001-04-16,52.0,48.0,49.7599983215332,48.779998779296875,3711200.0,48.779998779296875
2001-04-17,52.529998779296875,47.5,48.0,50.5099983215332,4784800.0,50.5099983215332
2001-04-18,57.060001373291016,51.099998474121094,53.29999923706055,54.650001525878906,6274300.0,54.650001525878906
2001-04-19,54.65999984741211,51.439998626708984,54.099998474121094,52.13999938964844,4603100.0,52.13999938964844
2001-04-20,49.810001373291016,45.52000045776367,45.52000045776367,48.27000045776367,9117000.0,48.27000045776367
2001-04-23,47.790000915527344,44.79999923706055,47.59000015258789,44.880001068115234,3139900.0,44.880001068115234
2001-04-24,45.13999938964844,42.68000030517578,45.13999938964844,43.09000015258789,3230200.0,43.09000015258789
2001-04-25,46.54999923706055,42.939998626708984,43.84000015258789,46.060001373291016,2857600.0,46.060001373291016
2001-04-26,47.790000915527344,43.63999938964844,46.56999969482422,45.099998474121094,2624800.0,45.099998474121094
2001-04-27,48.439998626708984,46.209999084472656,46.290000915527344,48.029998779296875,2222900.0,48.029998779296875
2001-04-30,51.150001525878906,48.650001525878906,49.45000076293945,49.20000076293945,4564000.0,49.20000076293945
2001-05-01,50.04999923706055,46.439998626708984,50.0,47.5099983215332,4129000.0,47.5099983215332
2001-05-02,47.599998474121094,44.86000061035156,47.29999923706055,46.540000915527344,3085700.0,46.540000915527344
2001-05-03,46.0,44.45000076293945,45.70000076293945,45.099998474121094,2703900.0,45.099998474121094
2001-05-04,53.25,42.900001525878906,44.04999923706055,51.939998626708984,8696200.0,51.939998626708984
2001-05-07,54.150001525878906,50.70000076293945,52.04999923706055,52.959999084472656,4115900.0,52.959999084472656
2001-05-08,55.599998474121094,51.75,53.720001220703125,55.02000045776367,3471400.0,55.02000045776367
2001-05-09,55.959999084472656,53.25,53.65999984741211,54.189998626708984,2020600.0,54.189998626708984
2001-05-10,55.25,52.20000076293945,55.15999984741211,52.810001373291016,2339400.0,52.810001373291016
2001-05-11,54.88999938964844,50.70000076293945,54.66999816894531,52.0,3812000.0,52.0
2001-05-14,53.4900016784668,50.099998474121094,53.349998474121094,50.63999938964844,2306700.0,50.63999938964844
2001-05-15,51.560001373291016,49.33000183105469,50.36000061035156,49.810001373291016,3089000.0,49.810001373291016
2001-05-16,54.04999923706055,48.650001525878906,49.0099983215332,53.18000030517578,4023500.0,53.18000030517578
2001-05-17,55.5,52.650001525878906,53.0,55.099998474121094,3952400.0,55.099998474121094
2001-05-18,58.459999084472656,54.83000183105469,55.40999984741211,57.04999923706055,3832100.0,57.04999923706055
2001-05-21,62.5,57.849998474121094,58.04999923706055,62.45000076293945,4952000.0,62.45000076293945
2001-05-22,62.70000076293945,59.70000076293945,62.689998626708984,60.20000076293945,3686300.0,60.20000076293945
2001-05-23,59.790000915527344,56.5099983215332,59.790000915527344,57.16999816894531,2351000.0,57.16999816894531
2001-05-24,60.5,56.849998474121094,57.45000076293945,60.41999816894531,3089200.0,60.41999816894531
2001-05-25,60.900001525878906,58.619998931884766,59.7599983215332,60.529998779296875,1592500.0,60.529998779296875
2001-05-29,62.400001525878906,59.20000076293945,60.900001525878906,60.41999816894531,1999200.0,60.41999816894531
2001-05-30,61.599998474121094,58.29999923706055,59.0,59.849998474121094,3448500.0,59.849998474121094
2001-05-31,63.349998474121094,60.45000076293945,61.9900016784668,61.599998474121094,3621000.0,61.599998474121094
2001-06-01,65.44000244140625,61.72999954223633,62.36000061035156,65.38999938964844,2547200.0,65.38999938964844
2001-06-04,69.19999694824219,65.44000244140625,66.5199966430664,68.95999908447266,4186300.0,68.95999908447266
2001-06-05,75.0,70.0,70.2699966430664,74.56999969482422,7059300.0,74.56999969482422
2001-06-06,74.08999633789062,69.73999786376953,74.05000305175781,70.95999908447266,5827800.0,70.95999908447266
2001-06-07,73.86000061035156,69.80999755859375,70.48999786376953,72.95999908447266,2946400.0,72.95999908447266
2001-06-08,73.06999969482422,71.19999694824219,72.63999938964844,71.66000366210938,2087400.0,71.66000366210938
2001-06-11,71.69999694824219,67.69999694824219,71.66999816894531,68.94000244140625,3342300.0,68.94000244140625
2001-06-12,69.19999694824219,65.05000305175781,65.94000244140625,67.97000122070312,3668200.0,67.97000122070312
2001-06-13,71.0,67.31999969482422,68.29000091552734,68.5,4869400.0,68.5
2001-06-14,70.97000122070312,66.4000015258789,67.6500015258789,70.3499984741211,3672300.0,70.3499984741211
2001-06-15,73.0999984741211,67.8499984741211,69.38999938964844,73.0,4069600.0,73.0
2001-06-18,74.91000366210938,70.30999755859375,73.51000213623047,71.47000122070312,3201500.0,71.47000122070312
2001-06-19,74.29000091552734,67.62999725341797,72.76000213623047,70.0,3253200.0,70.0
2001-06-20,73.5,68.81999969482422,69.98999786376953,70.83999633789062,4899600.0,70.83999633789062
2001-06-21,70.81999969482422,67.33999633789062,70.81999969482422,68.61000061035156,4439200.0,68.61000061035156
2001-06-22,68.51000213623047,65.0,68.51000213623047,66.7300033569336,3208300.0,66.7300033569336
2001-06-25,67.05999755859375,63.25,67.05999755859375,65.08999633789062,3346500.0,65.08999633789062
2001-06-26,65.5,62.5,64.0,62.84000015258789,2999200.0,62.84000015258789
2001-06-27,65.12999725341797,61.20000076293945,62.79999923706055,64.37999725341797,5949900.0,64.37999725341797
2001-06-28,68.7699966430664,63.5,64.27999877929688,64.9800033569336,4875900.0,64.9800033569336
2001-06-29,69.0,63.13999938964844,64.7699966430664,67.69000244140625,4874100.0,67.69000244140625
2001-07-02,68.0999984741211,64.22000122070312,67.95999908447266,65.75,3348900.0,65.75
2001-07-03,69.5999984741211,67.54000091552734,68.08999633789062,68.02999877929688,2802300.0,68.02999877929688
2001-07-05,68.58999633789062,63.59000015258789,68.08999633789062,63.599998474121094,3319400.0,63.599998474121094
2001-07-06,63.380001068115234,59.79999923706055,63.369998931884766,61.77000045776367,4072900.0,61.77000045776367
2001-07-09,64.13999938964844,61.91999816894531,61.91999816894531,63.779998779296875,2469100.0,63.779998779296875
2001-07-10,64.56999969482422,61.0,64.36000061035156,61.29999923706055,3986300.0,61.29999923706055
2001-07-11,62.529998779296875,59.119998931884766,60.790000915527344,61.47999954223633,4905300.0,61.47999954223633
2001-07-12,54.0,49.5,51.630001068115234,52.15999984741211,17803100.0,52.15999984741211
2001-07-13,56.470001220703125,52.220001220703125,52.220001220703125,54.77000045776367,4189100.0,54.77000045776367
2001-07-16,54.709999084472656,49.599998474121094,54.599998474121094,49.9900016784668,4076800.0,49.9900016784668
2001-07-17,52.189998626708984,50.06999969482422,50.400001525878906,52.150001525878906,3478200.0,52.150001525878906
2001-07-18,54.06999969482422,51.5,51.939998626708984,52.77000045776367,2673200.0,52.77000045776367
2001-07-19,54.22999954223633,50.77000045776367,53.5,51.599998474121094,2743600.0,51.599998474121094
2001-07-20,53.61000061035156,51.09000015258789,51.849998474121094,52.97999954223633,2962000.0,52.97999954223633
2001-07-23,58.04999923706055,54.90999984741211,56.119998931884766,55.040000915527344,3615800.0,55.040000915527344
2001-07-24,55.45000076293945,53.650001525878906,55.02000045776367,53.959999084472656,3311200.0,53.959999084472656
2001-07-25,54.900001525878906,52.900001525878906,54.099998474121094,52.93000030517578,3484900.0,52.93000030517578
2001-07-26,57.0,53.41999816894531,53.43000030517578,55.119998931884766,2673900.0,55.119998931884766
2001-07-27,58.25,55.7400016784668,55.75,56.900001525878906,2249600.0,56.900001525878906
2001-07-30,57.400001525878906,54.939998626708984,56.5099983215332,55.790000915527344,1298900.0,55.790000915527344
2001-07-31,57.380001068115234,53.7599983215332,56.13999938964844,53.97999954223633,2346700.0,53.97999954223633
2001-08-01,55.20000076293945,50.900001525878906,54.61000061035156,51.04999923706055,4310100.0,51.04999923706055
2001-08-02,53.25,49.0,52.900001525878906,49.689998626708984,4471200.0,49.689998626708984
2001-08-03,51.5,48.68000030517578,50.650001525878906,50.40999984741211,3544600.0,50.40999984741211
2001-08-06,51.33000183105469,48.95000076293945,50.79999923706055,49.34000015258789,2389400.0,49.34000015258789
2001-08-07,49.900001525878906,47.119998931884766,49.66999816894531,47.959999084472656,3043400.0,47.959999084472656
2001-08-08,48.9900016784668,47.13999938964844,48.099998474121094,47.13999938964844,4060000.0,47.13999938964844
2001-08-09,48.61000061035156,46.04999923706055,47.16999816894531,48.290000915527344,2971400.0,48.290000915527344
2001-08-10,50.459999084472656,48.2400016784668,49.91999816894531,48.619998931884766,4428700.0,48.619998931884766
2001-08-13,50.9900016784668,47.689998626708984,48.68000030517578,50.77000045776367,2255300.0,50.77000045776367
2001-08-14,52.59000015258789,50.63999938964844,50.720001220703125,52.2400016784668,2583800.0,52.2400016784668
2001-08-15,53.0,49.95000076293945,52.54999923706055,50.81999969482422,3032300.0,50.81999969482422
2001-08-16,51.72999954223633,48.70000076293945,49.9900016784668,51.529998779296875,2179400.0,51.529998779296875
2001-08-17,52.290000915527344,50.04999923706055,51.099998474121094,50.310001373291016,1651800.0,50.310001373291016
2001-08-20,51.650001525878906,48.79999923706055,50.38999938964844,49.93000030517578,1439400.0,49.93000030517578
2001-08-21,52.66999816894531,50.02000045776367,50.099998474121094,50.11000061035156,1856100.0,50.11000061035156
2001-08-22,53.349998474121094,49.11000061035156,50.58000183105469,52.88999938964844,2851100.0,52.88999938964844
2001-08-23,58.150001525878906,53.0099983215332,53.0099983215332,57.369998931884766,10206800.0,57.369998931884766
2001-08-24,60.95000076293945,57.939998626708984,58.04999923706055,60.91999816894531,5001200.0,60.91999816894531
2001-08-27,62.33000183105469,60.16999816894531,60.81999969482422,60.34000015258789,3022400.0,60.34000015258789
2001-08-28,60.650001525878906,58.61000061035156,60.63999938964844,59.90999984741211,2839000.0,59.90999984741211
2001-08-29,61.689998626708984,59.06999969482422,60.25,60.040000915527344,2902600.0,60.040000915527344
2001-08-30,61.400001525878906,59.4900016784668,59.4900016784668,60.41999816894531,2786700.0,60.41999816894531
2001-08-31,60.959999084472656,58.58000183105469,60.22999954223633,59.27000045776367,2327100.0,59.27000045776367
2001-09-04,62.4900016784668,59.130001068115234,59.630001068115234,59.27000045776367,3628000.0,59.27000045776367
2001-09-05,60.70000076293945,57.68000030517578,59.310001373291016,58.560001373291016,3649400.0,58.560001373291016
2001-09-06,59.709999084472656,56.310001373291016,58.560001373291016,56.70000076293945,3469400.0,56.70000076293945
2001-09-07,57.900001525878906,55.02000045776367,57.08000183105469,57.61000061035156,3538800.0,57.61000061035156
2001-09-10,60.20000076293945,54.66999816894531,57.79999923706055,56.150001525878906,8436600.0,56.150001525878906
2001-09-17,58.040000915527344,53.209999084472656,54.0,53.939998626708984,6109700.0,53.939998626708984
2001-09-18,54.70000076293945,49.849998474121094,54.529998779296875,50.310001373291016,3427200.0,50.310001373291016
2001-09-19,51.5,46.75,51.22999954223633,49.810001373291016,5972400.0,49.810001373291016
2001-09-20,52.5,48.349998474121094,48.400001525878906,50.09000015258789,4305600.0,50.09000015258789
2001-09-21,49.4900016784668,45.88999938964844,47.13999938964844,46.58000183105469,5953100.0,46.58000183105469
2001-09-24,49.5,44.779998779296875,47.95000076293945,45.34000015258789,4294000.0,45.34000015258789
2001-09-25,47.90999984741211,44.810001373291016,44.900001525878906,46.060001373291016,4060800.0,46.060001373291016
2001-09-26,47.86000061035156,45.70000076293945,46.790000915527344,46.36000061035156,3190300.0,46.36000061035156
2001-09-27,51.29999923706055,45.70000076293945,46.63999938964844,51.27000045776367,3521500.0,51.27000045776367
2001-09-28,52.970001220703125,49.150001525878906,52.20000076293945,49.56999969482422,4259100.0,49.56999969482422
2001-10-01,52.099998474121094,47.06999969482422,48.5,51.599998474121094,3804000.0,51.599998474121094
2001-10-02,52.099998474121094,49.369998931884766,51.880001068115234,51.619998931884766,2969700.0,51.619998931884766
2001-10-03,55.099998474121094,50.75,50.900001525878906,53.7400016784668,3296200.0,53.7400016784668
2001-10-04,55.40999984741211,51.349998474121094,53.720001220703125,51.470001220703125,5371600.0,51.470001220703125
2001-10-05,52.38999938964844,49.25,51.2599983215332,50.619998931884766,2632700.0,50.619998931884766
2001-10-08,50.970001220703125,48.150001525878906,50.2400016784668,48.81999969482422,2010900.0,48.81999969482422
2001-10-09,51.59000015258789,48.560001373291016,49.150001525878906,50.33000183105469,2725100.0,50.33000183105469
2001-10-10,50.61000061035156,48.47999954223633,49.41999816894531,50.06999969482422,8581300.0,50.06999969482422
2001-10-11,56.5099983215332,52.22999954223633,54.29999923706055,52.970001220703125,8527900.0,52.970001220703125
2001-10-12,53.650001525878906,50.61000061035156,52.900001525878906,52.93000030517578,3764000.0,52.93000030517578
2001-10-15,54.54999923706055,52.5,52.70000076293945,53.4900016784668,1960200.0,53.4900016784668
2001-10-16,55.150001525878906,53.650001525878906,53.95000076293945,53.939998626708984,2028500.0,53.939998626708984
2001-10-17,55.5,51.75,55.459999084472656,51.90999984741211,2205200.0,51.90999984741211
2001-10-18,53.400001525878906,50.70000076293945,52.0,53.38999938964844,2248500.0,53.38999938964844
2001-10-19,55.439998626708984,52.400001525878906,53.5,55.0,3049200.0,55.0
2001-10-22,58.08000183105469,54.95000076293945,54.95000076293945,57.22999954223633,2748500.0,57.22999954223633
2001-10-23,57.7599983215332,55.970001220703125,57.5099983215332,57.119998931884766,2839700.0,57.119998931884766
2001-10-24,58.97999954223633,56.38999938964844,56.79999923706055,57.04999923706055,2181800.0,57.04999923706055
2001-10-25,60.09000015258789,55.5,56.4900016784668,59.86000061035156,2770900.0,59.86000061035156
2001-10-26,61.58000183105469,59.400001525878906,59.88999938964844,60.54999923706055,2490700.0,60.54999923706055
2001-10-29,60.380001068115234,56.84000015258789,60.369998931884766,56.88999938964844,2452200.0,56.88999938964844
2001-10-30,59.45000076293945,55.400001525878906,56.25,59.209999084472656,3466700.0,59.209999084472656
2001-10-31,61.25,59.0,59.4900016784668,59.97999954223633,4204600.0,59.97999954223633
2001-11-01,61.22999954223633,58.5,60.08000183105469,61.20000076293945,2172300.0,61.20000076293945
2001-11-02,63.22999954223633,60.869998931884766,61.29999923706055,61.20000076293945,2745900.0,61.20000076293945
2001-11-05,64.66000366210938,62.16999816894531,62.33000183105469,63.91999816894531,3349900.0,63.91999816894531
2001-11-06,66.23999786376953,63.439998626708984,64.0,65.51000213623047,3931500.0,65.51000213623047
2001-11-07,67.2699966430664,64.5,65.61000061035156,64.83000183105469,3353900.0,64.83000183105469
2001-11-08,66.3499984741211,63.0,65.0,63.11000061035156,3151800.0,63.11000061035156
2001-11-09,63.5,60.9900016784668,63.20000076293945,62.709999084472656,2076300.0,62.709999084472656
2001-11-12,64.5,60.040000915527344,62.70000076293945,64.25,2223000.0,64.25
2001-11-13,67.5999984741211,65.4000015258789,66.05000305175781,67.5999984741211,3607200.0,67.5999984741211
2001-11-14,68.83000183105469,66.25,68.37000274658203,67.18000030517578,2206600.0,67.18000030517578
2001-11-15,68.7300033569336,66.68000030517578,67.02999877929688,67.33000183105469,1825800.0,67.33000183105469
2001-11-16,68.37999725341797,66.31999969482422,67.26000213623047,67.61000061035156,1506500.0,67.61000061035156
2001-11-19,70.58000183105469,67.3499984741211,67.86000061035156,70.54000091552734,3080500.0,70.54000091552734
2001-11-20,70.81999969482422,67.0,70.0,67.47000122070312,2731200.0,67.47000122070312
2001-11-21,67.75,66.06999969482422,67.48999786376953,66.97000122070312,3047200.0,66.97000122070312
2001-11-23,67.30000305175781,66.23999786376953,66.66000366210938,67.0,1036100.0,67.0
2001-11-26,70.37000274658203,66.66000366210938,67.19000244140625,70.30999755859375,3402800.0,70.30999755859375
2001-11-27,70.47000122070312,68.33000183105469,70.04000091552734,69.66999816894531,2716500.0,69.66999816894531
2001-11-28,69.4000015258789,66.69999694824219,69.30000305175781,67.2300033569336,3676400.0,67.2300033569336
2001-11-29,69.2699966430664,66.1500015258789,67.0,69.20999908447266,3395400.0,69.20999908447266
2001-11-30,70.68000030517578,68.62000274658203,68.75,70.30000305175781,3333200.0,70.30000305175781
2001-12-03,71.19000244140625,68.94000244140625,69.75,69.26000213623047,3136600.0,69.26000213623047
2001-12-04,69.5,66.55000305175781,69.25,69.43000030517578,3594500.0,69.43000030517578
2001-12-05,72.01000213623047,70.0,70.75,70.76000213623047,3695800.0,70.76000213623047
2001-12-06,73.31999969482422,70.73999786376953,70.98999786376953,71.1500015258789,2517300.0,71.1500015258789
2001-12-07,71.25,68.43000030517578,71.16999816894531,68.75,2903300.0,68.75
2001-12-10,68.93000030517578,64.80999755859375,68.58999633789062,64.80999755859375,5033500.0,64.80999755859375
2001-12-11,68.63999938964844,64.80000305175781,65.45999908447266,67.75,4672700.0,67.75
2001-12-12,68.22000122070312,64.94999694824219,68.08000183105469,67.29000091552734,4253000.0,67.29000091552734
2001-12-13,68.87999725341797,66.33999633789062,66.91999816894531,67.41000366210938,2787100.0,67.41000366210938
2001-12-14,68.75,63.66999816894531,67.16999816894531,67.69999694824219,7026100.0,67.69999694824219
2001-12-17,71.41999816894531,67.51000213623047,67.5199966430664,70.98999786376953,4052800.0,70.98999786376953
2001-12-18,72.38999938964844,70.47000122070312,70.69999694824219,71.16000366210938,2424100.0,71.16000366210938
2001-12-19,72.5999984741211,69.5,70.77999877929688,69.94000244140625,3413400.0,69.94000244140625
2001-12-20,70.66000366210938,67.58000183105469,70.08000183105469,67.5999984741211,2516600.0,67.5999984741211
2001-12-21,69.37999725341797,67.25,67.5999984741211,68.27999877929688,2869100.0,68.27999877929688
2001-12-24,70.04000091552734,68.27999877929688,68.66000366210938,69.56999969482422,786800.0,69.56999969482422
2001-12-26,71.38999938964844,69.44000244140625,69.94999694824219,70.43000030517578,1112000.0,70.43000030517578
2001-12-27,71.19999694824219,69.0999984741211,70.55999755859375,70.25,1259800.0,70.25
2001-12-28,72.51000213623047,70.13999938964844,70.1500015258789,72.2300033569336,1893000.0,72.2300033569336
2001-12-31,72.20999908447266,68.91999816894531,72.20999908447266,68.93000030517578,1989500.0,68.93000030517578
2002-01-02,69.9800033569336,67.27999877929688,68.94999694824219,68.1500015258789,4295700.0,68.1500015258789
2002-01-03,68.0,63.709999084472656,67.80999755859375,63.939998626708984,7838600.0,63.939998626708984
2002-01-04,65.83999633789062,61.25,64.0,64.7699966430664,8976500.0,64.7699966430664
2002-01-07,65.4800033569336,62.290000915527344,65.08999633789062,62.310001373291016,4623700.0,62.310001373291016
2002-01-08,64.36000061035156,62.90999984741211,63.189998626708984,64.26000213623047,7158900.0,64.26000213623047
2002-01-09,65.5,62.900001525878906,65.31999969482422,63.209999084472656,4151400.0,63.209999084472656
2002-01-10,65.31999969482422,62.099998474121094,63.38999938964844,64.91999816894531,3534600.0,64.91999816894531
2002-01-11,66.68000030517578,64.80999755859375,65.4000015258789,65.88999938964844,2657100.0,65.88999938964844
2002-01-14,66.69999694824219,64.04000091552734,66.0,64.05000305175781,2578500.0,64.05000305175781
2002-01-15,64.7300033569336,63.0,63.900001525878906,63.599998474121094,2756900.0,63.599998474121094
2002-01-16,65.0,62.380001068115234,63.4900016784668,62.40999984741211,3177000.0,62.40999984741211
2002-01-17,63.619998931884766,59.20000076293945,63.41999816894531,62.06999969482422,5079600.0,62.06999969482422
2002-01-18,63.099998474121094,59.40999984741211,61.65999984741211,60.630001068115234,4097600.0,60.630001068115234
2002-01-22,63.4900016784668,60.68000030517578,61.290000915527344,61.7400016784668,3894700.0,61.7400016784668
2002-01-23,65.13999938964844,61.779998779296875,62.65999984741211,65.05999755859375,4241200.0,65.05999755859375
2002-01-24,65.44999694824219,62.52000045776367,64.80999755859375,64.2300033569336,4422000.0,64.2300033569336
2002-01-25,65.33000183105469,62.97999954223633,64.18000030517578,63.4900016784668,2129700.0,63.4900016784668
2002-01-28,64.25,61.04999923706055,63.79999923706055,61.560001373291016,2053100.0,61.560001373291016
2002-01-29,62.560001373291016,59.15999984741211,61.9900016784668,59.5099983215332,3951000.0,59.5099983215332
2002-01-30,57.97999954223633,55.20000076293945,56.70000076293945,57.849998474121094,9049900.0,57.849998474121094
2002-01-31,60.54999923706055,57.2400016784668,58.20000076293945,59.459999084472656,4063400.0,59.459999084472656
2002-02-01,62.13999938964844,58.650001525878906,59.97999954223633,58.939998626708984,4056700.0,58.939998626708984
2002-02-04,58.29999923706055,55.02000045776367,58.29999923706055,55.4900016784668,3756700.0,55.4900016784668
2002-02-05,57.36000061035156,54.59000015258789,55.31999969482422,55.400001525878906,4457500.0,55.400001525878906
2002-02-06,56.099998474121094,53.11000061035156,56.09000015258789,53.29999923706055,3657900.0,53.29999923706055
2002-02-07,53.72999954223633,50.08000183105469,53.11000061035156,51.95000076293945,6537800.0,51.95000076293945
2002-02-08,57.5099983215332,52.150001525878906,52.15999984741211,57.38999938964844,4198300.0,57.38999938964844
2002-02-11,57.79999923706055,55.79999923706055,57.09000015258789,56.58000183105469,4077700.0,56.58000183105469
2002-02-12,60.349998474121094,57.099998474121094,57.939998626708984,59.79999923706055,5612900.0,59.79999923706055
2002-02-13,62.130001068115234,59.06999969482422,61.0,59.380001068115234,4235400.0,59.380001068115234
2002-02-14,60.72999954223633,57.75,59.54999923706055,57.83000183105469,2821100.0,57.83000183105469
2002-02-15,60.279998779296875,57.16999816894531,58.099998474121094,58.9900016784668,2564200.0,58.9900016784668
2002-02-19,58.5,56.0099983215332,58.459999084472656,56.0099983215332,2351100.0,56.0099983215332
2002-02-20,62.099998474121094,59.720001220703125,60.7400016784668,62.099998474121094,8544300.0,62.099998474121094
2002-02-21,63.599998474121094,60.380001068115234,62.0,60.91999816894531,4800200.0,60.91999816894531
2002-02-22,62.790000915527344,59.7400016784668,61.040000915527344,62.060001373291016,3105300.0,62.060001373291016
2002-02-25,63.599998474121094,60.290000915527344,62.119998931884766,63.060001373291016,3583400.0,63.060001373291016
2002-02-26,64.69000244140625,63.2599983215332,63.36000061035156,64.12000274658203,3624900.0,64.12000274658203
2002-02-27,65.58000183105469,63.40999984741211,65.4000015258789,63.41999816894531,3230800.0,63.41999816894531
2002-02-28,65.4000015258789,62.77000045776367,64.45999908447266,62.81999969482422,3304800.0,62.81999969482422
2002-03-01,65.55000305175781,61.099998474121094,62.58000183105469,65.23999786376953,3479200.0,65.23999786376953
2002-03-04,67.87000274658203,66.0,66.05000305175781,67.55999755859375,3006400.0,67.55999755859375
2002-03-05,68.5,65.6500015258789,67.44000244140625,65.7300033569336,3504400.0,65.7300033569336
2002-03-06,69.37000274658203,66.02999877929688,66.19999694824219,68.97000122070312,3665400.0,68.97000122070312
2002-03-07,69.55000305175781,67.33000183105469,68.6500015258789,67.44000244140625,2220000.0,67.44000244140625
2002-03-08,69.0999984741211,67.16999816894531,67.69000244140625,67.58999633789062,2696200.0,67.58999633789062
2002-03-11,67.83000183105469,66.16000366210938,67.5999984741211,66.16000366210938,3077500.0,66.16000366210938
2002-03-12,67.4800033569336,65.05999755859375,65.8499984741211,66.37999725341797,2118000.0,66.37999725341797
2002-03-13,69.94999694824219,68.33000183105469,68.4000015258789,69.30999755859375,4668100.0,69.30999755859375
2002-03-14,69.58000183105469,67.16000366210938,68.9000015258789,68.22000122070312,2799700.0,68.22000122070312
2002-03-15,70.0,68.05999755859375,68.20999908447266,69.93000030517578,2797200.0,69.93000030517578
2002-03-18,71.12999725341797,68.86000061035156,69.69000244140625,70.95999908447266,4333800.0,70.95999908447266
2002-03-19,71.4000015258789,69.54000091552734,70.76000213623047,70.33999633789062,1910100.0,70.33999633789062
2002-03-20,70.38999938964844,67.58000183105469,69.80000305175781,67.62000274658203,2649800.0,67.62000274658203
2002-03-21,70.7300033569336,66.75,67.88999938964844,70.18000030517578,3249500.0,70.18000030517578
2002-03-22,70.87999725341797,69.18000030517578,69.79000091552734,69.19999694824219,2035600.0,69.19999694824219
2002-03-25,69.43000030517578,66.51000213623047,69.19999694824219,67.1500015258789,3207100.0,67.1500015258789
2002-03-26,68.8499984741211,67.02999877929688,67.18000030517578,67.98999786376953,3102800.0,67.98999786376953
2002-03-27,69.08000183105469,67.19999694824219,67.5,67.7300033569336,2618600.0,67.7300033569336
2002-03-28,68.0,64.08999633789062,67.94000244140625,64.30000305175781,5280300.0,64.30000305175781
2002-04-01,65.80999755859375,63.380001068115234,64.37000274658203,65.55000305175781,3682700.0,65.55000305175781
2002-04-02,66.83999633789062,64.0999984741211,65.25,64.77999877929688,4217200.0,64.77999877929688
2002-04-03,65.68000030517578,61.91999816894531,65.25,63.189998626708984,4606400.0,63.189998626708984
2002-04-04,64.37000274658203,60.560001373291016,63.150001525878906,60.93000030517578,5481000.0,60.93000030517578
2002-04-05,61.790000915527344,58.189998626708984,61.38999938964844,60.040000915527344,8174100.0,60.040000915527344
2002-04-08,60.93000030517578,58.25,59.400001525878906,59.779998779296875,4944200.0,59.779998779296875
2002-04-09,60.38999938964844,57.66999816894531,60.0,57.939998626708984,3590400.0,57.939998626708984
2002-04-10,62.470001220703125,59.2400016784668,60.11000061035156,61.70000076293945,8881200.0,61.70000076293945
2002-04-11,62.47999954223633,59.279998779296875,61.720001220703125,59.369998931884766,4823000.0,59.369998931884766
2002-04-12,60.5,58.22999954223633,59.959999084472656,60.18000030517578,3645800.0,60.18000030517578
2002-04-15,61.880001068115234,59.060001373291016,60.439998626708984,61.650001525878906,2825300.0,61.650001525878906
2002-04-16,62.650001525878906,60.77000045776367,61.95000076293945,61.52000045776367,3052300.0,61.52000045776367
2002-04-17,61.849998474121094,60.650001525878906,61.79999923706055,61.0,2191100.0,61.0
2002-04-18,64.37000274658203,60.66999816894531,60.97999954223633,64.0,3310700.0,64.0
2002-04-19,64.70999908447266,62.08000183105469,64.66000366210938,62.72999954223633,3087000.0,62.72999954223633
2002-04-22,63.15999984741211,61.2599983215332,62.5099983215332,62.83000183105469,3011500.0,62.83000183105469
2002-04-23,62.959999084472656,60.869998931884766,62.709999084472656,61.150001525878906,3049600.0,61.150001525878906
2002-04-24,60.099998474121094,58.16999816894531,59.869998931884766,58.33000183105469,12542400.0,58.33000183105469
2002-04-25,58.33000183105469,55.75,58.279998779296875,56.72999954223633,4678800.0,56.72999954223633
2002-04-26,57.02000045776367,54.5,57.0,54.650001525878906,5433100.0,54.650001525878906
2002-04-29,54.88999938964844,51.790000915527344,54.560001373291016,52.52000045776367,5625100.0,52.52000045776367
2002-04-30,55.27000045776367,51.13999938964844,52.5,54.95000076293945,8395600.0,54.95000076293945
2002-05-01,54.880001068115234,53.13999938964844,54.869998931884766,54.25,4088500.0,54.25
2002-05-02,55.209999084472656,52.29999923706055,53.45000076293945,52.5099983215332,3716700.0,52.5099983215332
2002-05-03,52.630001068115234,48.20000076293945,52.0,50.869998931884766,7724600.0,50.869998931884766
2002-05-06,50.849998474121094,47.15999984741211,50.79999923706055,47.5,5726000.0,47.5
2002-05-07,49.5,46.380001068115234,48.150001525878906,47.56999969482422,5617500.0,47.56999969482422
2002-05-08,52.099998474121094,49.0,49.70000076293945,52.04999923706055,6059400.0,52.04999923706055
2002-05-09,52.689998626708984,49.029998779296875,51.779998779296875,49.11000061035156,3845100.0,49.11000061035156
2002-05-10,49.38999938964844,45.02000045776367,49.38999938964844,45.9900016784668,8209300.0,45.9900016784668
2002-05-13,47.630001068115234,44.34000015258789,46.5,44.599998474121094,7130800.0,44.599998474121094
2002-05-14,46.75,41.20000076293945,46.63999938964844,45.95000076293945,14860000.0,45.95000076293945
2002-05-15,49.099998474121094,45.310001373291016,45.86000061035156,47.619998931884766,7875500.0,47.619998931884766
2002-05-16,47.95000076293945,45.5,47.439998626708984,45.61000061035156,4177900.0,45.61000061035156
2002-05-17,48.18000030517578,45.77000045776367,45.880001068115234,47.93000030517578,4801600.0,47.93000030517578
2002-05-20,48.060001373291016,45.04999923706055,47.7599983215332,45.209999084472656,3759600.0,45.209999084472656
2002-05-21,46.13999938964844,42.209999084472656,46.0099983215332,42.209999084472656,6036100.0,42.209999084472656
2002-05-22,43.81999969482422,42.060001373291016,42.439998626708984,43.689998626708984,4143600.0,43.689998626708984
2002-05-23,47.599998474121094,42.56999969482422,44.470001220703125,47.29999923706055,5203800.0,47.29999923706055
2002-05-24,47.38999938964844,44.0,46.099998474121094,44.439998626708984,5213200.0,44.439998626708984
2002-05-28,45.9900016784668,43.060001373291016,44.650001525878906,45.25,3823200.0,45.25
2002-05-29,45.93000030517578,43.45000076293945,44.779998779296875,43.650001525878906,3385200.0,43.650001525878906
2002-05-30,44.540000915527344,42.58000183105469,43.75,44.400001525878906,3224400.0,44.400001525878906
2002-05-31,45.18000030517578,42.599998474121094,44.70000076293945,42.88999938964844,3400600.0,42.88999938964844
2002-06-03,42.849998474121094,39.59000015258789,42.849998474121094,39.7599983215332,4885000.0,39.7599983215332
2002-06-04,40.27000045776367,37.56999969482422,39.70000076293945,38.099998474121094,7715000.0,38.099998474121094
2002-06-05,39.7400016784668,38.119998931884766,38.75,38.900001525878906,5445400.0,38.900001525878906
2002-06-06,39.150001525878906,36.310001373291016,38.7599983215332,37.5,7610300.0,37.5
2002-06-07,39.060001373291016,35.09000015258789,35.70000076293945,38.2400016784668,6726600.0,38.2400016784668
2002-06-10,38.93000030517578,37.650001525878906,38.439998626708984,38.369998931884766,5005400.0,38.369998931884766
2002-06-11,35.29999923706055,31.450000762939453,34.689998626708984,32.029998779296875,21053000.0,32.029998779296875
2002-06-12,32.099998474121094,30.75,31.90999984741211,31.84000015258789,9105900.0,31.84000015258789
2002-06-13,33.529998779296875,31.360000610351562,32.04999923706055,33.0,6853800.0,33.0
2002-06-14,35.619998931884766,31.450000762939453,32.310001373291016,35.130001068115234,7265600.0,35.130001068115234
2002-06-17,38.220001220703125,35.81999969482422,35.849998474121094,37.66999816894531,5545400.0,37.66999816894531
2002-06-18,37.970001220703125,36.25,37.70000076293945,36.27000045776367,3983900.0,36.27000045776367
2002-06-19,38.18000030517578,35.84000015258789,36.5,35.95000076293945,5917400.0,35.95000076293945
2002-06-20,36.34000015258789,33.61000061035156,35.400001525878906,33.97999954223633,4842000.0,33.97999954223633
2002-06-21,35.11000061035156,32.599998474121094,33.900001525878906,32.61000061035156,5070000.0,32.61000061035156
2002-06-24,35.54999923706055,32.5,32.52000045776367,34.459999084472656,6091600.0,34.459999084472656
2002-06-25,35.849998474121094,33.599998474121094,34.959999084472656,33.86000061035156,4751500.0,33.86000061035156
2002-06-26,36.20000076293945,32.40999984741211,32.970001220703125,35.90999984741211,6446000.0,35.90999984741211
2002-06-27,36.91999816894531,35.5099983215332,36.470001220703125,36.29999923706055,4745600.0,36.29999923706055
2002-06-28,37.25,35.0,36.5099983215332,35.45000076293945,3750500.0,35.45000076293945
2002-07-01,34.849998474121094,32.18000030517578,34.0099983215332,32.599998474121094,4954400.0,32.599998474121094
2002-07-02,33.65999984741211,20.760000228881836,31.899999618530273,31.600000381469727,13752000.0,31.600000381469727
2002-07-03,33.720001220703125,31.059999465942383,31.489999771118164,33.45000076293945,5041700.0,33.45000076293945
2002-07-05,35.220001220703125,34.040000915527344,34.04999923706055,34.970001220703125,1477900.0,34.970001220703125
2002-07-08,36.189998626708984,34.54999923706055,34.939998626708984,34.56999969482422,3527800.0,34.56999969482422
2002-07-09,35.08000183105469,32.720001220703125,34.939998626708984,32.810001373291016,3345900.0,32.810001373291016
2002-07-10,32.70000076293945,29.90999984741211,32.38999938964844,30.149999618530273,5310500.0,30.149999618530273
2002-07-11,34.529998779296875,31.100000381469727,32.279998779296875,33.93000030517578,8937900.0,33.93000030517578
2002-07-12,37.25,34.20000076293945,34.599998474121094,36.2599983215332,8311600.0,36.2599983215332
2002-07-15,37.11000061035156,34.7400016784668,35.95000076293945,36.959999084472656,5486200.0,36.959999084472656
2002-07-16,40.4900016784668,35.9900016784668,36.0,38.90999984741211,7975500.0,38.90999984741211
2002-07-17,42.5,39.75,40.560001373291016,41.560001373291016,9943100.0,41.560001373291016
2002-07-18,41.900001525878906,39.20000076293945,41.900001525878906,40.72999954223633,6495100.0,40.72999954223633
2002-07-19,40.31999969482422,38.11000061035156,40.31999969482422,38.779998779296875,5409100.0,38.779998779296875
2002-07-22,40.0,36.36000061035156,38.7599983215332,38.20000076293945,5580900.0,38.20000076293945
2002-07-23,39.11000061035156,37.2599983215332,38.29999923706055,37.59000015258789,5945700.0,37.59000015258789
2002-07-24,40.060001373291016,35.75,37.349998474121094,39.9900016784668,6598100.0,39.9900016784668
2002-07-25,42.29999923706055,39.560001373291016,40.630001068115234,40.560001373291016,6927500.0,40.560001373291016
2002-07-26,40.599998474121094,38.20000076293945,40.400001525878906,39.5,4779300.0,39.5
2002-07-29,42.650001525878906,40.22999954223633,40.279998779296875,42.290000915527344,5399700.0,42.290000915527344
2002-07-30,45.349998474121094,41.5,42.0,44.0,6512600.0,44.0
2002-07-31,45.29999923706055,43.0,43.560001373291016,44.59000015258789,5265500.0,44.59000015258789
2002-08-01,44.310001373291016,42.65999984741211,44.29999923706055,42.66999816894531,3737700.0,42.66999816894531
2002-08-02,44.09000015258789,41.22999954223633,42.400001525878906,41.75,4617100.0,41.75
2002-08-05,43.0099983215332,40.0099983215332,41.70000076293945,40.349998474121094,4198600.0,40.349998474121094
2002-08-06,42.31999969482422,40.349998474121094,40.459999084472656,41.630001068115234,4742500.0,41.630001068115234
2002-08-07,42.95000076293945,41.0,42.349998474121094,42.61000061035156,4056400.0,42.61000061035156
2002-08-08,45.709999084472656,42.45000076293945,42.61000061035156,44.849998474121094,6040900.0,44.849998474121094
2002-08-09,47.400001525878906,44.11000061035156,44.349998474121094,45.869998931884766,5149400.0,45.869998931884766
2002-08-12,47.0099983215332,44.880001068115234,45.43000030517578,46.279998779296875,2688400.0,46.279998779296875
2002-08-13,46.400001525878906,43.779998779296875,46.27000045776367,43.88999938964844,5056300.0,43.88999938964844
2002-08-14,45.779998779296875,42.5099983215332,43.790000915527344,45.7599983215332,5031800.0,45.7599983215332
2002-08-15,46.97999954223633,44.34000015258789,45.97999954223633,45.84000015258789,4830100.0,45.84000015258789
2002-08-16,46.25,44.7400016784668,45.5,45.29999923706055,2614900.0,45.29999923706055
2002-08-19,45.209999084472656,43.66999816894531,45.099998474121094,44.33000183105469,3524300.0,44.33000183105469
2002-08-20,44.869998931884766,43.5099983215332,43.83000183105469,43.709999084472656,3306700.0,43.709999084472656
2002-08-21,45.150001525878906,43.779998779296875,44.20000076293945,45.130001068115234,2812300.0,45.130001068115234
2002-08-22,47.66999816894531,44.209999084472656,44.9900016784668,46.77000045776367,3857200.0,46.77000045776367
2002-08-23,46.459999084472656,43.25,46.459999084472656,43.27000045776367,5196700.0,43.27000045776367
2002-08-26,43.18000030517578,40.84000015258789,43.16999816894531,42.08000183105469,5863700.0,42.08000183105469
2002-08-27,42.900001525878906,41.04999923706055,42.43000030517578,41.29999923706055,4316600.0,41.29999923706055
2002-08-28,42.04999923706055,40.709999084472656,40.83000183105469,41.40999984741211,3738400.0,41.40999984741211
2002-08-29,42.45000076293945,40.41999816894531,41.13999938964844,41.83000183105469,4055300.0,41.83000183105469
2002-08-30,41.779998779296875,40.06999969482422,41.5,40.18000030517578,2913500.0,40.18000030517578
2002-09-03,40.040000915527344,38.599998474121094,40.040000915527344,38.9900016784668,5783000.0,38.9900016784668
2002-09-04,41.310001373291016,38.47999954223633,39.0099983215332,40.869998931884766,3729900.0,40.869998931884766
2002-09-05,40.189998626708984,38.84000015258789,39.5099983215332,39.099998474121094,5144100.0,39.099998474121094
2002-09-06,41.720001220703125,39.900001525878906,39.900001525878906,40.709999084472656,3600700.0,40.709999084472656
2002-09-09,42.7599983215332,40.029998779296875,40.439998626708984,42.099998474121094,3600200.0,42.099998474121094
2002-09-10,43.689998626708984,41.599998474121094,41.75,43.33000183105469,4262800.0,43.33000183105469
2002-09-11,44.97999954223633,43.25,43.5,43.63999938964844,2889100.0,43.63999938964844
2002-09-12,43.5,41.689998626708984,43.29999923706055,41.790000915527344,3217400.0,41.790000915527344
2002-09-13,43.900001525878906,41.31999969482422,41.40999984741211,43.630001068115234,4301300.0,43.630001068115234
2002-09-16,44.060001373291016,42.599998474121094,43.15999984741211,43.70000076293945,2681200.0,43.70000076293945
2002-09-17,44.79999923706055,43.25,44.25,44.029998779296875,4539000.0,44.029998779296875
2002-09-18,44.939998626708984,43.25,43.79999923706055,44.2400016784668,3673500.0,44.2400016784668
2002-09-19,43.790000915527344,38.84000015258789,43.790000915527344,41.29999923706055,9578700.0,41.29999923706055
2002-09-20,40.45000076293945,37.790000915527344,39.5,40.029998779296875,10847000.0,40.029998779296875
2002-09-23,39.880001068115234,37.5,39.83000183105469,38.400001525878906,5535700.0,38.400001525878906
2002-09-24,40.18000030517578,37.650001525878906,38.0099983215332,39.650001525878906,5335400.0,39.650001525878906
2002-09-25,42.34000015258789,40.15999984741211,40.41999816894531,42.34000015258789,6278000.0,42.34000015258789
2002-09-26,42.849998474121094,40.77000045776367,42.400001525878906,42.4900016784668,6173100.0,42.4900016784668
2002-09-27,44.34000015258789,41.79999923706055,42.20000076293945,42.220001220703125,7311400.0,42.220001220703125
2002-09-30,42.7400016784668,40.33000183105469,41.54999923706055,41.52000045776367,6735700.0,41.52000045776367
2002-10-01,41.939998626708984,39.0,41.810001373291016,41.65999984741211,10080500.0,41.65999984741211
2002-10-02,42.2400016784668,40.2400016784668,41.63999938964844,40.709999084472656,6547300.0,40.709999084472656
2002-10-03,41.5,39.150001525878906,40.77000045776367,39.29999923706055,4451400.0,39.29999923706055
2002-10-04,39.470001220703125,36.20000076293945,39.43000030517578,36.400001525878906,8587900.0,36.400001525878906
2002-10-07,38.400001525878906,36.15999984741211,36.209999084472656,37.54999923706055,4856200.0,37.54999923706055
2002-10-08,38.45000076293945,36.59000015258789,37.77000045776367,37.599998474121094,4773000.0,37.599998474121094
2002-10-09,37.810001373291016,35.369998931884766,37.52000045776367,36.41999816894531,7288200.0,36.41999816894531
2002-10-10,39.08000183105469,36.56999969482422,37.900001525878906,38.599998474121094,7152400.0,38.599998474121094
2002-10-11,39.900001525878906,38.31999969482422,39.029998779296875,38.66999816894531,4570200.0,38.66999816894531
2002-10-14,39.95000076293945,38.52000045776367,38.619998931884766,39.209999084472656,3776500.0,39.209999084472656
2002-10-15,41.709999084472656,40.59000015258789,40.61000061035156,41.459999084472656,6267900.0,41.459999084472656
2002-10-16,42.400001525878906,40.0,41.130001068115234,40.41999816894531,5244800.0,40.41999816894531
2002-10-17,43.849998474121094,40.90999984741211,41.4900016784668,43.72999954223633,6474900.0,43.72999954223633
2002-10-18,44.540000915527344,43.09000015258789,43.29999923706055,43.41999816894531,4520900.0,43.41999816894531
2002-10-21,46.130001068115234,43.209999084472656,43.349998474121094,46.130001068115234,5868500.0,46.130001068115234
2002-10-22,45.9900016784668,43.90999984741211,45.45000076293945,44.2400016784668,5037900.0,44.2400016784668
2002-10-23,44.689998626708984,43.119998931884766,44.349998474121094,44.400001525878906,3092800.0,44.400001525878906
2002-10-24,44.70000076293945,42.349998474121094,44.560001373291016,42.4900016784668,2453800.0,42.4900016784668
2002-10-25,44.369998931884766,42.81999969482422,42.90999984741211,44.2599983215332,3033200.0,44.2599983215332
2002-10-28,45.0,43.56999969482422,43.9900016784668,43.95000076293945,2765100.0,43.95000076293945
2002-10-29,44.34000015258789,42.5,44.119998931884766,43.209999084472656,2443300.0,43.209999084472656
2002-10-30,45.599998474121094,43.400001525878906,43.900001525878906,44.65999984741211,4546000.0,44.65999984741211
2002-10-31,46.5,44.65999984741211,44.66999816894531,46.02000045776367,4720600.0,46.02000045776367
2002-11-01,46.66999816894531,45.290000915527344,46.060001373291016,46.56999969482422,3561600.0,46.56999969482422
2002-11-04,47.20000076293945,45.9900016784668,47.0,46.34000015258789,3043400.0,46.34000015258789
2002-11-05,47.40999984741211,44.970001220703125,46.11000061035156,46.29999923706055,4871400.0,46.29999923706055
2002-11-06,46.27000045776367,44.4900016784668,46.2599983215332,45.59000015258789,4743100.0,45.59000015258789
2002-11-07,46.060001373291016,43.439998626708984,45.150001525878906,43.68000030517578,3429800.0,43.68000030517578
2002-11-08,44.29999923706055,42.02000045776367,43.849998474121094,42.189998626708984,3215000.0,42.189998626708984
2002-11-11,43.720001220703125,42.029998779296875,43.189998626708984,42.13999938964844,2204300.0,42.13999938964844
2002-11-12,43.27000045776367,41.779998779296875,42.86000061035156,42.36000061035156,3261000.0,42.36000061035156
2002-11-13,42.779998779296875,41.20000076293945,42.41999816894531,42.18000030517578,4867100.0,42.18000030517578
2002-11-14,42.93000030517578,41.66999816894531,42.38999938964844,42.20000076293945,3182000.0,42.20000076293945
2002-11-15,42.15999984741211,39.869998931884766,42.060001373291016,40.36000061035156,4650800.0,40.36000061035156
2002-11-18,41.31999969482422,38.04999923706055,40.650001525878906,39.34000015258789,4341900.0,39.34000015258789
2002-11-19,39.88999938964844,37.7400016784668,38.939998626708984,38.2400016784668,5314900.0,38.2400016784668
2002-11-20,39.29999923706055,37.75,38.369998931884766,38.540000915527344,5582000.0,38.540000915527344
2002-11-21,40.88999938964844,38.279998779296875,38.540000915527344,40.36000061035156,5812800.0,40.36000061035156
2002-11-22,40.869998931884766,39.04999923706055,40.209999084472656,39.369998931884766,3148300.0,39.369998931884766
2002-11-25,39.5099983215332,35.560001373291016,39.5099983215332,36.2400016784668,9175000.0,36.2400016784668
2002-11-26,34.25,32.040000915527344,33.5,32.84000015258789,17060600.0,32.84000015258789
2002-11-27,33.72999954223633,32.84000015258789,33.310001373291016,33.13999938964844,7581900.0,33.13999938964844
2002-11-29,33.22999954223633,32.58000183105469,33.040000915527344,32.810001373291016,1554100.0,32.810001373291016
2002-12-02,34.650001525878906,32.540000915527344,33.310001373291016,33.45000076293945,5059300.0,33.45000076293945
2002-12-03,32.599998474121094,31.170000076293945,32.09000015258789,32.290000915527344,8925000.0,32.290000915527344
2002-12-04,33.45000076293945,31.799999237060547,32.290000915527344,32.290000915527344,5172800.0,32.290000915527344
2002-12-05,33.220001220703125,32.47999954223633,32.47999954223633,32.81999969482422,4445800.0,32.81999969482422
2002-12-06,34.150001525878906,31.600000381469727,32.709999084472656,32.61000061035156,5484900.0,32.61000061035156
2002-12-09,34.38999938964844,32.29999923706055,32.54999923706055,33.31999969482422,6357000.0,33.31999969482422
2002-12-10,35.25,34.08000183105469,34.560001373291016,34.130001068115234,4631100.0,34.130001068115234
2002-12-11,34.650001525878906,33.66999816894531,34.15999984741211,34.209999084472656,2430600.0,34.209999084472656
2002-12-12,35.220001220703125,34.43000030517578,34.43000030517578,34.84000015258789,3096500.0,34.84000015258789
2002-12-13,34.59000015258789,33.099998474121094,34.45000076293945,33.43000030517578,3562800.0,33.43000030517578
2002-12-16,34.099998474121094,32.0,32.599998474121094,33.93000030517578,4735900.0,33.93000030517578
2002-12-17,35.25,33.45000076293945,33.68000030517578,34.38999938964844,3946500.0,34.38999938964844
2002-12-18,34.70000076293945,33.7400016784668,34.0,34.0,4889500.0,34.0
2002-12-19,34.52000045776367,33.849998474121094,34.29999923706055,34.02000045776367,3344100.0,34.02000045776367
2002-12-20,34.72999954223633,33.81999969482422,34.060001373291016,34.349998474121094,2700100.0,34.349998474121094
2002-12-23,35.790000915527344,34.20000076293945,34.43000030517578,35.68000030517578,3250800.0,35.68000030517578
2002-12-24,35.91999816894531,34.75,35.5,35.040000915527344,939800.0,35.040000915527344
2002-12-26,35.4900016784668,34.599998474121094,35.0099983215332,35.02000045776367,2103800.0,35.02000045776367
2002-12-27,34.939998626708984,33.52000045776367,34.70000076293945,33.619998931884766,1927600.0,33.619998931884766
2002-12-30,33.709999084472656,32.560001373291016,33.54999923706055,33.16999816894531,1871100.0,33.16999816894531
2002-12-31,33.54999923706055,32.77000045776367,33.29999923706055,33.16999816894531,2253000.0,33.16999816894531
2003-01-02,34.83000183105469,33.209999084472656,33.380001068115234,34.34000015258789,3464100.0,34.34000015258789
2003-01-03,34.709999084472656,33.5,34.15999984741211,33.689998626708984,1985400.0,33.689998626708984
2003-01-06,35.5,33.79999923706055,33.97999954223633,34.22999954223633,3248100.0,34.22999954223633
2003-01-07,34.790000915527344,33.599998474121094,34.279998779296875,34.2400016784668,3088800.0,34.2400016784668
2003-01-08,34.20000076293945,32.900001525878906,34.15999984741211,33.029998779296875,2896400.0,33.029998779296875
2003-01-09,34.16999816894531,32.77000045776367,33.11000061035156,33.150001525878906,2917200.0,33.150001525878906
2003-01-10,34.20000076293945,32.61000061035156,33.040000915527344,33.869998931884766,3381500.0,33.869998931884766
2003-01-13,34.75,33.56999969482422,34.5,34.040000915527344,3207700.0,34.040000915527344
2003-01-14,34.470001220703125,33.709999084472656,33.900001525878906,34.04999923706055,3198200.0,34.04999923706055
2003-01-15,34.2599983215332,33.29999923706055,34.22999954223633,33.41999816894531,4806800.0,33.41999816894531
2003-01-16,37.13999938964844,34.95000076293945,35.40999984741211,36.04999923706055,12192900.0,36.04999923706055
2003-01-17,36.2400016784668,34.95000076293945,36.0,35.04999923706055,4753500.0,35.04999923706055
2003-01-21,35.599998474121094,34.400001525878906,35.16999816894531,35.369998931884766,3999500.0,35.369998931884766
2003-01-22,36.13999938964844,34.5099983215332,35.34000015258789,34.58000183105469,3986500.0,34.58000183105469
2003-01-23,34.540000915527344,33.47999954223633,34.41999816894531,34.150001525878906,5091600.0,34.150001525878906
2003-01-24,34.15999984741211,31.84000015258789,34.150001525878906,32.47999954223633,5661700.0,32.47999954223633
2003-01-27,32.91999816894531,31.43000030517578,31.75,31.889999389648438,4301500.0,31.889999389648438
2003-01-28,32.5,31.31999969482422,32.130001068115234,32.220001220703125,3895400.0,32.220001220703125
2003-01-29,32.54999923706055,31.290000915527344,32.25,31.5,3286400.0,31.5
2003-01-30,32.599998474121094,31.459999084472656,32.02000045776367,31.56999969482422,3360100.0,31.56999969482422
2003-01-31,32.810001373291016,31.520000457763672,31.579999923706055,32.08000183105469,3397900.0,32.08000183105469
2003-02-03,32.689998626708984,31.889999389648438,32.08000183105469,32.40999984741211,2710500.0,32.40999984741211
2003-02-04,32.349998474121094,30.31999969482422,32.349998474121094,30.709999084472656,4739500.0,30.709999084472656
2003-02-05,31.690000534057617,30.020000457763672,30.899999618530273,30.979999542236328,4131500.0,30.979999542236328
2003-02-06,31.149999618530273,30.469999313354492,30.780000686645508,30.709999084472656,2271900.0,30.709999084472656
2003-02-07,31.3700008392334,30.270000457763672,31.09000015258789,30.860000610351562,2667200.0,30.860000610351562
2003-02-10,31.200000762939453,30.290000915527344,30.899999618530273,30.75,1905300.0,30.75
2003-02-11,31.350000381469727,30.579999923706055,31.040000915527344,30.899999618530273,2456200.0,30.899999618530273
2003-02-12,31.31999969482422,30.219999313354492,30.729999542236328,30.270000457763672,2347000.0,30.270000457763672
2003-02-13,30.270000457763672,28.3799991607666,30.25,29.459999084472656,4330500.0,29.459999084472656
2003-02-14,30.219999313354492,29.309999465942383,29.579999923706055,29.899999618530273,2435700.0,29.899999618530273
2003-02-18,30.799999237060547,29.93000030517578,30.020000457763672,30.649999618530273,2266600.0,30.649999618530273
2003-02-19,30.93000030517578,29.93000030517578,30.75,30.3700008392334,1801500.0,30.3700008392334
2003-02-20,30.360000610351562,29.149999618530273,29.90999984741211,29.5,3277300.0,29.5
2003-02-21,30.399999618530273,28.940000534057617,29.0,29.989999771118164,3214700.0,29.989999771118164
2003-02-24,29.850000381469727,29.040000915527344,29.84000015258789,29.100000381469727,1939400.0,29.100000381469727
2003-02-25,29.75,28.260000228881836,28.690000534057617,29.510000228881836,5781500.0,29.510000228881836
2003-02-26,29.68000030517578,28.5,29.34000015258789,28.56999969482422,3008800.0,28.56999969482422
2003-02-27,29.350000381469727,28.5,28.68000030517578,29.15999984741211,2118800.0,29.15999984741211
2003-02-28,29.3799991607666,28.5,29.25,28.75,3147600.0,28.75
2003-03-03,30.110000610351562,28.540000915527344,28.59000015258789,29.100000381469727,4056900.0,29.100000381469727
2003-03-04,29.3799991607666,28.68000030517578,29.190000534057617,28.719999313354492,1956600.0,28.719999313354492
2003-03-05,29.5,28.65999984741211,28.90999984741211,28.670000076293945,3037800.0,28.670000076293945
2003-03-06,29.270000457763672,28.450000762939453,28.690000534057617,28.719999313354492,3147000.0,28.719999313354492
2003-03-07,29.600000381469727,28.15999984741211,28.6200008392334,28.600000381469727,4042400.0,28.600000381469727
2003-03-10,29.110000610351562,28.309999465942383,28.399999618530273,28.690000534057617,2651100.0,28.690000534057617
2003-03-11,29.1200008392334,27.940000534057617,28.610000610351562,28.09000015258789,2568300.0,28.09000015258789
2003-03-12,28.6299991607666,27.799999237060547,28.09000015258789,28.3799991607666,3457600.0,28.3799991607666
2003-03-13,30.59000015258789,28.75,29.459999084472656,30.489999771118164,5346500.0,30.489999771118164
2003-03-14,30.8700008392334,29.739999771118164,30.399999618530273,30.34000015258789,5621600.0,30.34000015258789
2003-03-17,32.79999923706055,30.170000076293945,30.299999237060547,32.619998931884766,5881800.0,32.619998931884766
2003-03-18,34.130001068115234,32.099998474121094,32.56999969482422,34.08000183105469,5298400.0,34.08000183105469
2003-03-19,34.099998474121094,32.77000045776367,34.060001373291016,33.83000183105469,4759700.0,33.83000183105469
2003-03-20,34.869998931884766,33.25,33.56999969482422,34.5,5020100.0,34.5
2003-03-21,35.189998626708984,33.630001068115234,34.869998931884766,34.369998931884766,5135800.0,34.369998931884766
2003-03-24,33.9900016784668,32.7400016784668,33.97999954223633,32.880001068115234,3114300.0,32.880001068115234
2003-03-25,34.369998931884766,32.9900016784668,33.040000915527344,34.29999923706055,3619000.0,34.29999923706055
2003-03-26,34.95000076293945,34.04999923706055,34.380001068115234,34.369998931884766,2862500.0,34.369998931884766
2003-03-27,35.810001373291016,34.130001068115234,34.34000015258789,35.540000915527344,3461700.0,35.540000915527344
2003-03-28,36.040000915527344,35.150001525878906,35.310001373291016,35.36000061035156,2252300.0,35.36000061035156
2003-03-31,35.0099983215332,34.08000183105469,34.97999954223633,34.220001220703125,2592500.0,34.220001220703125
2003-04-01,35.0,33.779998779296875,34.88999938964844,34.099998474121094,2524900.0,34.099998474121094
2003-04-02,35.52000045776367,34.650001525878906,35.04999923706055,35.13999938964844,3373000.0,35.13999938964844
2003-04-03,37.650001525878906,35.119998931884766,35.650001525878906,37.2599983215332,7372300.0,37.2599983215332
2003-04-04,38.15999984741211,36.5,36.95000076293945,36.95000076293945,4403900.0,36.95000076293945
2003-04-07,38.099998474121094,34.439998626708984,37.90999984741211,34.84000015258789,7355200.0,34.84000015258789
2003-04-08,35.52000045776367,34.25,35.220001220703125,34.58000183105469,4689300.0,34.58000183105469
2003-04-09,35.220001220703125,33.900001525878906,34.630001068115234,33.939998626708984,3788700.0,33.939998626708984
2003-04-10,31.719999313354492,30.799999237060547,31.229999542236328,31.59000015258789,11873200.0,31.59000015258789
2003-04-11,32.150001525878906,31.25,32.06999969482422,31.6299991607666,3625500.0,31.6299991607666
2003-04-14,31.850000381469727,30.950000762939453,31.639999389648438,31.389999389648438,2390000.0,31.389999389648438
2003-04-15,31.440000534057617,30.469999313354492,31.309999465942383,31.350000381469727,3869700.0,31.350000381469727
2003-04-16,32.09000015258789,30.010000228881836,31.709999084472656,30.06999969482422,6050000.0,30.06999969482422
2003-04-17,32.2599983215332,30.15999984741211,30.3700008392334,31.8799991607666,4562200.0,31.8799991607666
2003-04-21,32.5,31.5,32.41999816894531,31.850000381469727,1952800.0,31.850000381469727
2003-04-22,32.95000076293945,31.219999313354492,32.13999938964844,32.95000076293945,3129000.0,32.95000076293945
2003-04-23,34.16999816894531,32.79999923706055,33.11000061035156,33.86000061035156,3933700.0,33.86000061035156
2003-04-24,34.380001068115234,32.63999938964844,33.15999984741211,33.849998474121094,5069900.0,33.849998474121094
2003-04-25,33.16999816894531,32.150001525878906,32.939998626708984,32.220001220703125,4009100.0,32.220001220703125
2003-04-28,33.470001220703125,32.130001068115234,32.5099983215332,33.0,2634700.0,33.0
2003-04-29,33.9900016784668,32.790000915527344,33.0,33.150001525878906,2071600.0,33.150001525878906
2003-04-30,33.4900016784668,32.58000183105469,33.13999938964844,32.75,2769100.0,32.75
2003-05-01,33.4900016784668,31.8700008392334,33.0,33.060001373291016,2889800.0,33.060001373291016
2003-05-02,34.279998779296875,32.68000030517578,33.20000076293945,34.18000030517578,3503800.0,34.18000030517578
2003-05-05,35.880001068115234,34.099998474121094,34.45000076293945,34.150001525878906,5460200.0,34.150001525878906
2003-05-06,33.880001068115234,32.380001068115234,33.79999923706055,32.54999923706055,5601600.0,32.54999923706055
2003-05-07,33.349998474121094,32.47999954223633,32.70000076293945,32.79999923706055,3333600.0,32.79999923706055
2003-05-08,32.790000915527344,32.13999938964844,32.54999923706055,32.349998474121094,2803000.0,32.349998474121094
2003-05-09,33.16999816894531,32.2400016784668,32.2400016784668,33.029998779296875,2710900.0,33.029998779296875
2003-05-12,33.97999954223633,32.5,33.11000061035156,33.70000076293945,2430500.0,33.70000076293945
2003-05-13,34.18000030517578,33.25,33.5099983215332,33.459999084472656,1394600.0,33.459999084472656
2003-05-14,34.0,33.04999923706055,33.40999984741211,33.380001068115234,2126000.0,33.380001068115234
2003-05-15,34.790000915527344,33.36000061035156,33.40999984741211,34.439998626708984,2134000.0,34.439998626708984
2003-05-16,34.599998474121094,33.790000915527344,34.540000915527344,34.18000030517578,3111100.0,34.18000030517578
2003-05-19,35.52000045776367,33.869998931884766,34.459999084472656,34.130001068115234,5385100.0,34.130001068115234
2003-05-20,34.20000076293945,33.02000045776367,34.099998474121094,33.529998779296875,2082900.0,33.529998779296875
2003-05-21,34.040000915527344,32.52000045776367,33.70000076293945,33.29999923706055,2504800.0,33.29999923706055
2003-05-22,35.20000076293945,33.29999923706055,33.459999084472656,35.0,3529000.0,35.0
2003-05-23,38.56999969482422,35.0,35.16999816894531,37.7599983215332,9195700.0,37.7599983215332
2003-05-27,41.220001220703125,36.31999969482422,36.900001525878906,39.650001525878906,7195400.0,39.650001525878906
2003-05-28,40.029998779296875,38.150001525878906,39.31999969482422,38.77000045776367,3432100.0,38.77000045776367
2003-05-29,39.79999923706055,36.849998474121094,39.18000030517578,37.189998626708984,5388300.0,37.189998626708984
2003-05-30,38.2599983215332,37.04999923706055,37.779998779296875,38.220001220703125,4482900.0,38.220001220703125
2003-06-02,40.75,38.36000061035156,40.349998474121094,38.56999969482422,5152500.0,38.56999969482422
2003-06-03,39.630001068115234,37.95000076293945,39.29999923706055,38.310001373291016,3418700.0,38.310001373291016
2003-06-04,38.88999938964844,38.0099983215332,38.88999938964844,38.560001373291016,4552700.0,38.560001373291016
2003-06-05,41.880001068115234,38.5099983215332,38.54999923706055,40.939998626708984,8450600.0,40.939998626708984
2003-06-06,42.060001373291016,39.5,41.560001373291016,39.5,6073900.0,39.5
2003-06-09,40.02000045776367,38.02000045776367,39.869998931884766,38.36000061035156,3779300.0,38.36000061035156
2003-06-10,39.150001525878906,37.83000183105469,38.36000061035156,39.13999938964844,2371000.0,39.13999938964844
2003-06-11,40.40999984741211,38.849998474121094,39.630001068115234,40.290000915527344,4101000.0,40.290000915527344
2003-06-12,41.5,40.0,40.45000076293945,41.220001220703125,4514300.0,41.220001220703125
2003-06-13,41.33000183105469,39.9900016784668,40.54999923706055,40.13999938964844,2454000.0,40.13999938964844
2003-06-16,41.63999938964844,40.2400016784668,40.540000915527344,41.45000076293945,3020000.0,41.45000076293945
2003-06-17,42.150001525878906,40.470001220703125,42.150001525878906,41.56999969482422,2456200.0,41.56999969482422
2003-06-18,41.43000030517578,39.849998474121094,41.41999816894531,40.34000015258789,3039000.0,40.34000015258789
2003-06-19,41.11000061035156,37.970001220703125,40.15999984741211,39.0,5642200.0,39.0
2003-06-20,39.900001525878906,38.08000183105469,39.25,38.970001220703125,3392800.0,38.970001220703125
2003-06-23,40.45000076293945,36.150001525878906,40.400001525878906,36.959999084472656,25737200.0,36.959999084472656
2003-06-24,36.72999954223633,36.0,36.150001525878906,36.52000045776367,12410400.0,36.52000045776367
2003-06-25,37.849998474121094,36.20000076293945,36.599998474121094,37.02000045776367,13842600.0,37.02000045776367
2003-06-26,37.40999984741211,36.470001220703125,37.060001373291016,36.54999923706055,7697800.0,36.54999923706055
2003-06-27,36.689998626708984,34.84000015258789,36.68000030517578,35.290000915527344,7891200.0,35.290000915527344
2003-06-30,35.29999923706055,33.79999923706055,35.29999923706055,33.959999084472656,8169500.0,33.959999084472656
2003-07-01,35.709999084472656,33.4900016784668,33.79999923706055,35.31999969482422,10516200.0,35.31999969482422
2003-07-02,36.31999969482422,35.119998931884766,35.290000915527344,35.97999954223633,5736700.0,35.97999954223633
2003-07-03,36.040000915527344,35.02000045776367,35.4900016784668,35.83000183105469,3730700.0,35.83000183105469
2003-07-07,37.099998474121094,35.91999816894531,36.04999923706055,36.900001525878906,4417300.0,36.900001525878906
2003-07-08,38.189998626708984,36.70000076293945,36.81999969482422,37.959999084472656,4810300.0,37.959999084472656
2003-07-09,38.95000076293945,38.040000915527344,38.25,38.54999923706055,6373500.0,38.54999923706055
2003-07-10,37.91999816894531,36.849998474121094,37.36000061035156,37.290000915527344,8820600.0,37.290000915527344
2003-07-11,37.97999954223633,37.150001525878906,37.20000076293945,37.81999969482422,3321300.0,37.81999969482422
2003-07-14,38.20000076293945,36.5099983215332,38.0,36.709999084472656,6231100.0,36.709999084472656
2003-07-15,37.470001220703125,36.5,36.810001373291016,36.54999923706055,5006300.0,36.54999923706055
2003-07-16,37.06999969482422,36.099998474121094,36.880001068115234,36.349998474121094,3190800.0,36.349998474121094
2003-07-17,36.869998931884766,35.54999923706055,36.70000076293945,35.79999923706055,4837600.0,35.79999923706055
2003-07-18,35.849998474121094,34.72999954223633,35.84000015258789,35.0,7982700.0,35.0
2003-07-21,36.29999923706055,35.189998626708984,35.54999923706055,35.470001220703125,4367000.0,35.470001220703125
2003-07-22,36.0,35.290000915527344,35.560001373291016,35.5,2914400.0,35.5
2003-07-23,36.2400016784668,35.400001525878906,35.70000076293945,36.04999923706055,2926200.0,36.04999923706055
2003-07-24,35.0099983215332,33.790000915527344,34.0099983215332,34.11000061035156,10183700.0,34.11000061035156
2003-07-25,34.66999816894531,33.75,34.34000015258789,34.59000015258789,3315500.0,34.59000015258789
2003-07-28,34.79999923706055,33.810001373291016,34.560001373291016,33.869998931884766,3599900.0,33.869998931884766
2003-07-29,34.099998474121094,32.86000061035156,33.9900016784668,33.290000915527344,5608900.0,33.290000915527344
2003-07-30,33.630001068115234,32.97999954223633,33.2400016784668,33.27000045776367,2662000.0,33.27000045776367
2003-07-31,34.439998626708984,33.20000076293945,33.540000915527344,33.7599983215332,2211100.0,33.7599983215332
2003-08-01,34.029998779296875,33.2400016784668,33.599998474121094,33.25,2620200.0,33.25
2003-08-04,33.810001373291016,33.0,33.439998626708984,33.459999084472656,3278400.0,33.459999084472656
2003-08-05,33.5,32.47999954223633,33.400001525878906,32.5099983215332,2686800.0,32.5099983215332
2003-08-06,32.65999984741211,31.850000381469727,32.04999923706055,31.889999389648438,3438300.0,31.889999389648438
2003-08-07,32.59000015258789,31.860000610351562,31.860000610351562,32.459999084472656,2379300.0,32.459999084472656
2003-08-08,32.630001068115234,31.959999084472656,32.36000061035156,32.220001220703125,1751900.0,32.220001220703125
2003-08-11,32.529998779296875,32.0,32.20000076293945,32.279998779296875,1489100.0,32.279998779296875
2003-08-12,33.16999816894531,32.20000076293945,32.22999954223633,33.099998474121094,2336500.0,33.099998474121094
2003-08-13,34.209999084472656,32.86000061035156,34.0099983215332,33.02000045776367,4066500.0,33.02000045776367
2003-08-14,33.20000076293945,31.729999542236328,33.13999938964844,32.70000076293945,2576400.0,32.70000076293945
2003-08-15,33.70000076293945,32.5,33.099998474121094,33.15999984741211,1521800.0,33.15999984741211
2003-08-18,34.13999938964844,33.130001068115234,33.540000915527344,33.86000061035156,2069100.0,33.86000061035156
2003-08-19,34.150001525878906,32.689998626708984,34.150001525878906,33.220001220703125,3482200.0,33.220001220703125
2003-08-20,33.560001373291016,33.0,33.0,33.43000030517578,1957700.0,33.43000030517578
2003-08-21,34.20000076293945,33.25,33.52000045776367,33.7400016784668,2346500.0,33.7400016784668
2003-08-22,34.060001373291016,32.81999969482422,33.810001373291016,32.84000015258789,1753700.0,32.84000015258789
2003-08-25,33.59000015258789,32.790000915527344,32.939998626708984,33.4900016784668,1470900.0,33.4900016784668
2003-08-26,33.88999938964844,32.790000915527344,33.88999938964844,33.439998626708984,2015700.0,33.439998626708984
2003-08-27,33.56999969482422,33.02000045776367,33.33000183105469,33.40999984741211,1392500.0,33.40999984741211
2003-08-28,33.7599983215332,32.91999816894531,33.45000076293945,33.709999084472656,1806200.0,33.709999084472656
2003-08-29,34.970001220703125,33.54999923706055,33.75,34.720001220703125,3475400.0,34.720001220703125
2003-09-02,35.25,34.060001373291016,34.709999084472656,34.880001068115234,3159600.0,34.880001068115234
2003-09-03,35.599998474121094,34.099998474121094,35.150001525878906,34.15999984741211,2311500.0,34.15999984741211
2003-09-04,35.0,34.099998474121094,34.099998474121094,34.529998779296875,2775900.0,34.529998779296875
2003-09-05,34.90999984741211,34.209999084472656,34.88999938964844,34.40999984741211,2764000.0,34.40999984741211
2003-09-08,36.459999084472656,34.349998474121094,34.38999938964844,35.900001525878906,6197900.0,35.900001525878906
2003-09-09,36.439998626708984,35.380001068115234,35.709999084472656,35.779998779296875,3681900.0,35.779998779296875
2003-09-10,36.08000183105469,34.54999923706055,35.75,34.59000015258789,2415200.0,34.59000015258789
2003-09-11,35.849998474121094,34.31999969482422,34.65999984741211,35.68000030517578,4262400.0,35.68000030517578
2003-09-12,35.9900016784668,35.150001525878906,35.529998779296875,35.9900016784668,2746700.0,35.9900016784668
2003-09-15,36.33000183105469,35.20000076293945,35.959999084472656,35.54999923706055,3185400.0,35.54999923706055
2003-09-16,35.849998474121094,35.060001373291016,35.599998474121094,35.540000915527344,2613500.0,35.540000915527344
2003-09-17,36.93000030517578,35.470001220703125,35.58000183105469,36.790000915527344,3644000.0,36.790000915527344
2003-09-18,37.650001525878906,36.709999084472656,36.810001373291016,37.5,3932300.0,37.5
2003-09-19,37.93000030517578,36.5,37.650001525878906,37.77000045776367,2956100.0,37.77000045776367
2003-09-22,37.47999954223633,36.369998931884766,37.209999084472656,36.77000045776367,2858300.0,36.77000045776367
2003-09-23,37.150001525878906,36.61000061035156,36.849998474121094,37.0,1875400.0,37.0
2003-09-24,37.0,35.099998474121094,36.619998931884766,35.33000183105469,3936700.0,35.33000183105469
2003-09-25,35.650001525878906,34.459999084472656,35.33000183105469,34.84000015258789,2879400.0,34.84000015258789
2003-09-26,35.220001220703125,34.09000015258789,34.77000045776367,34.25,2421800.0,34.25
2003-09-29,33.91999816894531,32.75,33.25,33.880001068115234,6493200.0,33.880001068115234
2003-09-30,33.86000061035156,32.959999084472656,33.400001525878906,33.290000915527344,5415800.0,33.290000915527344
2003-10-01,33.93000030517578,32.88999938964844,33.540000915527344,33.68000030517578,3599400.0,33.68000030517578
2003-10-02,34.77000045776367,33.70000076293945,33.709999084472656,34.36000061035156,3675100.0,34.36000061035156
2003-10-03,35.459999084472656,34.189998626708984,34.72999954223633,34.779998779296875,3333000.0,34.779998779296875
2003-10-06,35.0,33.75,34.720001220703125,33.939998626708984,3019300.0,33.939998626708984
2003-10-07,34.459999084472656,33.150001525878906,33.880001068115234,34.45000076293945,4036800.0,34.45000076293945
2003-10-08,34.880001068115234,33.40999984741211,34.400001525878906,33.869998931884766,3650300.0,33.869998931884766
2003-10-09,34.47999954223633,32.880001068115234,34.400001525878906,33.310001373291016,7116200.0,33.310001373291016
2003-10-10,34.0,32.97999954223633,33.0,33.16999816894531,3994300.0,33.16999816894531
2003-10-13,34.65999984741211,33.060001373291016,33.369998931884766,34.029998779296875,4644000.0,34.029998779296875
2003-10-14,34.54999923706055,33.72999954223633,34.369998931884766,34.130001068115234,3582900.0,34.130001068115234
2003-10-15,34.72999954223633,33.439998626708984,34.72999954223633,33.650001525878906,1994600.0,33.650001525878906
2003-10-16,34.150001525878906,33.540000915527344,33.75,33.7400016784668,1728800.0,33.7400016784668
2003-10-17,33.95000076293945,32.5,33.7400016784668,32.599998474121094,2860300.0,32.599998474121094
2003-10-20,32.7599983215332,31.6299991607666,32.54999923706055,32.599998474121094,3449800.0,32.599998474121094
2003-10-21,33.810001373291016,32.38999938964844,32.61000061035156,33.43000030517578,2902300.0,33.43000030517578
2003-10-22,33.369998931884766,31.989999771118164,33.040000915527344,32.2400016784668,3485700.0,32.2400016784668
2003-10-23,32.88999938964844,31.729999542236328,32.20000076293945,32.45000076293945,3789500.0,32.45000076293945
2003-10-24,32.849998474121094,31.8799991607666,32.16999816894531,32.72999954223633,1489800.0,32.72999954223633
2003-10-27,33.310001373291016,32.02000045776367,33.16999816894531,32.41999816894531,2310300.0,32.41999816894531
2003-10-28,34.27000045776367,33.209999084472656,33.5,34.27000045776367,4407700.0,34.27000045776367
2003-10-29,35.459999084472656,34.349998474121094,34.900001525878906,34.849998474121094,5691400.0,34.849998474121094
2003-10-30,35.5,34.59000015258789,35.45000076293945,34.72999954223633,2493500.0,34.72999954223633
2003-10-31,35.720001220703125,34.65999984741211,34.70000076293945,35.13999938964844,2461500.0,35.13999938964844
2003-11-03,35.599998474121094,34.75,35.02000045776367,35.20000076293945,2409400.0,35.20000076293945
2003-11-04,34.900001525878906,33.0,34.68000030517578,33.2599983215332,10663300.0,33.2599983215332
2003-11-05,34.5,33.25,33.349998474121094,34.0099983215332,5018100.0,34.0099983215332
2003-11-06,34.709999084472656,33.79999923706055,34.20000076293945,34.47999954223633,3201200.0,34.47999954223633
2003-11-07,34.959999084472656,34.040000915527344,34.709999084472656,34.04999923706055,2042800.0,34.04999923706055
2003-11-10,34.439998626708984,33.0,34.2400016784668,33.06999969482422,3250300.0,33.06999969482422
2003-11-11,33.59000015258789,32.34000015258789,33.0,33.400001525878906,4870600.0,33.400001525878906
2003-11-12,33.939998626708984,33.040000915527344,33.5,33.41999816894531,17861500.0,33.41999816894531
2003-11-13,35.61000061035156,34.790000915527344,35.220001220703125,35.25,10315300.0,35.25
2003-11-14,36.68000030517578,35.150001525878906,35.20000076293945,35.75,6092800.0,35.75
2003-11-17,35.77000045776367,34.70000076293945,35.540000915527344,35.2599983215332,5099000.0,35.2599983215332
2003-11-18,35.52000045776367,34.290000915527344,35.25,34.43000030517578,5153100.0,34.43000030517578
2003-11-19,35.65999984741211,34.75,35.58000183105469,35.189998626708984,4617900.0,35.189998626708984
2003-11-20,36.36000061035156,34.79999923706055,35.02000045776367,35.939998626708984,4647500.0,35.939998626708984
2003-11-21,36.349998474121094,35.439998626708984,35.90999984741211,36.25,3667300.0,36.25
2003-11-24,37.529998779296875,36.459999084472656,36.459999084472656,37.529998779296875,4507600.0,37.529998779296875
2003-11-25,38.400001525878906,36.869998931884766,37.5099983215332,38.18000030517578,15130200.0,38.18000030517578
2003-11-26,38.20000076293945,37.349998474121094,38.06999969482422,38.099998474121094,3491100.0,38.099998474121094
2003-11-28,38.4900016784668,37.75,38.119998931884766,38.18000030517578,1640200.0,38.18000030517578
2003-12-01,39.38999938964844,38.33000183105469,38.369998931884766,39.2400016784668,4091300.0,39.2400016784668
2003-12-02,39.40999984741211,38.68000030517578,39.220001220703125,38.79999923706055,3392500.0,38.79999923706055
2003-12-03,39.209999084472656,38.34000015258789,38.9900016784668,38.56999969482422,4052400.0,38.56999969482422
2003-12-04,38.61000061035156,37.5,38.15999984741211,38.5,3053000.0,38.5
2003-12-05,38.88999938964844,37.86000061035156,38.29999923706055,38.27000045776367,2879600.0,38.27000045776367
2003-12-08,38.20000076293945,36.68000030517578,38.099998474121094,37.34000015258789,4669000.0,37.34000015258789
2003-12-09,37.56999969482422,36.540000915527344,37.2400016784668,36.75,3048200.0,36.75
2003-12-10,37.060001373291016,35.38999938964844,36.95000076293945,35.970001220703125,3784200.0,35.970001220703125
2003-12-11,37.40999984741211,35.810001373291016,36.02000045776367,36.900001525878906,3192400.0,36.900001525878906
2003-12-12,37.16999816894531,36.689998626708984,36.79999923706055,36.939998626708984,1909500.0,36.939998626708984
2003-12-15,37.97999954223633,36.45000076293945,37.209999084472656,36.63999938964844,3180300.0,36.63999938964844
2003-12-16,37.18000030517578,36.220001220703125,36.47999954223633,36.77000045776367,2048800.0,36.77000045776367
2003-12-17,37.150001525878906,36.599998474121094,36.790000915527344,37.0,2392100.0,37.0
2003-12-18,37.5,36.75,37.099998474121094,37.33000183105469,2596900.0,37.33000183105469
2003-12-19,37.650001525878906,36.90999984741211,37.45000076293945,37.47999954223633,3869400.0,37.47999954223633
2003-12-22,37.61000061035156,36.619998931884766,37.4900016784668,36.81999969482422,2565700.0,36.81999969482422
2003-12-23,37.04999923706055,36.470001220703125,36.61000061035156,36.95000076293945,1941800.0,36.95000076293945
2003-12-24,37.25,36.79999923706055,37.150001525878906,37.220001220703125,1267700.0,37.220001220703125
2003-12-26,37.4900016784668,36.90999984741211,37.220001220703125,37.0,447900.0,37.0
2003-12-29,37.599998474121094,36.9900016784668,36.9900016784668,37.4900016784668,2179300.0,37.4900016784668
2003-12-30,37.650001525878906,36.720001220703125,37.61000061035156,36.88999938964844,2688600.0,36.88999938964844
2003-12-31,37.20000076293945,36.5,36.75,36.70000076293945,1895400.0,36.70000076293945
2004-01-02,37.4900016784668,36.599998474121094,36.95000076293945,36.939998626708984,2675900.0,36.939998626708984
2004-01-05,37.400001525878906,36.88999938964844,36.88999938964844,37.099998474121094,2363100.0,37.099998474121094
2004-01-06,39.09000015258789,37.279998779296875,37.5,38.59000015258789,5022800.0,38.59000015258789
2004-01-07,40.959999084472656,38.2599983215332,38.33000183105469,40.790000915527344,7002900.0,40.790000915527344
2004-01-08,41.310001373291016,40.119998931884766,40.52000045776367,41.25,7009900.0,41.25
2004-01-09,42.880001068115234,40.790000915527344,41.06999969482422,42.380001068115234,8304800.0,42.380001068115234
2004-01-12,42.849998474121094,40.560001373291016,42.47999954223633,41.4900016784668,4562300.0,41.4900016784668
2004-01-13,42.060001373291016,40.540000915527344,41.11000061035156,40.79999923706055,4264200.0,40.79999923706055
2004-01-14,41.290000915527344,39.90999984741211,41.119998931884766,40.41999816894531,4310700.0,40.41999816894531
2004-01-15,42.040000915527344,40.040000915527344,40.15999984741211,41.849998474121094,4690900.0,41.849998474121094
2004-01-16,43.22999954223633,41.560001373291016,41.59000015258789,43.189998626708984,7205600.0,43.189998626708984
2004-01-20,43.810001373291016,42.95000076293945,43.09000015258789,43.52000045776367,5284700.0,43.52000045776367
2004-01-21,45.45000076293945,43.2599983215332,43.79999923706055,44.779998779296875,6226100.0,44.779998779296875
2004-01-22,45.5,44.439998626708984,45.060001373291016,44.47999954223633,7874300.0,44.47999954223633
2004-01-23,45.15999984741211,43.61000061035156,44.380001068115234,44.31999969482422,5742500.0,44.31999969482422
2004-01-26,45.7400016784668,44.08000183105469,44.349998474121094,45.61000061035156,4832500.0,45.61000061035156
2004-01-27,45.75,44.11000061035156,45.66999816894531,44.470001220703125,3792600.0,44.470001220703125
2004-01-28,44.61000061035156,42.7400016784668,44.54999923706055,42.83000183105469,3972700.0,42.83000183105469
2004-01-29,43.900001525878906,42.119998931884766,43.88999938964844,43.400001525878906,5977900.0,43.400001525878906
2004-01-30,44.18000030517578,42.75,43.25,42.97999954223633,2965900.0,42.97999954223633
2004-02-02,45.0,42.5,42.5099983215332,44.279998779296875,4092000.0,44.279998779296875
2004-02-03,44.91999816894531,43.79999923706055,44.040000915527344,44.90999984741211,2851600.0,44.90999984741211
2004-02-04,44.38999938964844,42.790000915527344,43.77000045776367,43.18000030517578,4078100.0,43.18000030517578
2004-02-05,43.68000030517578,41.75,43.369998931884766,42.18000030517578,3642600.0,42.18000030517578
2004-02-06,43.75,42.04999923706055,42.2400016784668,43.5,3124600.0,43.5
2004-02-09,44.29999923706055,43.459999084472656,44.02000045776367,44.060001373291016,2691600.0,44.060001373291016
2004-02-10,43.93000030517578,43.08000183105469,43.86000061035156,43.40999984741211,2669400.0,43.40999984741211
2004-02-11,44.2599983215332,43.04999923706055,43.2400016784668,44.13999938964844,2394700.0,44.13999938964844
2004-02-12,44.95000076293945,43.86000061035156,44.0,44.40999984741211,3680000.0,44.40999984741211
2004-02-13,44.540000915527344,43.34000015258789,44.29999923706055,43.529998779296875,2491800.0,43.529998779296875
2004-02-17,44.41999816894531,43.560001373291016,43.630001068115234,44.2599983215332,2882700.0,44.2599983215332
2004-02-18,53.880001068115234,50.86000061035156,51.70000076293945,53.22999954223633,34523600.0,53.22999954223633
2004-02-19,59.279998779296875,55.22999954223633,55.61000061035156,58.880001068115234,25393800.0,58.880001068115234
2004-02-20,58.470001220703125,56.369998931884766,58.43000030517578,56.869998931884766,8966300.0,56.869998931884766
2004-02-23,56.650001525878906,54.939998626708984,56.16999816894531,55.70000076293945,7302600.0,55.70000076293945
2004-02-24,55.5099983215332,54.0099983215332,55.5099983215332,55.029998779296875,8228400.0,55.029998779296875
2004-02-25,55.470001220703125,54.08000183105469,55.0,54.7599983215332,4051400.0,54.7599983215332
2004-02-26,55.880001068115234,54.470001220703125,54.52000045776367,55.650001525878906,4829200.0,55.650001525878906
2004-02-27,56.720001220703125,55.45000076293945,55.70000076293945,55.45000076293945,6353000.0,55.45000076293945
2004-03-01,56.54999923706055,54.099998474121094,56.04999923706055,56.11000061035156,4492900.0,56.11000061035156
2004-03-02,57.650001525878906,55.369998931884766,55.86000061035156,57.63999938964844,7230400.0,57.63999938964844
2004-03-03,58.630001068115234,57.060001373291016,57.349998474121094,58.279998779296875,7239100.0,58.279998779296875
2004-03-04,59.439998626708984,57.45000076293945,57.83000183105469,59.02000045776367,5652800.0,59.02000045776367
2004-03-05,59.630001068115234,57.470001220703125,58.4900016784668,59.209999084472656,5200700.0,59.209999084472656
2004-03-08,59.619998931884766,57.13999938964844,59.06999969482422,57.5,4283500.0,57.5
2004-03-09,57.5,55.54999923706055,57.18000030517578,56.189998626708984,6156500.0,56.189998626708984
2004-03-10,56.849998474121094,54.939998626708984,55.63999938964844,55.0,4609400.0,55.0
2004-03-11,55.34000015258789,53.849998474121094,54.619998931884766,53.9900016784668,5617000.0,53.9900016784668
2004-03-12,54.75,53.060001373291016,53.7599983215332,54.70000076293945,4538900.0,54.70000076293945
2004-03-15,54.38999938964844,52.099998474121094,54.349998474121094,52.90999984741211,4704400.0,52.90999984741211
2004-03-16,53.63999938964844,50.869998931884766,53.459999084472656,51.779998779296875,7233700.0,51.779998779296875
2004-03-17,54.400001525878906,51.7599983215332,52.599998474121094,54.16999816894531,5231200.0,54.16999816894531
2004-03-18,54.15999984741211,52.79999923706055,53.900001525878906,53.5099983215332,3403600.0,53.5099983215332
2004-03-19,53.939998626708984,52.29999923706055,53.220001220703125,52.880001068115234,3728400.0,52.880001068115234
2004-03-22,52.599998474121094,51.0,52.470001220703125,52.31999969482422,3461100.0,52.31999969482422
2004-03-23,53.43000030517578,52.029998779296875,52.77000045776367,52.72999954223633,4497000.0,52.72999954223633
2004-03-24,54.7599983215332,52.27000045776367,52.380001068115234,54.630001068115234,5760300.0,54.630001068115234
2004-03-25,54.970001220703125,53.33000183105469,54.75,54.630001068115234,3541700.0,54.630001068115234
2004-03-26,54.7599983215332,53.09000015258789,54.56999969482422,53.18000030517578,2548900.0,53.18000030517578
2004-03-29,55.9900016784668,53.29999923706055,53.439998626708984,55.93000030517578,4482700.0,55.93000030517578
2004-03-30,56.18000030517578,54.75,54.86000061035156,56.029998779296875,2694100.0,56.029998779296875
2004-03-31,56.29999923706055,55.08000183105469,56.0,55.599998474121094,2576300.0,55.599998474121094
2004-04-01,56.900001525878906,55.0099983215332,55.400001525878906,56.5,3299700.0,56.5
2004-04-02,58.130001068115234,56.95000076293945,57.599998474121094,57.970001220703125,3187200.0,57.970001220703125
2004-04-05,58.0,57.27000045776367,57.66999816894531,57.630001068115234,2482200.0,57.630001068115234
2004-04-06,57.400001525878906,56.400001525878906,57.150001525878906,56.939998626708984,2384900.0,56.939998626708984
2004-04-07,56.09000015258789,54.84000015258789,55.91999816894531,55.25,4275900.0,55.25
2004-04-08,56.16999816894531,54.560001373291016,56.150001525878906,55.029998779296875,3852100.0,55.029998779296875
2004-04-12,56.79999923706055,55.4900016784668,55.7400016784668,56.599998474121094,1999600.0,56.599998474121094
2004-04-13,57.20000076293945,55.61000061035156,57.20000076293945,55.83000183105469,2374800.0,55.83000183105469
2004-04-14,57.2400016784668,55.400001525878906,55.52000045776367,56.90999984741211,2499200.0,56.90999984741211
2004-04-15,58.5,56.959999084472656,57.09000015258789,57.689998626708984,3880000.0,57.689998626708984
2004-04-16,60.099998474121094,56.959999084472656,57.720001220703125,59.459999084472656,4823800.0,59.459999084472656
2004-04-19,61.15999984741211,59.349998474121094,59.65999984741211,60.619998931884766,4192800.0,60.619998931884766
2004-04-20,61.04999923706055,57.81999969482422,60.2400016784668,57.900001525878906,4281600.0,57.900001525878906
2004-04-21,59.25,57.15999984741211,58.060001373291016,58.72999954223633,3423300.0,58.72999954223633
2004-04-22,60.79999923706055,58.34000015258789,58.439998626708984,60.77000045776367,3533800.0,60.77000045776367
2004-04-23,60.75,59.25,60.68000030517578,60.68000030517578,2288100.0,60.68000030517578
2004-04-26,62.25,59.91999816894531,60.9900016784668,60.09000015258789,3251800.0,60.09000015258789
2004-04-27,62.0,59.79999923706055,60.13999938964844,59.9900016784668,3686900.0,59.9900016784668
2004-04-28,59.72999954223633,57.75,59.63999938964844,57.79999923706055,3950900.0,57.79999923706055
2004-04-29,58.560001373291016,56.70000076293945,58.060001373291016,57.0099983215332,4519800.0,57.0099983215332
2004-04-30,61.650001525878906,58.81999969482422,60.09000015258789,59.0,10975300.0,59.0
2004-05-03,60.599998474121094,58.79999923706055,59.09000015258789,59.5099983215332,4354700.0,59.5099983215332
2004-05-04,59.060001373291016,56.90999984741211,58.90999984741211,57.75,5484800.0,57.75
2004-05-05,59.029998779296875,57.08000183105469,57.900001525878906,58.93000030517578,3472900.0,58.93000030517578
2004-05-06,58.599998474121094,56.91999816894531,58.5,57.4900016784668,2955900.0,57.4900016784668
2004-05-07,58.650001525878906,56.709999084472656,57.0,56.84000015258789,3200800.0,56.84000015258789
2004-05-10,56.470001220703125,55.150001525878906,56.33000183105469,56.369998931884766,4708100.0,56.369998931884766
2004-05-11,57.90999984741211,56.45000076293945,56.52000045776367,57.56999969482422,3556500.0,57.56999969482422
2004-05-12,58.209999084472656,55.959999084472656,56.93000030517578,58.02000045776367,5035500.0,58.02000045776367
2004-05-13,58.7400016784668,57.56999969482422,57.779998779296875,58.47999954223633,3765900.0,58.47999954223633
2004-05-14,59.7400016784668,57.20000076293945,58.54999923706055,58.5,3985100.0,58.5
2004-05-17,58.849998474121094,57.400001525878906,58.0,58.150001525878906,2590900.0,58.150001525878906
2004-05-18,59.7599983215332,58.38999938964844,58.689998626708984,59.209999084472656,3541700.0,59.209999084472656
2004-05-19,60.20000076293945,58.58000183105469,60.0099983215332,59.220001220703125,6338800.0,59.220001220703125
2004-05-20,61.5,59.220001220703125,59.290000915527344,60.650001525878906,5456700.0,60.650001525878906
2004-05-21,61.72999954223633,60.380001068115234,61.4900016784668,61.400001525878906,3563900.0,61.400001525878906
2004-05-24,62.650001525878906,60.61000061035156,60.77000045776367,62.650001525878906,4701100.0,62.650001525878906
2004-05-25,63.939998626708984,61.849998474121094,62.599998474121094,63.540000915527344,5081000.0,63.540000915527344
2004-05-26,63.880001068115234,62.66999816894531,63.20000076293945,63.09000015258789,3192700.0,63.09000015258789
2004-05-27,63.900001525878906,61.689998626708984,63.400001525878906,63.08000183105469,5153600.0,63.08000183105469
2004-05-28,62.91999816894531,61.90999984741211,62.7599983215332,62.150001525878906,1976400.0,62.150001525878906
2004-06-01,62.849998474121094,61.5,61.7400016784668,62.849998474121094,2432300.0,62.849998474121094
2004-06-02,64.0,62.54999923706055,63.95000076293945,62.72999954223633,3116600.0,62.72999954223633
2004-06-03,63.0,61.06999969482422,62.54999923706055,61.150001525878906,2856600.0,61.150001525878906
2004-06-04,62.11000061035156,61.18000030517578,61.75,61.45000076293945,2295300.0,61.45000076293945
2004-06-07,63.18000030517578,61.34000015258789,61.90999984741211,63.13999938964844,2831000.0,63.13999938964844
2004-06-08,63.099998474121094,61.43000030517578,62.79999923706055,62.099998474121094,2489300.0,62.099998474121094
2004-06-09,62.09000015258789,60.060001373291016,62.0,60.33000183105469,4008600.0,60.33000183105469
2004-06-10,60.7400016784668,58.900001525878906,60.54999923706055,59.54999923706055,5150400.0,59.54999923706055
2004-06-14,60.29999923706055,58.7599983215332,58.9900016784668,59.279998779296875,2940000.0,59.279998779296875
2004-06-15,60.189998626708984,59.02000045776367,60.130001068115234,59.38999938964844,2836300.0,59.38999938964844
2004-06-16,60.0,59.150001525878906,59.56999969482422,59.77000045776367,2352700.0,59.77000045776367
2004-06-17,60.189998626708984,58.25,59.88999938964844,58.470001220703125,3245700.0,58.470001220703125
2004-06-18,59.47999954223633,58.040000915527344,58.88999938964844,58.040000915527344,5416300.0,58.040000915527344
2004-06-21,58.45000076293945,57.15999984741211,58.43000030517578,57.47999954223633,2655500.0,57.47999954223633
2004-06-22,58.45000076293945,56.5,57.599998474121094,58.25,3859400.0,58.25
2004-06-23,60.0,58.09000015258789,58.29999923706055,59.86000061035156,2951400.0,59.86000061035156
2004-06-24,61.20000076293945,59.5,59.75,60.58000183105469,3313300.0,60.58000183105469
2004-06-25,62.369998931884766,59.7599983215332,60.27000045776367,62.369998931884766,5526100.0,62.369998931884766
2004-06-28,63.56999969482422,62.060001373291016,63.099998474121094,62.70000076293945,4618900.0,62.70000076293945
2004-06-29,63.20000076293945,62.099998474121094,62.810001373291016,62.77000045776367,3422400.0,62.77000045776367
2004-06-30,63.56999969482422,62.56999969482422,63.119998931884766,63.25,3352300.0,63.25
2004-07-01,63.5,61.5,63.04999923706055,61.86000061035156,3370900.0,61.86000061035156
2004-07-02,62.2599983215332,61.18000030517578,62.13999938964844,62.0099983215332,2160300.0,62.0099983215332
2004-07-06,62.58000183105469,61.40999984741211,62.279998779296875,61.689998626708984,2459800.0,61.689998626708984
2004-07-07,63.0,61.47999954223633,61.540000915527344,62.77000045776367,2544200.0,62.77000045776367
2004-07-08,63.4900016784668,62.06999969482422,62.84000015258789,62.2599983215332,2831300.0,62.2599983215332
2004-07-09,63.119998931884766,61.5099983215332,62.560001373291016,61.5099983215332,2556500.0,61.5099983215332
2004-07-12,61.68000030517578,59.83000183105469,61.22999954223633,61.33000183105469,3973200.0,61.33000183105469
2004-07-13,62.09000015258789,60.84000015258789,61.22999954223633,61.189998626708984,2166600.0,61.189998626708984
2004-07-14,61.189998626708984,59.83000183105469,60.43000030517578,60.5099983215332,4211000.0,60.5099983215332
2004-07-15,60.5099983215332,59.09000015258789,60.279998779296875,59.439998626708984,2975500.0,59.439998626708984
2004-07-16,59.66999816894531,57.31999969482422,59.650001525878906,57.34000015258789,3419800.0,57.34000015258789
2004-07-19,58.349998474121094,56.02000045776367,57.959999084472656,56.560001373291016,4223700.0,56.560001373291016
2004-07-20,57.18000030517578,56.349998474121094,56.529998779296875,57.13999938964844,2956900.0,57.13999938964844
2004-07-21,58.0,55.04999923706055,56.849998474121094,55.130001068115234,3901500.0,55.130001068115234
2004-07-22,56.189998626708984,54.0,55.11000061035156,55.59000015258789,4247400.0,55.59000015258789
2004-07-23,56.029998779296875,54.7400016784668,55.09000015258789,55.38999938964844,2866600.0,55.38999938964844
2004-07-26,55.630001068115234,53.060001373291016,55.349998474121094,53.83000183105469,4005400.0,53.83000183105469
2004-07-27,57.36000061035156,53.75,54.13999938964844,56.5099983215332,4835600.0,56.5099983215332
2004-07-28,59.470001220703125,56.77000045776367,57.7599983215332,58.45000076293945,6113100.0,58.45000076293945
2004-07-29,59.650001525878906,58.2400016784668,58.7599983215332,59.650001525878906,3170100.0,59.650001525878906
2004-07-30,60.70000076293945,59.11000061035156,59.400001525878906,60.0,2732700.0,60.0
2004-08-02,60.0,57.709999084472656,59.79999923706055,58.34000015258789,4314100.0,58.34000015258789
2004-08-03,59.0,57.790000915527344,58.400001525878906,57.84000015258789,2750400.0,57.84000015258789
2004-08-04,58.40999984741211,57.11000061035156,57.810001373291016,57.560001373291016,4068800.0,57.560001373291016
2004-08-05,58.16999816894531,57.20000076293945,57.29999923706055,57.31999969482422,3466600.0,57.31999969482422
2004-08-06,57.34000015258789,55.959999084472656,57.27000045776367,55.970001220703125,3427000.0,55.970001220703125
2004-08-09,56.5,55.150001525878906,56.02000045776367,55.22999954223633,2733200.0,55.22999954223633
2004-08-10,56.81999969482422,55.0,55.29999923706055,56.810001373291016,2617500.0,56.810001373291016
2004-08-11,58.59000015258789,56.459999084472656,56.650001525878906,58.06999969482422,3074000.0,58.06999969482422
2004-08-12,58.959999084472656,58.0099983215332,58.04999923706055,58.27000045776367,2794400.0,58.27000045776367
2004-08-13,58.58000183105469,57.09000015258789,58.41999816894531,57.45000076293945,2400500.0,57.45000076293945
2004-08-16,59.380001068115234,57.5,57.720001220703125,59.06999969482422,2315700.0,59.06999969482422
2004-08-17,59.5,58.33000183105469,59.02000045776367,58.34000015258789,2528200.0,58.34000015258789
2004-08-18,60.16999816894531,57.0,57.18000030517578,60.09000015258789,6740300.0,60.09000015258789
2004-08-19,59.880001068115234,58.68000030517578,59.61000061035156,59.04999923706055,3684900.0,59.04999923706055
2004-08-20,60.0,58.689998626708984,59.0,59.77000045776367,2528500.0,59.77000045776367
2004-08-23,59.93000030517578,58.75,59.93000030517578,59.02000045776367,2244500.0,59.02000045776367
2004-08-24,59.5,58.06999969482422,59.2400016784668,59.04999923706055,2292900.0,59.04999923706055
2004-08-25,60.2400016784668,58.599998474121094,59.189998626708984,59.83000183105469,2433200.0,59.83000183105469
2004-08-26,60.33000183105469,58.97999954223633,59.880001068115234,59.630001068115234,1790400.0,59.630001068115234
2004-08-27,60.9900016784668,59.290000915527344,59.349998474121094,60.459999084472656,2066200.0,60.459999084472656
2004-08-30,60.400001525878906,58.31999969482422,60.2400016784668,58.630001068115234,2355100.0,58.630001068115234
2004-08-31,59.369998931884766,58.22999954223633,58.849998474121094,59.33000183105469,1872800.0,59.33000183105469
2004-09-01,60.400001525878906,58.95000076293945,59.060001373291016,60.0,2779400.0,60.0
2004-09-02,61.970001220703125,59.77000045776367,59.97999954223633,61.220001220703125,2563200.0,61.220001220703125
2004-09-03,61.650001525878906,60.380001068115234,61.09000015258789,60.470001220703125,2618900.0,60.470001220703125
2004-09-07,61.83000183105469,60.43000030517578,60.72999954223633,60.900001525878906,2303700.0,60.900001525878906
2004-09-08,61.43000030517578,59.79999923706055,60.77000045776367,60.54999923706055,1994400.0,60.54999923706055
2004-09-09,61.650001525878906,60.349998474121094,60.65999984741211,61.36000061035156,2693700.0,61.36000061035156
2004-09-10,62.47999954223633,60.900001525878906,61.06999969482422,62.09000015258789,2290800.0,62.09000015258789
2004-09-13,62.95000076293945,61.41999816894531,62.04999923706055,62.25,2358500.0,62.25
2004-09-14,62.849998474121094,61.779998779296875,62.08000183105469,62.310001373291016,2008100.0,62.310001373291016
2004-09-15,62.279998779296875,61.18000030517578,61.880001068115234,61.400001525878906,2123200.0,61.400001525878906
2004-09-16,62.189998626708984,60.880001068115234,61.47999954223633,61.04999923706055,2486700.0,61.04999923706055
2004-09-17,61.93000030517578,61.40999984741211,61.4900016784668,61.720001220703125,2098400.0,61.720001220703125
2004-09-20,62.560001373291016,60.81999969482422,61.599998474121094,61.540000915527344,2817600.0,61.540000915527344
2004-09-21,61.7599983215332,60.70000076293945,61.599998474121094,61.52000045776367,3164600.0,61.52000045776367
2004-09-22,61.130001068115234,59.560001373291016,61.130001068115234,59.56999969482422,3090400.0,59.56999969482422
2004-09-23,60.2599983215332,59.119998931884766,59.709999084472656,59.310001373291016,2622800.0,59.310001373291016
2004-09-24,60.5,59.09000015258789,59.189998626708984,59.66999816894531,2163800.0,59.66999816894531
2004-09-27,60.02000045776367,58.93000030517578,59.5,59.279998779296875,2238000.0,59.279998779296875
2004-09-28,60.369998931884766,59.060001373291016,59.34000015258789,60.0099983215332,2287000.0,60.0099983215332
2004-09-29,60.93000030517578,59.849998474121094,59.959999084472656,60.720001220703125,2071300.0,60.720001220703125
2004-09-30,61.5,59.88999938964844,60.40999984741211,61.16999816894531,2940900.0,61.16999816894531
2004-10-01,62.869998931884766,60.709999084472656,60.880001068115234,62.869998931884766,3052900.0,62.869998931884766
2004-10-04,63.099998474121094,61.95000076293945,62.54999923706055,62.439998626708984,3005100.0,62.439998626708984
2004-10-05,62.66999816894531,61.650001525878906,61.81999969482422,61.880001068115234,2497900.0,61.880001068115234
2004-10-06,62.310001373291016,61.45000076293945,61.7400016784668,62.29999923706055,2553300.0,62.29999923706055
2004-10-07,62.09000015258789,59.959999084472656,61.66999816894531,60.150001525878906,3143600.0,60.150001525878906
2004-10-08,59.630001068115234,57.70000076293945,58.61000061035156,58.95000076293945,6669700.0,58.95000076293945
2004-10-11,60.79999923706055,58.95000076293945,60.02000045776367,60.2599983215332,3580200.0,60.2599983215332
2004-10-12,60.33000183105469,59.22999954223633,59.9900016784668,59.81999969482422,2289900.0,59.81999969482422
2004-10-13,60.04999923706055,57.63999938964844,59.97999954223633,57.88999938964844,3356700.0,57.88999938964844
2004-10-14,58.7400016784668,56.40999984741211,57.779998779296875,56.880001068115234,5572500.0,56.880001068115234
2004-10-15,58.22999954223633,56.5,57.209999084472656,58.02000045776367,3970900.0,58.02000045776367
2004-10-18,58.2400016784668,57.20000076293945,57.79999923706055,58.0,2922900.0,58.0
2004-10-19,58.349998474121094,56.90999984741211,57.81999969482422,57.060001373291016,1975600.0,57.060001373291016
2004-10-20,58.29999923706055,56.58000183105469,56.900001525878906,58.06999969482422,2590500.0,58.06999969482422
2004-10-21,58.439998626708984,56.79999923706055,58.09000015258789,58.27000045776367,2322300.0,58.27000045776367
2004-10-22,58.5,56.75,58.2599983215332,56.779998779296875,2679200.0,56.779998779296875
2004-10-25,56.849998474121094,55.25,56.52000045776367,55.79999923706055,3067700.0,55.79999923706055
2004-10-26,56.689998626708984,55.70000076293945,55.849998474121094,56.68000030517578,3576500.0,56.68000030517578
2004-10-27,58.650001525878906,55.869998931884766,55.91999816894531,58.52000045776367,4565100.0,58.52000045776367
2004-10-28,60.18000030517578,57.220001220703125,58.34000015258789,59.61000061035156,4834900.0,59.61000061035156
2004-10-29,59.97999954223633,57.52000045776367,59.54999923706055,58.15999984741211,4939700.0,58.15999984741211
2004-11-01,58.619998931884766,57.2599983215332,57.939998626708984,57.650001525878906,4095200.0,57.650001525878906
2004-11-02,59.38999938964844,56.88999938964844,58.060001373291016,57.08000183105469,3690200.0,57.08000183105469
2004-11-03,60.86000061035156,58.119998931884766,58.5,60.290000915527344,4822500.0,60.290000915527344
2004-11-04,60.290000915527344,57.720001220703125,58.0,59.900001525878906,5039700.0,59.900001525878906
2004-11-05,61.95000076293945,59.70000076293945,60.18000030517578,60.86000061035156,5017900.0,60.86000061035156
2004-11-08,62.33000183105469,60.34000015258789,61.91999816894531,60.400001525878906,5401500.0,60.400001525878906
2004-11-09,61.06999969482422,59.83000183105469,60.83000183105469,60.5,4390200.0,60.5
2004-11-10,60.810001373291016,59.36000061035156,60.560001373291016,59.63999938964844,2667400.0,59.63999938964844
2004-11-11,60.68000030517578,59.66999816894531,60.130001068115234,60.119998931884766,2714400.0,60.119998931884766
2004-11-12,60.45000076293945,58.70000076293945,60.400001525878906,59.040000915527344,4994900.0,59.040000915527344
2004-11-15,59.130001068115234,58.38999938964844,58.81999969482422,58.75,2525400.0,58.75
2004-11-16,59.470001220703125,58.130001068115234,58.689998626708984,58.310001373291016,2097500.0,58.310001373291016
2004-11-17,59.15999984741211,56.75,58.41999816894531,57.060001373291016,3894100.0,57.060001373291016
2004-11-18,57.900001525878906,56.650001525878906,56.650001525878906,57.52000045776367,2835300.0,57.52000045776367
2004-11-19,56.63999938964844,55.0099983215332,56.02000045776367,55.34000015258789,6831700.0,55.34000015258789
2004-11-22,57.220001220703125,54.29999923706055,55.81999969482422,57.13999938964844,6481600.0,57.13999938964844
2004-11-23,57.75,55.61000061035156,57.16999816894531,57.43000030517578,6814000.0,57.43000030517578
2004-11-24,59.95000076293945,57.84000015258789,59.22999954223633,58.59000015258789,9389100.0,58.59000015258789
2004-11-26,58.900001525878906,58.220001220703125,58.400001525878906,58.43000030517578,1101400.0,58.43000030517578
2004-11-29,59.29999923706055,57.869998931884766,59.040000915527344,58.900001525878906,4268300.0,58.900001525878906
2004-11-30,59.119998931884766,57.84000015258789,58.939998626708984,58.68000030517578,3786300.0,58.68000030517578
2004-12-01,60.7400016784668,59.119998931884766,59.150001525878906,60.560001373291016,5814400.0,60.560001373291016
2004-12-02,61.9900016784668,60.36000061035156,60.5,61.900001525878906,3457900.0,61.900001525878906
2004-12-03,62.08000183105469,60.810001373291016,61.439998626708984,61.560001373291016,3301000.0,61.560001373291016
2004-12-06,61.900001525878906,60.650001525878906,61.04999923706055,61.38999938964844,2226200.0,61.38999938964844
2004-12-07,62.5,61.279998779296875,61.380001068115234,61.470001220703125,3545400.0,61.470001220703125
2004-12-08,64.94000244140625,61.83000183105469,61.849998474121094,64.52999877929688,8194000.0,64.52999877929688
2004-12-09,66.30000305175781,63.75,64.5,66.12000274658203,6323300.0,66.12000274658203
2004-12-10,65.9000015258789,64.58999633789062,65.76000213623047,65.52999877929688,4408200.0,65.52999877929688
2004-12-13,66.4000015258789,65.43000030517578,66.02999877929688,66.29000091552734,4167800.0,66.29000091552734
2004-12-14,66.29000091552734,65.08999633789062,65.37000274658203,66.19000244140625,3194800.0,66.19000244140625
2004-12-15,66.69000244140625,64.66999816894531,66.0,64.91000366210938,3591400.0,64.91000366210938
2004-12-16,66.4800033569336,65.30000305175781,65.70999908447266,65.88999938964844,3414300.0,65.88999938964844
2004-12-17,66.87999725341797,64.80000305175781,65.8499984741211,64.80000305175781,4309000.0,64.80000305175781
2004-12-20,65.91999816894531,64.8499984741211,65.11000061035156,65.83999633789062,2576400.0,65.83999633789062
2004-12-21,66.22000122070312,65.31999969482422,65.93000030517578,65.91999816894531,2535300.0,65.91999816894531
2004-12-22,65.77999877929688,64.94999694824219,65.5199966430664,65.63999938964844,2122800.0,65.63999938964844
2004-12-23,66.7699966430664,65.33999633789062,65.5,66.30999755859375,2021200.0,66.30999755859375
2004-12-27,67.0,65.0,66.58999633789062,65.55000305175781,2944000.0,65.55000305175781
2004-12-28,68.12999725341797,65.63999938964844,66.0199966430664,67.86000061035156,3842300.0,67.86000061035156
2004-12-29,68.0,67.33999633789062,67.86000061035156,67.91999816894531,2247300.0,67.91999816894531
2004-12-30,67.94999694824219,66.7699966430664,67.70999908447266,67.20999908447266,1225200.0,67.20999908447266
2004-12-31,67.55999755859375,66.61000061035156,67.19999694824219,66.61000061035156,1722900.0,66.61000061035156
2005-01-03,67.80000305175781,66.1500015258789,66.91999816894531,66.29000091552734,3506500.0,66.29000091552734
2005-01-04,67.41000366210938,64.29000091552734,66.83999633789062,64.76000213623047,3888500.0,64.76000213623047
2005-01-05,65.4800033569336,63.81999969482422,64.91000366210938,64.83999633789062,3587400.0,64.83999633789062
2005-01-06,65.87000274658203,64.44999694824219,64.87999725341797,65.19000244140625,2963900.0,65.19000244140625
2005-01-07,66.69999694824219,65.3499984741211,66.2300033569336,66.08999633789062,3257100.0,66.08999633789062
2005-01-10,67.54000091552734,65.69999694824219,65.69999694824219,66.81999969482422,4390300.0,66.81999969482422
2005-01-11,66.6500015258789,65.55999755859375,66.12000274658203,65.80000305175781,2902400.0,65.80000305175781
2005-01-12,67.11000061035156,65.93000030517578,65.95999908447266,67.11000061035156,3410200.0,67.11000061035156
2005-01-13,67.11000061035156,64.76000213623047,66.93000030517578,64.87000274658203,3595600.0,64.87000274658203
2005-01-14,66.66999816894531,64.62000274658203,64.94999694824219,66.58000183105469,3151300.0,66.58000183105469
2005-01-18,68.38999938964844,65.94000244140625,65.97000122070312,67.80000305175781,3872100.0,67.80000305175781
2005-01-19,68.19000244140625,66.80999755859375,67.62999725341797,66.93000030517578,2905000.0,66.93000030517578
2005-01-20,67.81999969482422,64.6500015258789,66.93000030517578,64.83000183105469,6126000.0,64.83000183105469
2005-01-21,65.54000091552734,64.16999816894531,65.0,64.83000183105469,5277800.0,64.83000183105469
2005-01-24,64.94999694824219,61.7599983215332,64.94999694824219,63.0,4911600.0,63.0
2005-01-25,64.33999633789062,62.31999969482422,63.400001525878906,63.08000183105469,3215000.0,63.08000183105469
2005-01-26,64.30999755859375,63.0,63.33000183105469,63.470001220703125,3666300.0,63.470001220703125
2005-01-27,64.72000122070312,62.939998626708984,63.529998779296875,63.689998626708984,3854200.0,63.689998626708984
2005-01-28,63.709999084472656,61.27000045776367,63.400001525878906,62.20000076293945,4686900.0,62.20000076293945
2005-01-31,65.3499984741211,63.34000015258789,63.5,64.95999908447266,4170300.0,64.95999908447266
2005-02-01,65.3499984741211,64.20999908447266,64.77999877929688,64.72000122070312,2307800.0,64.72000122070312
2005-02-02,65.9000015258789,64.52999877929688,65.08000183105469,65.5,2931900.0,65.5
2005-02-03,65.9000015258789,64.76000213623047,65.70999908447266,65.18000030517578,1992200.0,65.18000030517578
2005-02-04,66.98999786376953,64.87000274658203,64.87000274658203,66.94999694824219,3565200.0,66.94999694824219
2005-02-07,67.01000213623047,65.75,67.0,66.1500015258789,3391400.0,66.1500015258789
2005-02-08,67.69999694824219,65.76000213623047,67.62999725341797,66.2300033569336,4683800.0,66.2300033569336
2005-02-09,66.80999755859375,65.0199966430664,66.51000213623047,65.02999877929688,3369100.0,65.02999877929688
2005-02-10,66.0999984741211,64.98999786376953,65.2300033569336,65.91999816894531,2518500.0,65.91999816894531
2005-02-11,67.30999755859375,65.44999694824219,65.98999786376953,66.69999694824219,2947600.0,66.69999694824219
2005-02-14,67.08000183105469,66.4000015258789,66.5999984741211,66.98999786376953,1833700.0,66.98999786376953
2005-02-15,68.0,66.30000305175781,67.0,67.04000091552734,2800000.0,67.04000091552734
2005-02-16,67.5,66.26000213623047,66.8499984741211,67.29000091552734,1869500.0,67.29000091552734
2005-02-17,70.0,67.5,68.69999694824219,67.56999969482422,7394900.0,67.56999969482422
2005-02-18,67.5999984741211,66.8499984741211,67.55000305175781,66.97000122070312,2611000.0,66.97000122070312
2005-02-22,67.5,65.33000183105469,67.05999755859375,65.33999633789062,3047400.0,65.33999633789062
2005-02-23,66.06999969482422,65.08999633789062,65.7300033569336,65.58000183105469,1702400.0,65.58000183105469
2005-02-24,66.7699966430664,64.12999725341797,65.08999633789062,66.68000030517578,3896200.0,66.68000030517578
2005-02-25,67.38999938964844,66.04000091552734,66.44999694824219,67.27999877929688,1977500.0,67.27999877929688
2005-02-28,41.560001373291016,35.86000061035156,37.790000915527344,38.650001525878906,117940000.0,38.650001525878906
2005-03-01,41.47999954223633,39.119998931884766,40.0,41.2599983215332,52507900.0,41.2599983215332
2005-03-02,42.25,40.7400016784668,41.72999954223633,40.880001068115234,24290800.0,40.880001068115234
2005-03-03,41.560001373291016,38.79999923706055,41.4900016784668,39.33000183105469,21420400.0,39.33000183105469
2005-03-04,38.52000045776367,37.45000076293945,38.470001220703125,37.529998779296875,24063700.0,37.529998779296875
2005-03-07,38.2599983215332,37.5,38.11000061035156,37.59000015258789,10636100.0,37.59000015258789
2005-03-08,38.54999923706055,37.18000030517578,37.70000076293945,38.349998474121094,14022400.0,38.349998474121094
2005-03-09,39.65999984741211,38.33000183105469,38.5,39.310001373291016,12759100.0,39.310001373291016
2005-03-10,39.86000061035156,37.939998626708984,39.400001525878906,38.61000061035156,10669400.0,38.61000061035156
2005-03-11,39.189998626708984,38.0,38.79999923706055,38.029998779296875,5524200.0,38.029998779296875
2005-03-14,39.540000915527344,38.04999923706055,38.31999969482422,39.40999984741211,6374200.0,39.40999984741211
2005-03-15,39.900001525878906,38.06999969482422,39.41999816894531,38.06999969482422,7257100.0,38.06999969482422
2005-03-16,39.029998779296875,34.29999923706055,38.02000045776367,37.189998626708984,29867000.0,37.189998626708984
2005-03-17,38.88999938964844,37.470001220703125,37.470001220703125,38.15999984741211,10854300.0,38.15999984741211
2005-03-18,38.61000061035156,37.7400016784668,38.279998779296875,38.2599983215332,5837800.0,38.2599983215332
2005-03-21,38.650001525878906,37.97999954223633,37.9900016784668,38.27000045776367,3706700.0,38.27000045776367
2005-03-22,38.5,37.93000030517578,38.369998931884766,38.099998474121094,7335100.0,38.099998474121094
2005-03-23,38.709999084472656,38.02000045776367,38.02000045776367,38.099998474121094,3632000.0,38.099998474121094
2005-03-24,39.34000015258789,38.400001525878906,38.650001525878906,38.79999923706055,4583600.0,38.79999923706055
2005-03-28,39.2599983215332,38.099998474121094,39.0,38.099998474121094,3313800.0,38.099998474121094
2005-03-29,38.70000076293945,37.45000076293945,38.099998474121094,37.689998626708984,5021000.0,37.689998626708984
2005-03-30,38.5,37.66999816894531,37.90999984741211,38.349998474121094,3176500.0,38.349998474121094
2005-03-31,35.130001068115234,33.849998474121094,34.59000015258789,34.5099983215332,41007700.0,34.5099983215332
2005-04-01,35.34000015258789,34.209999084472656,34.66999816894531,34.7400016784668,12616900.0,34.7400016784668
2005-04-04,35.0099983215332,34.209999084472656,34.68000030517578,34.61000061035156,5240400.0,34.61000061035156
2005-04-05,35.09000015258789,34.34000015258789,34.83000183105469,34.77000045776367,4192800.0,34.77000045776367
2005-04-06,35.790000915527344,34.880001068115234,35.5,35.400001525878906,7834300.0,35.400001525878906
2005-04-07,36.79999923706055,35.470001220703125,35.5,36.529998779296875,6917400.0,36.529998779296875
2005-04-08,36.68000030517578,35.95000076293945,36.59000015258789,36.08000183105469,3274900.0,36.08000183105469
2005-04-11,36.790000915527344,35.459999084472656,35.900001525878906,35.75,4449600.0,35.75
2005-04-12,36.70000076293945,35.70000076293945,35.779998779296875,36.70000076293945,4615900.0,36.70000076293945
2005-04-13,37.09000015258789,36.27000045776367,36.900001525878906,36.45000076293945,6032100.0,36.45000076293945
2005-04-14,36.84000015258789,35.84000015258789,36.66999816894531,36.040000915527344,3318400.0,36.040000915527344
2005-04-15,36.47999954223633,35.52000045776367,35.65999984741211,35.790000915527344,5536900.0,35.790000915527344
2005-04-18,36.119998931884766,35.599998474121094,35.79999923706055,35.72999954223633,3020400.0,35.72999954223633
2005-04-19,36.119998931884766,35.2599983215332,35.810001373291016,35.470001220703125,3567500.0,35.470001220703125
2005-04-20,35.72999954223633,34.75,35.41999816894531,34.79999923706055,3663400.0,34.79999923706055
2005-04-21,35.54999923706055,34.91999816894531,35.2599983215332,35.41999816894531,2551500.0,35.41999816894531
2005-04-22,36.36000061035156,35.189998626708984,35.209999084472656,35.380001068115234,3298400.0,35.380001068115234
2005-04-25,35.70000076293945,35.0,35.70000076293945,35.349998474121094,2606100.0,35.349998474121094
2005-04-26,36.849998474121094,35.27000045776367,35.41999816894531,36.209999084472656,4502800.0,36.209999084472656
2005-04-27,36.45000076293945,35.599998474121094,36.29999923706055,35.84000015258789,3435000.0,35.84000015258789
2005-04-28,37.310001373291016,35.97999954223633,36.40999984741211,35.97999954223633,6779100.0,35.97999954223633
2005-04-29,36.4900016784668,35.5,36.150001525878906,36.2400016784668,3379000.0,36.2400016784668
2005-05-02,37.619998931884766,36.380001068115234,36.380001068115234,37.31999969482422,5046200.0,37.31999969482422
2005-05-03,37.970001220703125,37.369998931884766,37.470001220703125,37.720001220703125,5795500.0,37.720001220703125
2005-05-04,39.11000061035156,38.25,38.34000015258789,38.720001220703125,4824400.0,38.720001220703125
2005-05-05,38.7599983215332,38.0,38.599998474121094,38.52000045776367,3192600.0,38.52000045776367
2005-05-06,39.02000045776367,38.33000183105469,38.88999938964844,38.45000076293945,2676900.0,38.45000076293945
2005-05-09,38.869998931884766,38.15999984741211,38.61000061035156,38.70000076293945,3017700.0,38.70000076293945
2005-05-10,39.45000076293945,38.279998779296875,38.52000045776367,38.90999984741211,4346900.0,38.90999984741211
2005-05-11,39.189998626708984,38.0099983215332,39.02000045776367,38.77000045776367,4276700.0,38.77000045776367
2005-05-12,39.5,38.43000030517578,38.7400016784668,39.34000015258789,5158000.0,39.34000015258789
2005-05-13,39.619998931884766,38.52000045776367,39.369998931884766,38.900001525878906,4713000.0,38.900001525878906
2005-05-16,39.099998474121094,38.209999084472656,38.900001525878906,38.54999923706055,2058000.0,38.54999923706055
2005-05-17,38.83000183105469,38.279998779296875,38.439998626708984,38.650001525878906,3284800.0,38.650001525878906
2005-05-18,39.5099983215332,38.45000076293945,38.77000045776367,39.2599983215332,3282300.0,39.2599983215332
2005-05-19,39.95000076293945,38.790000915527344,39.18000030517578,39.95000076293945,3038900.0,39.95000076293945
2005-05-20,39.97999954223633,38.65999984741211,39.939998626708984,39.060001373291016,5207800.0,39.060001373291016
2005-05-23,39.18000030517578,38.52000045776367,38.540000915527344,39.11000061035156,2924900.0,39.11000061035156
2005-05-24,39.130001068115234,38.099998474121094,38.9900016784668,38.349998474121094,3029100.0,38.349998474121094
2005-05-25,38.36000061035156,37.689998626708984,38.29999923706055,37.9900016784668,2505000.0,37.9900016784668
2005-05-26,39.52000045776367,38.310001373291016,38.68000030517578,39.34000015258789,6989200.0,39.34000015258789
2005-05-27,39.650001525878906,38.90999984741211,39.38999938964844,39.63999938964844,2095100.0,39.63999938964844
2005-05-31,39.79999923706055,38.7400016784668,39.349998474121094,39.099998474121094,3111100.0,39.099998474121094
2005-06-01,40.02000045776367,39.20000076293945,39.40999984741211,39.77000045776367,3736800.0,39.77000045776367
2005-06-02,38.5,37.70000076293945,38.27000045776367,38.06999969482422,10907000.0,38.06999969482422
2005-06-03,37.7599983215332,36.13999938964844,37.2400016784668,36.400001525878906,8073500.0,36.400001525878906
2005-06-06,36.65999984741211,34.900001525878906,36.45000076293945,35.369998931884766,6866200.0,35.369998931884766
2005-06-07,35.790000915527344,35.0,35.790000915527344,35.06999969482422,4019200.0,35.06999969482422
2005-06-08,34.63999938964844,33.18000030517578,34.540000915527344,33.349998474121094,13943500.0,33.349998474121094
2005-06-09,36.400001525878906,33.630001068115234,33.7400016784668,35.130001068115234,15943300.0,35.130001068115234
2005-06-10,35.630001068115234,34.63999938964844,35.47999954223633,35.0099983215332,3893400.0,35.0099983215332
2005-06-13,35.11000061035156,34.45000076293945,34.79999923706055,34.790000915527344,3725100.0,34.790000915527344
2005-06-14,35.06999969482422,34.25,34.75,34.7599983215332,4559500.0,34.7599983215332
2005-06-15,35.349998474121094,34.56999969482422,35.099998474121094,35.029998779296875,3581100.0,35.029998779296875
2005-06-16,36.25,35.20000076293945,35.400001525878906,36.25,6178600.0,36.25
2005-06-17,36.0,35.33000183105469,35.959999084472656,35.939998626708984,6990400.0,35.939998626708984
2005-06-20,36.310001373291016,35.400001525878906,35.810001373291016,35.400001525878906,3097100.0,35.400001525878906
2005-06-21,35.77000045776367,35.0,35.5,35.25,2983900.0,35.25
2005-06-22,35.41999816894531,34.689998626708984,35.41999816894531,34.88999938964844,3618200.0,34.88999938964844
2005-06-23,35.099998474121094,33.959999084472656,34.90999984741211,34.189998626708984,5197600.0,34.189998626708984
2005-06-24,34.36000061035156,33.77000045776367,34.290000915527344,34.08000183105469,4458700.0,34.08000183105469
2005-06-27,34.279998779296875,33.81999969482422,34.11000061035156,33.9900016784668,3680900.0,33.9900016784668
2005-06-28,34.61000061035156,33.83000183105469,34.0,34.36000061035156,2341400.0,34.36000061035156
2005-06-29,35.150001525878906,34.040000915527344,34.689998626708984,34.880001068115234,4457600.0,34.880001068115234
2005-06-30,35.0,34.25,34.75,34.45000076293945,2821800.0,34.45000076293945
2005-07-01,34.54999923706055,34.0,34.349998474121094,34.08000183105469,1760900.0,34.08000183105469
2005-07-05,34.459999084472656,33.88999938964844,33.970001220703125,34.09000015258789,2643800.0,34.09000015258789
2005-07-06,34.95000076293945,33.880001068115234,34.09000015258789,34.650001525878906,3801500.0,34.650001525878906
2005-07-07,34.77000045776367,34.20000076293945,34.380001068115234,34.7599983215332,3429900.0,34.7599983215332
2005-07-08,35.4900016784668,34.599998474121094,34.79999923706055,35.43000030517578,4036300.0,35.43000030517578
2005-07-11,36.31999969482422,35.65999984741211,35.7400016784668,36.31999969482422,4109900.0,36.31999969482422
2005-07-12,36.540000915527344,36.060001373291016,36.220001220703125,36.34000015258789,2869700.0,36.34000015258789
2005-07-13,36.56999969482422,36.20000076293945,36.54999923706055,36.380001068115234,3293000.0,36.380001068115234
2005-07-14,37.7599983215332,36.47999954223633,36.540000915527344,37.7599983215332,4400600.0,37.7599983215332
2005-07-15,38.13999938964844,37.2599983215332,38.0,37.81999969482422,4306800.0,37.81999969482422
2005-07-18,38.27000045776367,37.79999923706055,37.93000030517578,38.099998474121094,2638200.0,38.099998474121094
2005-07-19,38.5,37.939998626708984,38.31999969482422,38.2400016784668,2714800.0,38.2400016784668
2005-07-20,39.560001373291016,38.04999923706055,38.189998626708984,39.2599983215332,5891500.0,39.2599983215332
2005-07-21,39.349998474121094,38.34000015258789,39.349998474121094,38.86000061035156,3691000.0,38.86000061035156
2005-07-22,38.81999969482422,38.25,38.65999984741211,38.459999084472656,4907600.0,38.459999084472656
2005-07-25,38.9900016784668,38.02000045776367,38.599998474121094,38.5,3270500.0,38.5
2005-07-26,39.470001220703125,38.060001373291016,38.47999954223633,38.81999969482422,5011800.0,38.81999969482422
2005-07-27,39.86000061035156,38.720001220703125,38.849998474121094,39.47999954223633,8833800.0,39.47999954223633
2005-07-28,39.90999984741211,39.54999923706055,39.70000076293945,39.900001525878906,4739600.0,39.900001525878906
2005-07-29,39.95000076293945,39.209999084472656,39.86000061035156,39.290000915527344,2973700.0,39.290000915527344
2005-08-01,40.779998779296875,39.36000061035156,39.40999984741211,40.41999816894531,5343000.0,40.41999816894531
2005-08-02,40.959999084472656,40.380001068115234,40.45000076293945,40.84000015258789,2849400.0,40.84000015258789
2005-08-03,40.869998931884766,40.36000061035156,40.650001525878906,40.689998626708984,2268600.0,40.689998626708984
2005-08-04,40.630001068115234,39.16999816894531,40.630001068115234,39.47999954223633,4632000.0,39.47999954223633
2005-08-05,39.650001525878906,38.060001373291016,39.560001373291016,38.119998931884766,5060900.0,38.119998931884766
2005-08-08,38.66999816894531,37.689998626708984,38.08000183105469,38.41999816894531,3657200.0,38.41999816894531
2005-08-09,42.650001525878906,39.810001373291016,39.900001525878906,41.2400016784668,19210100.0,41.2400016784668
2005-08-10,41.83000183105469,40.72999954223633,41.25,41.27000045776367,5231900.0,41.27000045776367
2005-08-11,41.810001373291016,40.90999984741211,41.08000183105469,41.72999954223633,2814900.0,41.72999954223633
2005-08-12,41.86000061035156,41.189998626708984,41.56999969482422,41.58000183105469,3810700.0,41.58000183105469
2005-08-15,42.13999938964844,41.16999816894531,41.40999984741211,41.709999084472656,2978300.0,41.709999084472656
2005-08-16,42.0,40.959999084472656,41.83000183105469,41.08000183105469,2686200.0,41.08000183105469
2005-08-17,41.310001373291016,40.5,41.0,40.54999923706055,3241500.0,40.54999923706055
2005-08-18,41.2400016784668,40.36000061035156,40.619998931884766,40.599998474121094,2275600.0,40.599998474121094
2005-08-19,40.900001525878906,40.119998931884766,40.36000061035156,40.2400016784668,2792600.0,40.2400016784668
2005-08-22,41.08000183105469,40.04999923706055,40.279998779296875,40.16999816894531,2007600.0,40.16999816894531
2005-08-23,40.400001525878906,39.790000915527344,40.25,39.849998474121094,2757400.0,39.849998474121094
2005-08-24,40.5,39.619998931884766,39.619998931884766,39.869998931884766,2367400.0,39.869998931884766
2005-08-25,41.41999816894531,39.810001373291016,39.9900016784668,40.91999816894531,3553500.0,40.91999816894531
2005-08-26,41.2599983215332,40.189998626708984,40.25,41.04999923706055,3481600.0,41.04999923706055
2005-08-29,41.25,40.630001068115234,40.68000030517578,40.9900016784668,3031600.0,40.9900016784668
2005-08-30,40.9900016784668,40.52000045776367,40.7400016784668,40.900001525878906,2086400.0,40.900001525878906
2005-08-31,42.150001525878906,40.83000183105469,41.0,42.13999938964844,4596300.0,42.13999938964844
2005-09-01,43.40999984741211,42.13999938964844,42.20000076293945,42.79999923706055,4856700.0,42.79999923706055
2005-09-02,43.0,41.84000015258789,42.97999954223633,42.41999816894531,1915100.0,42.41999816894531
2005-09-06,42.810001373291016,42.06999969482422,42.20000076293945,42.40999984741211,3548300.0,42.40999984741211
2005-09-07,42.689998626708984,42.150001525878906,42.34000015258789,42.470001220703125,3160100.0,42.470001220703125
2005-09-08,42.939998626708984,42.25,42.400001525878906,42.439998626708984,2055500.0,42.439998626708984
2005-09-09,42.72999954223633,41.56999969482422,41.86000061035156,41.86000061035156,7677700.0,41.86000061035156
2005-09-12,42.36000061035156,41.540000915527344,41.540000915527344,41.880001068115234,2207800.0,41.880001068115234
2005-09-13,41.880001068115234,40.88999938964844,41.83000183105469,41.29999923706055,2348600.0,41.29999923706055
2005-09-14,41.54999923706055,40.529998779296875,41.119998931884766,40.66999816894531,1807200.0,40.66999816894531
2005-09-15,40.95000076293945,40.22999954223633,40.75,40.439998626708984,2058900.0,40.439998626708984
2005-09-16,41.34000015258789,39.939998626708984,39.97999954223633,41.2400016784668,3983700.0,41.2400016784668
2005-09-19,41.2400016784668,40.0099983215332,41.220001220703125,40.290000915527344,2190300.0,40.290000915527344
2005-09-20,41.7400016784668,40.13999938964844,40.31999969482422,40.22999954223633,3389700.0,40.22999954223633
2005-09-21,40.619998931884766,39.2599983215332,40.58000183105469,39.41999816894531,4064500.0,39.41999816894531
2005-09-22,39.560001373291016,38.68000030517578,39.5,38.90999984741211,3290700.0,38.90999984741211
2005-09-23,39.0,38.36000061035156,38.959999084472656,38.560001373291016,2756800.0,38.560001373291016
2005-09-26,38.79999923706055,37.83000183105469,38.79999923706055,38.459999084472656,3752300.0,38.459999084472656
2005-09-27,39.290000915527344,37.84000015258789,38.9900016784668,38.04999923706055,3915200.0,38.04999923706055
2005-09-28,38.95000076293945,37.61000061035156,37.70000076293945,38.150001525878906,3392400.0,38.150001525878906
2005-09-29,38.849998474121094,37.79999923706055,38.25,38.599998474121094,3017600.0,38.599998474121094
2005-09-30,39.61000061035156,38.470001220703125,38.470001220703125,39.47999954223633,3192400.0,39.47999954223633
2005-10-03,40.0,38.90999984741211,39.58000183105469,39.91999816894531,4007800.0,39.91999816894531
2005-10-04,40.72999954223633,39.77000045776367,39.900001525878906,40.2599983215332,3723700.0,40.2599983215332
2005-10-05,40.439998626708984,38.84000015258789,40.369998931884766,38.86000061035156,2903100.0,38.86000061035156
2005-10-06,38.88999938964844,37.0,38.63999938964844,37.2400016784668,5141900.0,37.2400016784668
2005-10-07,37.91999816894531,37.02000045776367,37.54999923706055,37.709999084472656,2644500.0,37.709999084472656
2005-10-10,38.189998626708984,37.209999084472656,37.84000015258789,37.52000045776367,2494200.0,37.52000045776367
2005-10-11,37.849998474121094,36.189998626708984,37.59000015258789,36.56999969482422,3433900.0,36.56999969482422
2005-10-12,36.849998474121094,35.65999984741211,36.36000061035156,35.939998626708984,3198400.0,35.939998626708984
2005-10-13,37.380001068115234,35.70000076293945,35.970001220703125,37.060001373291016,4343100.0,37.060001373291016
2005-10-14,38.099998474121094,37.15999984741211,37.349998474121094,38.02000045776367,3183300.0,38.02000045776367
2005-10-17,39.119998931884766,38.2400016784668,38.2400016784668,38.630001068115234,3570700.0,38.630001068115234
2005-10-18,39.040000915527344,38.40999984741211,38.83000183105469,38.650001525878906,2953300.0,38.650001525878906
2005-10-19,39.27000045776367,38.0,38.34000015258789,39.27000045776367,3460100.0,39.27000045776367
2005-10-20,39.34000015258789,38.619998931884766,39.25,39.0099983215332,4226700.0,39.0099983215332
2005-10-21,39.45000076293945,38.900001525878906,39.45000076293945,39.09000015258789,3788900.0,39.09000015258789
2005-10-24,39.70000076293945,38.83000183105469,39.150001525878906,39.650001525878906,2519100.0,39.650001525878906
2005-10-25,40.43000030517578,39.470001220703125,39.81999969482422,40.41999816894531,2786100.0,40.41999816894531
2005-10-26,40.599998474121094,39.790000915527344,40.209999084472656,40.0099983215332,3178300.0,40.0099983215332
2005-10-27,39.41999816894531,38.290000915527344,38.810001373291016,38.349998474121094,4947000.0,38.349998474121094
2005-10-28,38.790000915527344,38.02000045776367,38.38999938964844,38.4900016784668,3852200.0,38.4900016784668
2005-10-31,40.849998474121094,38.93000030517578,38.93000030517578,40.630001068115234,6250000.0,40.630001068115234
2005-11-01,40.650001525878906,39.810001373291016,40.5099983215332,40.290000915527344,2704700.0,40.290000915527344
2005-11-02,41.2400016784668,39.95000076293945,40.0,41.15999984741211,2635500.0,41.15999984741211
2005-11-03,41.75,40.599998474121094,41.4900016784668,41.38999938964844,2799700.0,41.38999938964844
2005-11-04,42.25,41.189998626708984,41.20000076293945,41.97999954223633,2456100.0,41.97999954223633
2005-11-07,42.459999084472656,41.63999938964844,42.18000030517578,41.84000015258789,2276000.0,41.84000015258789
2005-11-08,43.04999923706055,41.66999816894531,41.81999969482422,42.91999816894531,3019300.0,42.91999816894531
2005-11-09,43.0,42.04999923706055,42.91999816894531,42.630001068115234,2260200.0,42.630001068115234
2005-11-10,43.9900016784668,42.630001068115234,42.779998779296875,43.97999954223633,3801000.0,43.97999954223633
2005-11-11,44.97999954223633,43.72999954223633,43.77000045776367,44.90999984741211,3737800.0,44.90999984741211
2005-11-14,45.029998779296875,43.52000045776367,44.77000045776367,43.7400016784668,3242200.0,43.7400016784668
2005-11-15,44.63999938964844,43.4900016784668,44.02000045776367,43.810001373291016,2479300.0,43.810001373291016
2005-11-16,44.29999923706055,43.2599983215332,44.09000015258789,43.720001220703125,2122600.0,43.720001220703125
2005-11-17,44.849998474121094,43.38999938964844,44.029998779296875,44.810001373291016,2737200.0,44.810001373291016
2005-11-18,46.0,45.27000045776367,45.58000183105469,45.33000183105469,5642400.0,45.33000183105469
2005-11-21,45.400001525878906,44.38999938964844,45.220001220703125,45.119998931884766,2746400.0,45.119998931884766
2005-11-22,45.650001525878906,43.939998626708984,45.150001525878906,44.7599983215332,4167900.0,44.7599983215332
2005-11-23,45.15999984741211,44.13999938964844,44.720001220703125,44.83000183105469,1892200.0,44.83000183105469
2005-11-25,45.20000076293945,43.90999984741211,44.689998626708984,44.4900016784668,904400.0,44.4900016784668
2005-11-28,44.20000076293945,42.869998931884766,44.18000030517578,43.41999816894531,3332600.0,43.41999816894531
2005-11-29,43.959999084472656,43.0,43.56999969482422,43.029998779296875,2365200.0,43.029998779296875
2005-11-30,43.81999969482422,42.720001220703125,42.90999984741211,42.810001373291016,2273000.0,42.810001373291016
2005-12-01,43.619998931884766,42.5,42.95000076293945,43.41999816894531,2696400.0,43.41999816894531
2005-12-02,43.630001068115234,42.599998474121094,43.09000015258789,43.45000076293945,2188000.0,43.45000076293945
2005-12-05,43.369998931884766,42.33000183105469,43.310001373291016,42.75,2242900.0,42.75
2005-12-06,43.540000915527344,42.36000061035156,43.33000183105469,42.36000061035156,2386400.0,42.36000061035156
2005-12-07,43.290000915527344,42.380001068115234,42.40999984741211,42.779998779296875,3142300.0,42.779998779296875
2005-12-08,45.18000030517578,42.83000183105469,42.83000183105469,44.93000030517578,6767800.0,44.93000030517578
2005-12-09,45.75,44.560001373291016,45.290000915527344,44.66999816894531,2962600.0,44.66999816894531
2005-12-12,45.150001525878906,44.5,44.849998474121094,44.7599983215332,2001100.0,44.7599983215332
2005-12-13,45.369998931884766,44.459999084472656,44.75,45.119998931884766,2957900.0,45.119998931884766
2005-12-14,45.400001525878906,44.650001525878906,45.2400016784668,44.779998779296875,2316500.0,44.779998779296875
2005-12-15,45.20000076293945,44.369998931884766,44.970001220703125,45.11000061035156,2351700.0,45.11000061035156
2005-12-16,45.869998931884766,45.0,45.209999084472656,45.310001373291016,6164900.0,45.310001373291016
2005-12-19,45.75,44.06999969482422,45.29999923706055,44.09000015258789,3322100.0,44.09000015258789
2005-12-20,44.29999923706055,43.40999984741211,44.099998474121094,43.790000915527344,2190000.0,43.790000915527344
2005-12-21,45.400001525878906,43.59000015258789,43.75,44.38999938964844,2799100.0,44.38999938964844
2005-12-22,45.91999816894531,44.43000030517578,44.47999954223633,45.470001220703125,3294700.0,45.470001220703125
2005-12-23,45.75,44.779998779296875,45.4900016784668,45.52000045776367,1402000.0,45.52000045776367
2005-12-27,46.720001220703125,44.790000915527344,45.900001525878906,44.91999816894531,3144200.0,44.91999816894531
2005-12-28,45.779998779296875,44.560001373291016,44.720001220703125,45.18000030517578,2052300.0,45.18000030517578
2005-12-29,45.369998931884766,44.599998474121094,45.06999969482422,44.65999984741211,1296700.0,44.65999984741211
2005-12-30,45.5099983215332,44.099998474121094,44.400001525878906,45.279998779296875,2610800.0,45.279998779296875
2006-01-03,47.060001373291016,44.65999984741211,45.689998626708984,46.7400016784668,4620500.0,46.7400016784668
2006-01-04,48.25,46.4900016784668,46.75,47.27000045776367,4101000.0,47.27000045776367
2006-01-05,47.709999084472656,46.5,46.779998779296875,47.119998931884766,2694100.0,47.119998931884766
2006-01-06,47.650001525878906,46.40999984741211,47.20000076293945,47.18000030517578,3814500.0,47.18000030517578
2006-01-09,48.290000915527344,46.70000076293945,46.779998779296875,47.54999923706055,3381900.0,47.54999923706055
2006-01-10,48.20000076293945,47.16999816894531,47.470001220703125,47.959999084472656,2729900.0,47.959999084472656
2006-01-11,48.5,47.439998626708984,47.689998626708984,47.529998779296875,2646700.0,47.529998779296875
2006-01-12,47.630001068115234,46.689998626708984,47.439998626708984,47.060001373291016,3369000.0,47.060001373291016
2006-01-13,47.029998779296875,45.709999084472656,46.880001068115234,46.209999084472656,2557600.0,46.209999084472656
2006-01-17,46.689998626708984,46.0,46.099998474121094,46.38999938964844,1859100.0,46.38999938964844
2006-01-18,46.189998626708984,45.54999923706055,46.09000015258789,45.91999816894531,2657300.0,45.91999816894531
2006-01-19,46.27000045776367,45.2400016784668,46.189998626708984,46.04999923706055,2179000.0,46.04999923706055
2006-01-20,46.150001525878906,44.31999969482422,46.060001373291016,44.93000030517578,4646600.0,44.93000030517578
2006-01-23,45.150001525878906,43.79999923706055,44.93000030517578,44.84000015258789,4108500.0,44.84000015258789
2006-01-24,44.939998626708984,44.11000061035156,44.79999923706055,44.41999816894531,2718400.0,44.41999816894531
2006-01-25,44.52000045776367,43.38999938964844,44.38999938964844,43.61000061035156,3653500.0,43.61000061035156
2006-01-26,44.45000076293945,43.880001068115234,44.439998626708984,44.36000061035156,2378500.0,44.36000061035156
2006-01-27,45.45000076293945,44.15999984741211,44.380001068115234,45.22999954223633,2221100.0,45.22999954223633
2006-01-30,45.65999984741211,44.38999938964844,45.279998779296875,44.72999954223633,1629600.0,44.72999954223633
2006-01-31,45.25,44.15999984741211,44.95000076293945,44.75,1946600.0,44.75
2006-02-01,45.75,44.439998626708984,44.47999954223633,45.27000045776367,2964700.0,45.27000045776367
2006-02-02,45.59000015258789,44.84000015258789,45.41999816894531,45.150001525878906,2408200.0,45.150001525878906
2006-02-03,45.040000915527344,43.900001525878906,44.810001373291016,44.91999816894531,2489100.0,44.91999816894531
2006-02-06,44.77000045776367,43.97999954223633,44.599998474121094,44.2400016784668,2323400.0,44.2400016784668
2006-02-07,44.66999816894531,43.689998626708984,43.959999084472656,44.59000015258789,2417300.0,44.59000015258789
2006-02-08,44.720001220703125,43.93000030517578,44.529998779296875,44.529998779296875,2009000.0,44.529998779296875
2006-02-09,45.06999969482422,44.099998474121094,44.310001373291016,44.2400016784668,2473000.0,44.2400016784668
2006-02-10,44.43000030517578,43.029998779296875,44.43000030517578,44.27000045776367,3111000.0,44.27000045776367
2006-02-13,44.31999969482422,43.119998931884766,44.099998474121094,43.709999084472656,1975700.0,43.709999084472656
2006-02-14,44.849998474121094,43.04999923706055,43.72999954223633,44.380001068115234,2678800.0,44.380001068115234
2006-02-15,46.38999938964844,44.0,44.38999938964844,45.720001220703125,5522200.0,45.720001220703125
2006-02-16,48.02000045776367,46.029998779296875,46.2599983215332,47.33000183105469,6493100.0,47.33000183105469
2006-02-17,47.779998779296875,46.88999938964844,47.38999938964844,47.060001373291016,2635400.0,47.060001373291016
2006-02-21,47.2599983215332,45.75,46.970001220703125,46.099998474121094,2698700.0,46.099998474121094
2006-02-22,47.4900016784668,46.13999938964844,46.209999084472656,47.31999969482422,3586900.0,47.31999969482422
2006-02-23,48.86000061035156,47.119998931884766,47.290000915527344,48.5,4028800.0,48.5
2006-02-24,50.0,48.40999984741211,48.5,49.58000183105469,4073400.0,49.58000183105469
2006-02-27,50.720001220703125,49.70000076293945,49.900001525878906,50.099998474121094,5862300.0,50.099998474121094
2006-02-28,49.91999816894531,45.79999923706055,49.79999923706055,47.25,10080900.0,47.25
2006-03-01,47.130001068115234,45.75,47.0,46.95000076293945,8888900.0,46.95000076293945
2006-03-02,47.400001525878906,45.810001373291016,47.099998474121094,46.36000061035156,3786300.0,46.36000061035156
2006-03-03,46.349998474121094,45.060001373291016,45.91999816894531,45.5,4978100.0,45.5
2006-03-06,46.029998779296875,44.93000030517578,45.7400016784668,45.5099983215332,7016000.0,45.5099983215332
2006-03-07,45.5099983215332,45.5099983215332,45.5099983215332,45.5099983215332,0.0,45.5099983215332
2006-03-08,45.5099983215332,45.5099983215332,45.5099983215332,45.5099983215332,0.0,45.5099983215332
2006-03-09,49.08000183105469,46.93000030517578,49.040000915527344,47.540000915527344,14459000.0,47.540000915527344
2006-03-10,48.25,47.18000030517578,47.20000076293945,47.779998779296875,5367600.0,47.779998779296875
2006-03-13,48.38999938964844,47.369998931884766,47.7599983215332,47.91999816894531,2511100.0,47.91999816894531
2006-03-14,48.9900016784668,47.79999923706055,47.83000183105469,48.959999084472656,2822100.0,48.959999084472656
2006-03-15,49.45000076293945,48.90999984741211,48.97999954223633,49.22999954223633,3725200.0,49.22999954223633
2006-03-16,49.689998626708984,49.029998779296875,49.439998626708984,49.099998474121094,3339800.0,49.099998474121094
2006-03-17,49.599998474121094,48.9900016784668,49.040000915527344,49.189998626708984,3651400.0,49.189998626708984
2006-03-20,49.47999954223633,48.29999923706055,49.29999923706055,49.25,1941500.0,49.25
2006-03-21,49.25,47.939998626708984,48.310001373291016,48.310001373291016,3855900.0,48.310001373291016
2006-03-22,48.41999816894531,46.25,47.0,48.099998474121094,4634500.0,48.099998474121094
2006-03-23,47.95000076293945,46.400001525878906,47.84000015258789,46.470001220703125,3432200.0,46.470001220703125
2006-03-24,47.0,46.099998474121094,46.41999816894531,46.459999084472656,3006900.0,46.459999084472656
2006-03-27,47.599998474121094,46.150001525878906,46.54999923706055,47.18000030517578,2242600.0,47.18000030517578
2006-03-28,47.439998626708984,45.45000076293945,47.220001220703125,45.86000061035156,2888200.0,45.86000061035156
2006-03-29,48.20000076293945,45.849998474121094,45.9900016784668,47.220001220703125,4628500.0,47.220001220703125
2006-03-30,47.900001525878906,46.84000015258789,46.900001525878906,47.20000076293945,2238800.0,47.20000076293945
2006-03-31,47.38999938964844,46.63999938964844,46.97999954223633,47.099998474121094,2167400.0,47.099998474121094
2006-04-03,47.75,46.34000015258789,47.20000076293945,46.34000015258789,3444300.0,46.34000015258789
2006-04-04,46.5099983215332,45.54999923706055,46.439998626708984,46.08000183105469,3465600.0,46.08000183105469
2006-04-05,46.13999938964844,44.959999084472656,45.900001525878906,45.36000061035156,3058100.0,45.36000061035156
2006-04-06,45.5099983215332,44.34000015258789,45.29999923706055,45.0,2856900.0,45.0
2006-04-07,45.959999084472656,44.20000076293945,45.279998779296875,44.369998931884766,3170800.0,44.369998931884766
2006-04-10,45.209999084472656,44.29999923706055,44.40999984741211,44.75,3868800.0,44.75
2006-04-11,45.459999084472656,43.84000015258789,45.0099983215332,44.310001373291016,3735800.0,44.310001373291016
2006-04-12,45.31999969482422,44.0,44.0,44.810001373291016,3179600.0,44.810001373291016
2006-04-13,45.70000076293945,44.5099983215332,44.720001220703125,45.040000915527344,2258500.0,45.040000915527344
2006-04-17,45.63999938964844,44.2400016784668,44.869998931884766,45.0,2411200.0,45.0
2006-04-18,46.0,44.599998474121094,45.11000061035156,45.86000061035156,2454500.0,45.86000061035156
2006-04-19,45.86000061035156,44.349998474121094,45.779998779296875,45.4900016784668,3548700.0,45.4900016784668
2006-04-20,45.29999923706055,44.5,45.2400016784668,44.83000183105469,3238300.0,44.83000183105469
2006-04-21,45.2400016784668,44.189998626708984,45.0,44.279998779296875,2760300.0,44.279998779296875
2006-04-24,44.97999954223633,44.189998626708984,44.189998626708984,44.75,3077400.0,44.75
2006-04-25,44.869998931884766,43.880001068115234,44.86000061035156,44.08000183105469,2586700.0,44.08000183105469
2006-04-26,44.59000015258789,42.52000045776367,43.959999084472656,44.06999969482422,5554800.0,44.06999969482422
2006-04-27,45.29999923706055,43.54999923706055,43.79999923706055,44.959999084472656,4565000.0,44.959999084472656
2006-04-28,45.84000015258789,44.77000045776367,45.369998931884766,44.849998474121094,3246100.0,44.849998474121094
2006-05-01,45.90999984741211,44.689998626708984,44.810001373291016,45.43000030517578,3810800.0,45.43000030517578
2006-05-02,46.150001525878906,44.689998626708984,45.459999084472656,45.900001525878906,3877800.0,45.900001525878906
2006-05-03,46.90999984741211,45.599998474121094,45.91999816894531,46.09000015258789,3926100.0,46.09000015258789
2006-05-04,46.95000076293945,45.9900016784668,46.099998474121094,46.779998779296875,1883700.0,46.779998779296875
2006-05-05,47.47999954223633,46.20000076293945,47.040000915527344,46.91999816894531,2672600.0,46.91999816894531
2006-05-08,47.099998474121094,46.04999923706055,47.099998474121094,46.15999984741211,2869700.0,46.15999984741211
2006-05-09,47.08000183105469,46.13999938964844,46.27000045776367,47.02000045776367,2407800.0,47.02000045776367
2006-05-10,47.7400016784668,46.70000076293945,47.0099983215332,46.869998931884766,3873200.0,46.869998931884766
2006-05-11,47.25,46.369998931884766,46.900001525878906,46.66999816894531,3168100.0,46.66999816894531
2006-05-12,46.47999954223633,45.369998931884766,46.400001525878906,45.959999084472656,3433300.0,45.959999084472656
2006-05-15,47.189998626708984,45.41999816894531,45.63999938964844,47.13999938964844,4405600.0,47.13999938964844
2006-05-16,47.380001068115234,46.43000030517578,46.90999984741211,46.95000076293945,4361500.0,46.95000076293945
2006-05-17,47.16999816894531,45.40999984741211,46.68000030517578,45.90999984741211,3597200.0,45.90999984741211
2006-05-18,46.619998931884766,45.31999969482422,45.70000076293945,45.349998474121094,2704200.0,45.349998474121094
2006-05-19,45.9900016784668,44.66999816894531,45.34000015258789,45.689998626708984,3604800.0,45.689998626708984
2006-05-22,46.15999984741211,45.0,45.36000061035156,45.04999923706055,3222100.0,45.04999923706055
2006-05-23,45.650001525878906,44.25,45.27000045776367,44.2599983215332,2592900.0,44.2599983215332
2006-05-24,45.59000015258789,43.720001220703125,43.91999816894531,45.41999816894531,3804200.0,45.41999816894531
2006-05-25,46.9900016784668,44.900001525878906,45.16999816894531,46.9900016784668,3817500.0,46.9900016784668
2006-05-26,47.369998931884766,46.560001373291016,46.88999938964844,47.0,2627500.0,47.0
2006-05-30,47.25,45.27000045776367,46.619998931884766,45.27000045776367,3116400.0,45.27000045776367
2006-05-31,46.630001068115234,45.02000045776367,45.349998474121094,46.630001068115234,3503600.0,46.630001068115234
2006-06-01,48.119998931884766,46.709999084472656,46.90999984741211,48.119998931884766,4436100.0,48.119998931884766
2006-06-02,48.779998779296875,47.099998474121094,48.349998474121094,47.709999084472656,3312600.0,47.709999084472656
2006-06-05,48.970001220703125,45.22999954223633,47.4900016784668,45.38999938964844,7427100.0,45.38999938964844
2006-06-06,46.27000045776367,45.09000015258789,45.540000915527344,46.16999816894531,3729400.0,46.16999816894531
2006-06-07,47.66999816894531,45.810001373291016,46.15999984741211,46.72999954223633,4031400.0,46.72999954223633
2006-06-08,47.029998779296875,45.58000183105469,46.33000183105469,46.36000061035156,3757100.0,46.36000061035156
2006-06-09,46.95000076293945,45.650001525878906,46.18000030517578,46.0,2057100.0,46.0
2006-06-12,46.720001220703125,45.58000183105469,45.90999984741211,45.66999816894531,1627800.0,45.66999816894531
2006-06-13,46.349998474121094,44.97999954223633,45.58000183105469,45.400001525878906,3225100.0,45.400001525878906
2006-06-14,46.880001068115234,45.31999969482422,45.34000015258789,46.68000030517578,3834300.0,46.68000030517578
2006-06-15,47.5,46.16999816894531,46.83000183105469,46.900001525878906,4353600.0,46.900001525878906
2006-06-16,46.93000030517578,45.97999954223633,46.689998626708984,46.27000045776367,3662100.0,46.27000045776367
2006-06-19,46.41999816894531,45.11000061035156,46.29999923706055,45.290000915527344,2172400.0,45.290000915527344
2006-06-20,45.7400016784668,44.75,45.5,45.029998779296875,1872200.0,45.029998779296875
2006-06-21,46.22999954223633,44.90999984741211,44.939998626708984,45.58000183105469,2074200.0,45.58000183105469
2006-06-22,45.58000183105469,44.599998474121094,45.58000183105469,44.880001068115234,1857400.0,44.880001068115234
2006-06-23,45.720001220703125,44.70000076293945,44.75,44.9900016784668,2003600.0,44.9900016784668
2006-06-26,45.13999938964844,44.68000030517578,44.9900016784668,45.0,1509500.0,45.0
2006-06-27,45.18000030517578,43.90999984741211,45.09000015258789,44.04999923706055,2286000.0,44.04999923706055
2006-06-28,44.9900016784668,43.65999984741211,44.189998626708984,44.97999954223633,2479200.0,44.97999954223633
2006-06-29,46.9900016784668,45.099998474121094,45.36000061035156,46.970001220703125,3946200.0,46.970001220703125
2006-06-30,47.470001220703125,46.290000915527344,47.040000915527344,46.31999969482422,4355300.0,46.31999969482422
2006-07-03,47.029998779296875,46.41999816894531,46.52000045776367,47.029998779296875,983800.0,47.029998779296875
2006-07-05,47.04999923706055,46.279998779296875,47.04999923706055,46.279998779296875,2020500.0,46.279998779296875
2006-07-06,47.459999084472656,46.13999938964844,46.13999938964844,47.040000915527344,2255300.0,47.040000915527344
2006-07-07,47.189998626708984,45.540000915527344,46.7400016784668,45.65999984741211,2989700.0,45.65999984741211
2006-07-10,46.869998931884766,45.720001220703125,45.84000015258789,46.290000915527344,2456400.0,46.290000915527344
2006-07-11,46.47999954223633,45.08000183105469,46.189998626708984,46.0099983215332,2925400.0,46.0099983215332
2006-07-12,45.849998474121094,44.880001068115234,45.13999938964844,45.560001373291016,3422800.0,45.560001373291016
2006-07-13,45.95000076293945,45.11000061035156,45.560001373291016,45.209999084472656,2814400.0,45.209999084472656
2006-07-14,44.5099983215332,42.849998474121094,44.369998931884766,43.2400016784668,5192100.0,43.2400016784668
2006-07-17,42.97999954223633,41.5099983215332,42.790000915527344,41.97999954223633,4869000.0,41.97999954223633
2006-07-18,42.25,40.40999984741211,41.849998474121094,41.119998931884766,5172600.0,41.119998931884766
2006-07-19,42.66999816894531,41.04999923706055,41.189998626708984,42.0099983215332,3881200.0,42.0099983215332
2006-07-20,42.34000015258789,41.04999923706055,41.68000030517578,41.38999938964844,2168400.0,41.38999938964844
2006-07-21,41.4900016784668,40.63999938964844,41.04999923706055,40.72999954223633,2882900.0,40.72999954223633
2006-07-24,41.27000045776367,40.380001068115234,40.7599983215332,41.20000076293945,3348900.0,41.20000076293945
2006-07-25,41.810001373291016,40.7599983215332,40.9900016784668,41.54999923706055,3479300.0,41.54999923706055
2006-07-26,41.56999969482422,40.2400016784668,41.52000045776367,40.970001220703125,4566900.0,40.970001220703125
2006-07-27,42.380001068115234,41.099998474121094,41.41999816894531,41.33000183105469,3585400.0,41.33000183105469
2006-07-28,42.099998474121094,41.08000183105469,41.540000915527344,41.84000015258789,2234100.0,41.84000015258789
2006-07-31,42.5,41.310001373291016,41.650001525878906,42.04999923706055,2557100.0,42.04999923706055
2006-08-01,42.0,40.810001373291016,41.970001220703125,41.029998779296875,2626000.0,41.029998779296875
2006-08-02,42.900001525878906,41.189998626708984,41.380001068115234,42.16999816894531,3057200.0,42.16999816894531
2006-08-03,43.119998931884766,41.61000061035156,41.9900016784668,42.650001525878906,2877900.0,42.650001525878906
2006-08-04,43.220001220703125,42.02000045776367,42.939998626708984,42.38999938964844,2752200.0,42.38999938964844
2006-08-07,42.880001068115234,41.40999984741211,42.33000183105469,41.970001220703125,3098100.0,41.970001220703125
2006-08-08,42.29999923706055,41.02000045776367,42.15999984741211,41.72999954223633,3090600.0,41.72999954223633
2006-08-09,42.650001525878906,41.77000045776367,42.15999984741211,41.86000061035156,3936700.0,41.86000061035156
2006-08-10,41.95000076293945,41.15999984741211,41.720001220703125,41.58000183105469,2865400.0,41.58000183105469
2006-08-11,41.959999084472656,41.2400016784668,41.40999984741211,41.45000076293945,2514300.0,41.45000076293945
2006-08-14,42.38999938964844,41.349998474121094,41.720001220703125,41.83000183105469,3758100.0,41.83000183105469
2006-08-15,42.70000076293945,41.70000076293945,42.16999816894531,42.290000915527344,3054800.0,42.290000915527344
2006-08-16,43.08000183105469,42.029998779296875,42.41999816894531,43.08000183105469,2877100.0,43.08000183105469
2006-08-17,43.38999938964844,42.779998779296875,42.93000030517578,43.31999969482422,2889800.0,43.31999969482422
2006-08-18,43.810001373291016,42.7599983215332,43.45000076293945,42.90999984741211,3337200.0,42.90999984741211
2006-08-21,43.4900016784668,42.5,42.709999084472656,43.0,2521200.0,43.0
2006-08-22,43.349998474121094,42.47999954223633,43.0099983215332,42.880001068115234,2500600.0,42.880001068115234
2006-08-23,43.119998931884766,42.52000045776367,42.75,43.0,1779100.0,43.0
2006-08-24,43.86000061035156,43.0,43.04999923706055,43.7599983215332,2783200.0,43.7599983215332
2006-08-25,44.5099983215332,43.5,43.56999969482422,44.279998779296875,2650900.0,44.279998779296875
2006-08-28,44.91999816894531,44.13999938964844,44.18000030517578,44.7400016784668,2194800.0,44.7400016784668
2006-08-29,44.83000183105469,43.869998931884766,44.83000183105469,44.33000183105469,2515700.0,44.33000183105469
2006-08-30,44.810001373291016,43.959999084472656,44.470001220703125,44.70000076293945,2548900.0,44.70000076293945
2006-08-31,45.0099983215332,44.08000183105469,44.86000061035156,44.20000076293945,2164600.0,44.20000076293945
2006-09-01,44.959999084472656,44.189998626708984,44.400001525878906,44.25,2431100.0,44.25
2006-09-05,44.9900016784668,43.68000030517578,44.09000015258789,44.560001373291016,2420700.0,44.560001373291016
2006-09-06,44.279998779296875,43.150001525878906,44.06999969482422,43.25,3235500.0,43.25
2006-09-07,44.08000183105469,43.27000045776367,43.40999984741211,43.5,2919200.0,43.5
2006-09-08,44.18000030517578,43.279998779296875,43.52000045776367,43.97999954223633,1249900.0,43.97999954223633
2006-09-11,44.20000076293945,43.349998474121094,43.66999816894531,44.0099983215332,2103300.0,44.0099983215332
2006-09-12,44.06999969482422,43.0099983215332,44.0,43.869998931884766,3152800.0,43.869998931884766
2006-09-13,43.939998626708984,43.290000915527344,43.66999816894531,43.66999816894531,2303500.0,43.66999816894531
2006-09-14,43.9900016784668,43.130001068115234,43.45000076293945,43.38999938964844,2630400.0,43.38999938964844
2006-09-15,44.02000045776367,43.20000076293945,43.560001373291016,43.900001525878906,4813400.0,43.900001525878906
2006-09-18,44.20000076293945,43.540000915527344,43.630001068115234,43.56999969482422,2064300.0,43.56999969482422
2006-09-19,43.56999969482422,42.5099983215332,43.41999816894531,43.18000030517578,3626600.0,43.18000030517578
2006-09-20,43.869998931884766,43.22999954223633,43.380001068115234,43.65999984741211,3432100.0,43.65999984741211
2006-09-21,44.470001220703125,43.619998931884766,43.95000076293945,43.65999984741211,3108800.0,43.65999984741211
2006-09-22,44.560001373291016,43.59000015258789,43.75,44.22999954223633,3945800.0,44.22999954223633
2006-09-25,44.7400016784668,43.75,44.439998626708984,44.709999084472656,2853600.0,44.709999084472656
2006-09-26,44.779998779296875,43.900001525878906,44.529998779296875,44.68000030517578,2565500.0,44.68000030517578
2006-09-27,44.84000015258789,44.25,44.54999923706055,44.599998474121094,2283300.0,44.599998474121094
2006-09-28,45.02000045776367,44.40999984741211,44.70000076293945,44.7400016784668,2786000.0,44.7400016784668
2006-09-29,44.790000915527344,44.18000030517578,44.52000045776367,44.68000030517578,2367300.0,44.68000030517578
2006-10-02,45.790000915527344,43.95000076293945,44.810001373291016,44.2400016784668,3781900.0,44.2400016784668
2006-10-03,45.220001220703125,43.4900016784668,44.119998931884766,44.880001068115234,3105100.0,44.880001068115234
2006-10-04,46.38999938964844,44.65999984741211,44.65999984741211,46.18000030517578,3914400.0,46.18000030517578
2006-10-05,46.45000076293945,45.529998779296875,45.93000030517578,45.689998626708984,2070800.0,45.689998626708984
2006-10-06,46.0099983215332,45.40999984741211,45.63999938964844,45.65999984741211,1979500.0,45.65999984741211
2006-10-09,45.91999816894531,45.380001068115234,45.56999969482422,45.58000183105469,1936800.0,45.58000183105469
2006-10-10,45.79999923706055,44.7400016784668,45.75,45.0,1916500.0,45.0
2006-10-11,45.290000915527344,44.459999084472656,44.54999923706055,45.209999084472656,2427800.0,45.209999084472656
2006-10-12,45.72999954223633,44.959999084472656,45.2599983215332,45.68000030517578,2028300.0,45.68000030517578
2006-10-13,45.88999938964844,45.09000015258789,45.529998779296875,45.84000015258789,1754500.0,45.84000015258789
2006-10-16,45.779998779296875,45.310001373291016,45.650001525878906,45.560001373291016,1956800.0,45.560001373291016
2006-10-17,45.790000915527344,45.20000076293945,45.2599983215332,45.439998626708984,2135700.0,45.439998626708984
2006-10-18,46.130001068115234,45.529998779296875,45.869998931884766,45.95000076293945,2384200.0,45.95000076293945
2006-10-19,46.220001220703125,45.619998931884766,45.709999084472656,45.91999816894531,2351200.0,45.91999816894531
2006-10-20,45.90999984741211,44.7599983215332,45.630001068115234,45.0099983215332,4187300.0,45.0099983215332
2006-10-23,45.529998779296875,44.2599983215332,44.7400016784668,45.290000915527344,3109200.0,45.290000915527344
2006-10-24,45.33000183105469,44.150001525878906,45.20000076293945,44.90999984741211,2023400.0,44.90999984741211
2006-10-25,45.119998931884766,44.47999954223633,44.7599983215332,44.939998626708984,2514400.0,44.939998626708984
2006-10-26,44.97999954223633,43.83000183105469,44.84000015258789,44.40999984741211,3909100.0,44.40999984741211
2006-10-27,44.58000183105469,43.880001068115234,44.369998931884766,44.02000045776367,2570200.0,44.02000045776367
2006-10-30,44.41999816894531,43.900001525878906,44.38999938964844,43.90999984741211,2534800.0,43.90999984741211
2006-10-31,48.5,46.0,46.900001525878906,47.599998474121094,12915800.0,47.599998474121094
2006-11-01,48.31999969482422,47.400001525878906,47.66999816894531,47.77000045776367,4624300.0,47.77000045776367
2006-11-02,47.869998931884766,46.95000076293945,47.58000183105469,47.709999084472656,2650100.0,47.709999084472656
2006-11-03,47.869998931884766,47.2599983215332,47.7599983215332,47.52000045776367,1870800.0,47.52000045776367
2006-11-06,48.5,47.5,47.61000061035156,48.40999984741211,2115400.0,48.40999984741211
2006-11-07,48.95000076293945,47.68000030517578,48.2400016784668,48.79999923706055,3502600.0,48.79999923706055
2006-11-08,48.91999816894531,47.959999084472656,48.18000030517578,48.65999984741211,3343100.0,48.65999984741211
2006-11-09,48.81999969482422,47.0,48.529998779296875,47.06999969482422,2629500.0,47.06999969482422
2006-11-10,47.90999984741211,46.7400016784668,47.31999969482422,47.5,2421000.0,47.5
2006-11-13,48.369998931884766,47.369998931884766,47.77000045776367,48.27000045776367,2719500.0,48.27000045776367
2006-11-14,48.5,47.880001068115234,48.369998931884766,48.310001373291016,2345300.0,48.310001373291016
2006-11-15,49.25,48.310001373291016,48.400001525878906,48.970001220703125,3568500.0,48.970001220703125
2006-11-16,49.97999954223633,49.0,49.099998474121094,49.95000076293945,4318600.0,49.95000076293945
2006-11-17,50.900001525878906,49.72999954223633,49.900001525878906,50.790000915527344,5574600.0,50.790000915527344
2006-11-20,51.630001068115234,50.810001373291016,51.18000030517578,51.27000045776367,3056200.0,51.27000045776367
2006-11-21,51.599998474121094,50.900001525878906,51.45000076293945,51.0,3219900.0,51.0
2006-11-22,52.13999938964844,50.97999954223633,51.060001373291016,51.97999954223633,3051500.0,51.97999954223633
2006-11-24,51.95000076293945,51.060001373291016,51.34000015258789,51.5099983215332,1216800.0,51.5099983215332
2006-11-27,51.689998626708984,50.72999954223633,51.13999938964844,51.09000015258789,3234700.0,51.09000015258789
2006-11-28,51.5,50.470001220703125,50.779998779296875,51.029998779296875,3093800.0,51.029998779296875
2006-11-29,51.560001373291016,50.7599983215332,50.970001220703125,51.5099983215332,2666700.0,51.5099983215332
2006-11-30,52.5,51.29999923706055,51.5099983215332,52.2599983215332,3891200.0,52.2599983215332
2006-12-01,52.720001220703125,51.709999084472656,52.5,52.15999984741211,3272700.0,52.15999984741211
2006-12-04,52.52000045776367,51.61000061035156,52.36000061035156,51.779998779296875,2708500.0,51.779998779296875
2006-12-05,51.939998626708984,51.0,51.65999984741211,51.5,2474300.0,51.5
2006-12-06,51.95000076293945,51.0,51.5099983215332,51.88999938964844,2813400.0,51.88999938964844
2006-12-07,52.150001525878906,51.2400016784668,51.88999938964844,51.36000061035156,2556100.0,51.36000061035156
2006-12-08,52.06999969482422,50.560001373291016,51.2599983215332,50.66999816894531,2822800.0,50.66999816894531
2006-12-11,51.470001220703125,50.060001373291016,50.099998474121094,51.34000015258789,3962900.0,51.34000015258789
2006-12-12,51.63999938964844,50.2599983215332,51.63999938964844,50.7400016784668,3157100.0,50.7400016784668
2006-12-13,51.0,49.75,50.869998931884766,50.16999816894531,3479400.0,50.16999816894531
2006-12-14,51.7599983215332,50.310001373291016,50.310001373291016,51.060001373291016,3886700.0,51.060001373291016
2006-12-15,52.36000061035156,50.939998626708984,51.38999938964844,51.36000061035156,4747600.0,51.36000061035156
2006-12-18,51.459999084472656,50.02000045776367,51.369998931884766,50.22999954223633,2535400.0,50.22999954223633
2006-12-19,49.88999938964844,48.0,48.5,49.52000045776367,8178200.0,49.52000045776367
2006-12-20,49.709999084472656,49.150001525878906,49.5099983215332,49.34000015258789,3421500.0,49.34000015258789
2006-12-21,49.970001220703125,49.060001373291016,49.29999923706055,49.65999984741211,3317500.0,49.65999984741211
2006-12-22,49.68000030517578,48.90999984741211,49.56999969482422,49.029998779296875,1396100.0,49.029998779296875
2006-12-26,49.52000045776367,48.77000045776367,48.900001525878906,48.970001220703125,1017000.0,48.970001220703125
2006-12-27,49.66999816894531,48.90999984741211,49.369998931884766,49.15999984741211,1891300.0,49.15999984741211
2006-12-28,49.58000183105469,48.650001525878906,49.2400016784668,49.34000015258789,1991800.0,49.34000015258789
2006-12-29,49.5099983215332,48.970001220703125,49.06999969482422,49.189998626708984,1542500.0,49.189998626708984
2007-01-03,50.25,48.20000076293945,49.279998779296875,49.33000183105469,3833500.0,49.33000183105469
2007-01-04,50.099998474121094,48.880001068115234,49.27000045776367,49.75,2884300.0,49.75
2007-01-05,50.33000183105469,49.5099983215332,49.9900016784668,49.7599983215332,2230400.0,49.7599983215332
2007-01-08,50.15999984741211,48.90999984741211,50.0,50.02000045776367,3160200.0,50.02000045776367
2007-01-09,50.13999938964844,49.29999923706055,49.880001068115234,49.5,2816500.0,49.5
2007-01-10,49.54999923706055,48.81999969482422,49.22999954223633,49.279998779296875,3161600.0,49.279998779296875
2007-01-11,50.630001068115234,49.099998474121094,49.34000015258789,50.439998626708984,2847900.0,50.439998626708984
2007-01-12,51.369998931884766,50.36000061035156,50.36000061035156,50.970001220703125,3147800.0,50.970001220703125
2007-01-16,51.849998474121094,50.5,51.20000076293945,51.79999923706055,2710000.0,51.79999923706055
2007-01-17,52.45000076293945,51.40999984741211,51.47999954223633,51.900001525878906,3963000.0,51.900001525878906
2007-01-18,52.43000030517578,51.369998931884766,51.90999984741211,51.52000045776367,2043900.0,51.52000045776367
2007-01-19,52.02000045776367,51.18000030517578,51.439998626708984,51.84000015258789,2367200.0,51.84000015258789
2007-01-22,51.75,50.11000061035156,51.70000076293945,50.18000030517578,3699500.0,50.18000030517578
2007-01-23,50.2599983215332,48.529998779296875,50.189998626708984,49.130001068115234,4706700.0,49.130001068115234
2007-01-24,49.29999923706055,48.59000015258789,49.22999954223633,48.790000915527344,3545200.0,48.790000915527344
2007-01-25,48.560001373291016,47.439998626708984,48.5,47.790000915527344,4167600.0,47.790000915527344
2007-01-26,47.939998626708984,47.040000915527344,47.7400016784668,47.52000045776367,2816400.0,47.52000045776367
2007-01-29,48.0099983215332,47.22999954223633,47.43000030517578,47.68000030517578,2753400.0,47.68000030517578
2007-01-30,48.209999084472656,47.58000183105469,47.849998474121094,48.04999923706055,2927700.0,48.04999923706055
2007-01-31,48.599998474121094,47.31999969482422,47.86000061035156,48.34000015258789,2184800.0,48.34000015258789
2007-02-01,49.599998474121094,48.27000045776367,48.31999969482422,49.38999938964844,4495600.0,49.38999938964844
2007-02-02,49.709999084472656,49.189998626708984,49.33000183105469,49.29999923706055,2725200.0,49.29999923706055
2007-02-05,49.31999969482422,48.5,49.220001220703125,49.029998779296875,2073200.0,49.029998779296875
2007-02-06,49.08000183105469,47.86000061035156,49.040000915527344,48.939998626708984,3008600.0,48.939998626708984
2007-02-07,49.47999954223633,48.709999084472656,48.849998474121094,49.31999969482422,2026900.0,49.31999969482422
2007-02-08,49.88999938964844,49.040000915527344,49.15999984741211,49.63999938964844,1993700.0,49.63999938964844
2007-02-09,50.16999816894531,49.06999969482422,49.77000045776367,49.5,2031800.0,49.5
2007-02-12,49.4900016784668,49.040000915527344,49.36000061035156,49.310001373291016,3229100.0,49.310001373291016
2007-02-13,49.68000030517578,48.869998931884766,49.20000076293945,49.16999816894531,2737300.0,49.16999816894531
2007-02-14,50.5099983215332,49.29999923706055,49.47999954223633,50.4900016784668,3603900.0,50.4900016784668
2007-02-15,50.369998931884766,47.310001373291016,50.15999984741211,48.0,8861500.0,48.0
2007-02-16,48.38999938964844,47.599998474121094,47.88999938964844,48.25,4051300.0,48.25
2007-02-20,48.13999938964844,46.90999984741211,48.0,47.20000076293945,4040900.0,47.20000076293945
2007-02-21,47.27000045776367,46.5,47.099998474121094,47.02000045776367,4409300.0,47.02000045776367
2007-02-22,47.29999923706055,46.31999969482422,47.0099983215332,47.18000030517578,3247800.0,47.18000030517578
2007-02-23,47.439998626708984,46.77000045776367,47.310001373291016,46.900001525878906,1835700.0,46.900001525878906
2007-02-26,47.650001525878906,46.900001525878906,46.900001525878906,47.16999816894531,2518000.0,47.16999816894531
2007-02-27,47.06999969482422,45.02000045776367,46.81999969482422,45.880001068115234,5027100.0,45.880001068115234
2007-02-28,46.150001525878906,45.09000015258789,45.29999923706055,45.189998626708984,4535000.0,45.189998626708984
2007-03-01,45.349998474121094,43.27000045776367,44.220001220703125,44.56999969482422,5295300.0,44.56999969482422
2007-03-02,44.7400016784668,43.650001525878906,44.15999984741211,43.65999984741211,4058100.0,43.65999984741211
2007-03-05,44.20000076293945,43.11000061035156,43.31999969482422,43.40999984741211,3803800.0,43.40999984741211
2007-03-06,44.5,43.650001525878906,43.959999084472656,44.18000030517578,4578700.0,44.18000030517578
2007-03-07,44.58000183105469,43.5,43.880001068115234,43.779998779296875,3808800.0,43.779998779296875
2007-03-08,44.189998626708984,43.060001373291016,44.099998474121094,43.130001068115234,3787200.0,43.130001068115234
2007-03-09,43.65999984741211,42.86000061035156,43.5,43.29999923706055,2910000.0,43.29999923706055
2007-03-12,44.099998474121094,42.93000030517578,43.310001373291016,44.09000015258789,2390000.0,44.09000015258789
2007-03-13,44.779998779296875,43.08000183105469,43.779998779296875,43.15999984741211,4306700.0,43.15999984741211
2007-03-14,44.18000030517578,43.02000045776367,43.279998779296875,44.11000061035156,4712700.0,44.11000061035156
2007-03-15,44.4900016784668,43.630001068115234,44.119998931884766,44.099998474121094,3586100.0,44.099998474121094
2007-03-16,44.31999969482422,43.52000045776367,44.0,43.54999923706055,4386900.0,43.54999923706055
2007-03-19,44.68000030517578,43.59000015258789,43.599998474121094,44.400001525878906,3110200.0,44.400001525878906
2007-03-20,44.79999923706055,44.2599983215332,44.400001525878906,44.709999084472656,2598700.0,44.709999084472656
2007-03-21,45.810001373291016,44.11000061035156,44.63999938964844,45.810001373291016,3301900.0,45.810001373291016
2007-03-22,46.06999969482422,45.310001373291016,45.95000076293945,45.529998779296875,2752700.0,45.529998779296875
2007-03-23,46.099998474121094,45.310001373291016,45.66999816894531,45.900001525878906,2546500.0,45.900001525878906
2007-03-26,45.91999816894531,45.16999816894531,45.79999923706055,45.63999938964844,2282200.0,45.63999938964844
2007-03-27,45.56999969482422,44.97999954223633,45.41999816894531,45.13999938964844,1556700.0,45.13999938964844
2007-03-28,45.33000183105469,44.66999816894531,44.959999084472656,44.84000015258789,2046400.0,44.84000015258789
2007-03-29,45.06999969482422,43.91999816894531,44.959999084472656,44.279998779296875,3609000.0,44.279998779296875
2007-03-30,44.939998626708984,44.02000045776367,44.02000045776367,44.380001068115234,2922200.0,44.380001068115234
2007-04-02,44.81999969482422,44.0,44.54999923706055,44.310001373291016,2635100.0,44.310001373291016
2007-04-03,44.91999816894531,44.209999084472656,44.63999938964844,44.810001373291016,2549600.0,44.810001373291016
2007-04-04,44.93000030517578,44.41999816894531,44.689998626708984,44.90999984741211,1917600.0,44.90999984741211
2007-04-05,45.02000045776367,44.54999923706055,44.790000915527344,45.02000045776367,1983600.0,45.02000045776367
2007-04-09,44.9900016784668,44.310001373291016,44.86000061035156,44.38999938964844,2315600.0,44.38999938964844
2007-04-10,44.77000045776367,44.13999938964844,44.2599983215332,44.41999816894531,2301500.0,44.41999816894531
2007-04-11,44.41999816894531,43.43000030517578,44.41999816894531,43.68000030517578,2467500.0,43.68000030517578
2007-04-12,45.08000183105469,43.540000915527344,43.63999938964844,45.06999969482422,3520800.0,45.06999969482422
2007-04-13,45.63999938964844,44.84000015258789,44.97999954223633,45.56999969482422,2954800.0,45.56999969482422
2007-04-16,45.900001525878906,45.36000061035156,45.56999969482422,45.459999084472656,2387700.0,45.459999084472656
2007-04-17,46.15999984741211,45.34000015258789,45.38999938964844,45.619998931884766,3140200.0,45.619998931884766
2007-04-18,46.220001220703125,45.2400016784668,45.369998931884766,45.790000915527344,2602000.0,45.790000915527344
2007-04-19,46.119998931884766,45.16999816894531,45.58000183105469,45.86000061035156,3463000.0,45.86000061035156
2007-04-20,46.66999816894531,45.75,46.400001525878906,46.63999938964844,3652700.0,46.63999938964844
2007-04-23,48.939998626708984,47.2599983215332,47.2599983215332,48.86000061035156,9817600.0,48.86000061035156
2007-04-24,49.0,48.220001220703125,48.86000061035156,48.279998779296875,5305600.0,48.279998779296875
2007-04-25,48.189998626708984,47.439998626708984,48.15999984741211,48.0,3655600.0,48.0
2007-04-26,48.70000076293945,47.540000915527344,47.619998931884766,48.11000061035156,3953700.0,48.11000061035156
2007-04-27,48.22999954223633,47.4900016784668,47.97999954223633,47.9900016784668,4216300.0,47.9900016784668
2007-04-30,48.0,47.119998931884766,47.939998626708984,47.209999084472656,3861700.0,47.209999084472656
2007-05-01,48.040000915527344,46.88999938964844,47.5,48.0,5775700.0,48.0
2007-05-02,48.47999954223633,46.900001525878906,47.810001373291016,48.02000045776367,7255900.0,48.02000045776367
2007-05-03,48.29999923706055,46.939998626708984,48.2400016784668,47.279998779296875,4377000.0,47.279998779296875
2007-05-04,47.25,46.61000061035156,47.0099983215332,46.90999984741211,3922800.0,46.90999984741211
2007-05-07,47.59000015258789,46.86000061035156,46.86000061035156,47.41999816894531,2745900.0,47.41999816894531
2007-05-08,47.56999969482422,46.650001525878906,47.2400016784668,47.369998931884766,3622300.0,47.369998931884766
2007-05-09,47.4900016784668,46.75,47.029998779296875,47.25,2806600.0,47.25
2007-05-10,47.13999938964844,45.77000045776367,47.13999938964844,46.029998779296875,3984400.0,46.029998779296875
2007-05-11,46.79999923706055,45.86000061035156,45.9900016784668,46.63999938964844,2675700.0,46.63999938964844
2007-05-14,46.90999984741211,46.11000061035156,46.439998626708984,46.599998474121094,3883400.0,46.599998474121094
2007-05-15,47.099998474121094,46.279998779296875,46.77000045776367,46.400001525878906,2870900.0,46.400001525878906
2007-05-16,47.27000045776367,46.09000015258789,46.4900016784668,47.189998626708984,3648500.0,47.189998626708984
2007-05-17,47.13999938964844,46.380001068115234,47.029998779296875,46.45000076293945,2109400.0,46.45000076293945
2007-05-18,46.599998474121094,46.189998626708984,46.5099983215332,46.380001068115234,3678500.0,46.380001068115234
2007-05-21,46.959999084472656,46.29999923706055,46.29999923706055,46.900001525878906,2166300.0,46.900001525878906
2007-05-22,47.2599983215332,46.45000076293945,46.650001525878906,47.0099983215332,1819500.0,47.0099983215332
2007-05-23,49.33000183105469,46.81999969482422,47.0,48.130001068115234,6188800.0,48.130001068115234
2007-05-24,48.43000030517578,47.70000076293945,48.400001525878906,47.90999984741211,4213400.0,47.90999984741211
2007-05-25,49.75,47.95000076293945,48.04999923706055,49.470001220703125,5737200.0,49.470001220703125
2007-05-29,49.52000045776367,48.68000030517578,49.29999923706055,49.209999084472656,3621500.0,49.209999084472656
2007-05-30,52.2599983215332,51.5,51.54999923706055,52.130001068115234,15871900.0,52.130001068115234
2007-05-31,52.470001220703125,51.790000915527344,51.90999984741211,52.220001220703125,5966900.0,52.220001220703125
2007-06-01,52.4900016784668,52.0,52.4900016784668,52.290000915527344,4051800.0,52.290000915527344
2007-06-04,52.27000045776367,51.70000076293945,51.75,52.25,4519200.0,52.25
2007-06-05,52.20000076293945,51.70000076293945,51.9900016784668,52.02000045776367,4972500.0,52.02000045776367
2007-06-06,52.099998474121094,51.79999923706055,51.91999816894531,51.91999816894531,4695900.0,51.91999816894531
2007-06-07,52.099998474121094,50.779998779296875,51.68000030517578,50.86000061035156,5727000.0,50.86000061035156
2007-06-08,51.63999938964844,50.630001068115234,50.689998626708984,51.529998779296875,4122600.0,51.529998779296875
2007-06-11,51.56999969482422,51.06999969482422,51.5,51.209999084472656,3854300.0,51.209999084472656
2007-06-12,51.31999969482422,50.65999984741211,51.099998474121094,51.06999969482422,3584200.0,51.06999969482422
2007-06-13,51.599998474121094,50.86000061035156,51.11000061035156,51.4900016784668,3215000.0,51.4900016784668
2007-06-14,51.900001525878906,51.189998626708984,51.34000015258789,51.209999084472656,2992100.0,51.209999084472656
2007-06-15,51.75,50.93000030517578,51.650001525878906,51.33000183105469,5811300.0,51.33000183105469
2007-06-18,51.7599983215332,51.130001068115234,51.27000045776367,51.630001068115234,4578200.0,51.630001068115234
2007-06-19,51.91999816894531,51.099998474121094,51.099998474121094,51.849998474121094,4556500.0,51.849998474121094
2007-06-20,51.900001525878906,51.209999084472656,51.75,51.369998931884766,3711300.0,51.369998931884766
2007-06-21,52.119998931884766,51.290000915527344,51.369998931884766,52.0,3374200.0,52.0
2007-06-22,51.90999984741211,51.2400016784668,51.779998779296875,51.58000183105469,5059700.0,51.58000183105469
2007-06-25,52.29999923706055,51.439998626708984,51.5,51.75,13328900.0,51.75
2007-06-26,52.43000030517578,51.540000915527344,51.65999984741211,52.36000061035156,8488700.0,52.36000061035156
2007-06-27,53.959999084472656,52.43000030517578,52.849998474121094,53.56999969482422,18426200.0,53.56999969482422
2007-06-28,53.779998779296875,53.20000076293945,53.459999084472656,53.54999923706055,5364400.0,53.54999923706055
2007-06-29,53.849998474121094,53.220001220703125,53.529998779296875,53.5,3477200.0,53.5
2007-07-02,53.849998474121094,53.2400016784668,53.5,53.810001373291016,4294600.0,53.810001373291016
2007-07-03,54.61000061035156,53.4900016784668,53.720001220703125,54.54999923706055,2033300.0,54.54999923706055
2007-07-05,54.68000030517578,53.5,54.31999969482422,54.45000076293945,3287600.0,54.45000076293945
2007-07-06,54.560001373291016,54.11000061035156,54.45000076293945,54.5,2597900.0,54.5
2007-07-09,54.900001525878906,53.90999984741211,54.11000061035156,54.779998779296875,3411600.0,54.779998779296875
2007-07-10,54.88999938964844,54.25,54.279998779296875,54.5099983215332,8727400.0,54.5099983215332
2007-07-11,54.86000061035156,54.400001525878906,54.54999923706055,54.849998474121094,2682100.0,54.849998474121094
2007-07-12,55.5,54.529998779296875,54.86000061035156,55.5,4457000.0,55.5
2007-07-13,55.91999816894531,55.20000076293945,55.29999923706055,55.91999816894531,2258200.0,55.91999816894531
2007-07-16,55.77000045776367,55.099998474121094,55.77000045776367,55.34000015258789,3400400.0,55.34000015258789
2007-07-17,55.400001525878906,54.720001220703125,55.349998474121094,54.7599983215332,5653500.0,54.7599983215332
2007-07-18,55.369998931884766,54.18000030517578,54.900001525878906,55.18000030517578,5772000.0,55.18000030517578
2007-07-19,55.52000045776367,54.099998474121094,55.220001220703125,55.02000045776367,5124500.0,55.02000045776367
2007-07-20,55.369998931884766,54.61000061035156,55.22999954223633,54.939998626708984,4683100.0,54.939998626708984
2007-07-23,55.38999938964844,54.02000045776367,54.61000061035156,54.75,4418600.0,54.75
2007-07-24,57.20000076293945,54.5,54.5,56.2400016784668,7228100.0,56.2400016784668
2007-07-25,59.4900016784668,56.2599983215332,56.939998626708984,59.0099983215332,10262200.0,59.0099983215332
2007-07-26,59.779998779296875,57.040000915527344,58.099998474121094,58.189998626708984,8330100.0,58.189998626708984
2007-07-27,58.02000045776367,56.52000045776367,57.5099983215332,57.0099983215332,5877300.0,57.0099983215332
2007-07-30,56.630001068115234,54.2599983215332,55.58000183105469,55.43000030517578,7388200.0,55.43000030517578
2007-07-31,57.2599983215332,55.43000030517578,56.099998474121094,56.540000915527344,8459200.0,56.540000915527344
2007-08-01,57.08000183105469,55.2599983215332,56.81999969482422,55.630001068115234,8226200.0,55.630001068115234
2007-08-02,56.689998626708984,55.52000045776367,55.9900016784668,56.4900016784668,7316500.0,56.4900016784668
2007-08-03,57.709999084472656,56.310001373291016,56.54999923706055,56.650001525878906,7748800.0,56.650001525878906
2007-08-06,57.09000015258789,56.150001525878906,56.650001525878906,56.7400016784668,4463100.0,56.7400016784668
2007-08-07,58.599998474121094,56.04999923706055,56.310001373291016,58.279998779296875,4304600.0,58.279998779296875
2007-08-08,58.88999938964844,57.630001068115234,58.130001068115234,58.88999938964844,4386300.0,58.88999938964844
2007-08-09,59.18000030517578,57.5,57.79999923706055,58.130001068115234,4339000.0,58.130001068115234
2007-08-10,59.0,56.75,56.790000915527344,57.849998474121094,4964600.0,57.849998474121094
2007-08-13,59.02000045776367,57.099998474121094,57.310001373291016,58.83000183105469,4738500.0,58.83000183105469
2007-08-14,59.95000076293945,58.189998626708984,58.79999923706055,59.45000076293945,4102600.0,59.45000076293945
2007-08-15,60.20000076293945,58.38999938964844,59.529998779296875,58.459999084472656,3638700.0,58.459999084472656
2007-08-16,59.560001373291016,57.29999923706055,58.209999084472656,59.099998474121094,4812900.0,59.099998474121094
2007-08-17,60.52000045776367,58.06999969482422,59.290000915527344,60.20000076293945,4537900.0,60.20000076293945
2007-08-20,60.0,59.189998626708984,59.7599983215332,59.959999084472656,3765400.0,59.959999084472656
2007-08-21,60.0,59.150001525878906,59.77000045776367,59.599998474121094,2391400.0,59.599998474121094
2007-08-22,59.939998626708984,58.959999084472656,59.5099983215332,59.560001373291016,2948400.0,59.560001373291016
2007-08-23,60.0099983215332,59.560001373291016,59.560001373291016,59.970001220703125,5399700.0,59.970001220703125
2007-08-24,62.88999938964844,59.83000183105469,60.0,62.88999938964844,7593100.0,62.88999938964844
2007-08-27,64.0,62.54999923706055,62.75,62.93000030517578,4280300.0,62.93000030517578
2007-08-28,62.9900016784668,62.06999969482422,62.849998474121094,62.08000183105469,2461200.0,62.08000183105469
2007-08-29,62.86000061035156,61.279998779296875,62.060001373291016,62.86000061035156,3179900.0,62.86000061035156
2007-08-30,64.80000305175781,62.459999084472656,62.56999969482422,64.58999633789062,4136200.0,64.58999633789062
2007-08-31,64.58000183105469,63.470001220703125,64.58000183105469,63.81999969482422,3100600.0,63.81999969482422
2007-09-04,64.23999786376953,63.439998626708984,63.77000045776367,63.54999923706055,2964200.0,63.54999923706055
2007-09-05,63.95000076293945,62.7599983215332,63.5,62.869998931884766,4200700.0,62.869998931884766
2007-09-06,67.8499984741211,63.61000061035156,63.790000915527344,66.52999877929688,8632100.0,66.52999877929688
2007-09-07,66.18000030517578,65.30000305175781,66.0,65.77999877929688,4913000.0,65.77999877929688
2007-09-10,66.44000244140625,65.05999755859375,65.87000274658203,65.22000122070312,2948000.0,65.22000122070312
2007-09-11,65.91000366210938,64.80000305175781,65.62000274658203,65.5,2572500.0,65.5
2007-09-12,65.44000244140625,64.62000274658203,65.44000244140625,64.70999908447266,2313900.0,64.70999908447266
2007-09-13,65.62000274658203,63.4900016784668,63.540000915527344,65.4000015258789,4994800.0,65.4000015258789
2007-09-14,66.0,63.349998474121094,65.12999725341797,65.41999816894531,6286900.0,65.41999816894531
2007-09-17,65.31999969482422,63.83000183105469,65.18000030517578,64.5,3518300.0,64.5
2007-09-18,66.80000305175781,64.55999755859375,64.87999725341797,66.80000305175781,3493200.0,66.80000305175781
2007-09-19,68.0199966430664,66.44000244140625,67.0,67.45999908447266,4375700.0,67.45999908447266
2007-09-20,67.9000015258789,66.79000091552734,67.12000274658203,67.0999984741211,2033300.0,67.0999984741211
2007-09-21,68.11000061035156,67.0999984741211,67.41000366210938,67.38999938964844,3746000.0,67.38999938964844
2007-09-24,68.56999969482422,66.27999877929688,66.5999984741211,68.44999694824219,3185600.0,68.44999694824219
2007-09-25,69.0,67.70999908447266,68.5,68.0,2242300.0,68.0
2007-09-26,68.56999969482422,67.33000183105469,68.08000183105469,68.1500015258789,2565400.0,68.1500015258789
2007-09-27,68.83999633789062,66.02999877929688,68.63999938964844,66.44999694824219,3815100.0,66.44999694824219
2007-09-28,67.33999633789062,65.61000061035156,66.7300033569336,66.33000183105469,2969500.0,66.33000183105469
2007-10-01,68.18000030517578,66.4000015258789,66.69000244140625,67.94000244140625,2977100.0,67.94000244140625
2007-10-02,67.19999694824219,65.06999969482422,67.11000061035156,65.66000366210938,3464000.0,65.66000366210938
2007-10-03,66.5199966430664,65.08999633789062,65.4000015258789,65.3499984741211,2509300.0,65.3499984741211
2007-10-04,66.8499984741211,65.41999816894531,66.0,65.87999725341797,2594600.0,65.87999725341797
2007-10-05,67.6500015258789,65.22000122070312,66.2300033569336,67.62999725341797,2549800.0,67.62999725341797
2007-10-08,67.55999755859375,65.93000030517578,67.22000122070312,66.41999816894531,1805200.0,66.41999816894531
2007-10-09,67.31999969482422,66.29000091552734,66.31999969482422,67.23999786376953,1657400.0,67.23999786376953
2007-10-10,67.5199966430664,66.4000015258789,67.36000061035156,67.41000366210938,2346500.0,67.41000366210938
2007-10-11,68.5,66.81999969482422,67.72000122070312,67.12000274658203,3202800.0,67.12000274658203
2007-10-12,69.43000030517578,67.01000213623047,67.41000366210938,69.43000030517578,3956400.0,69.43000030517578
2007-10-15,84.75,80.95999908447266,83.3499984741211,82.51000213623047,30694100.0,82.51000213623047
2007-10-16,81.45999908447266,78.81999969482422,81.05000305175781,79.29000091552734,12162700.0,79.29000091552734
2007-10-17,80.31999969482422,77.80000305175781,78.94000244140625,79.26000213623047,7877100.0,79.26000213623047
2007-10-18,79.83999633789062,78.0199966430664,78.43000030517578,79.30999755859375,6839600.0,79.30999755859375
2007-10-19,81.0,78.94999694824219,79.30999755859375,80.22000122070312,6668800.0,80.22000122070312
2007-10-22,80.31999969482422,78.23999786376953,79.2300033569336,80.11000061035156,5137100.0,80.11000061035156
2007-10-23,79.97000122070312,78.0,78.25,78.93000030517578,6370800.0,78.93000030517578
2007-10-24,78.18000030517578,75.44999694824219,77.83999633789062,76.72000122070312,8335600.0,76.72000122070312
2007-10-25,77.5,75.72000122070312,77.04000091552734,76.30000305175781,4516300.0,76.30000305175781
2007-10-26,77.48999786376953,75.76000213623047,76.8499984741211,76.72000122070312,3818200.0,76.72000122070312
2007-10-29,76.22000122070312,74.02999877929688,76.22000122070312,74.81999969482422,4580500.0,74.81999969482422
2007-10-30,74.81999969482422,73.47000122070312,74.43000030517578,73.79000091552734,2542400.0,73.79000091552734
2007-10-31,74.81999969482422,73.47000122070312,73.88999938964844,74.44000244140625,3353600.0,74.44000244140625
2007-11-01,74.75,72.79000091552734,74.4000015258789,72.87000274658203,3490100.0,72.87000274658203
2007-11-02,74.37999725341797,72.86000061035156,73.43000030517578,73.9800033569336,3014300.0,73.9800033569336
2007-11-05,73.68000030517578,72.08999633789062,73.44000244140625,73.5199966430664,2946800.0,73.5199966430664
2007-11-06,74.37999725341797,72.8499984741211,73.61000061035156,73.44000244140625,2746100.0,73.44000244140625
2007-11-07,73.88999938964844,70.97000122070312,73.19999694824219,71.12999725341797,4055700.0,71.12999725341797
2007-11-08,77.44999694824219,71.80000305175781,71.80000305175781,74.98999786376953,8641200.0,74.98999786376953
2007-11-09,75.75,72.22000122070312,75.23999786376953,72.29000091552734,6534000.0,72.29000091552734
2007-11-12,71.87000274658203,69.75,71.87000274658203,69.87999725341797,6058100.0,69.87999725341797
2007-11-13,70.95999908447266,69.04000091552734,69.8499984741211,70.83000183105469,4387900.0,70.83000183105469
2007-11-14,71.9000015258789,69.9000015258789,70.48999786376953,70.01000213623047,5629600.0,70.01000213623047
2007-11-15,73.0,69.4000015258789,69.87999725341797,69.91999816894531,4963600.0,69.91999816894531
2007-11-16,71.04000091552734,69.31999969482422,70.2699966430664,70.04000091552734,4080200.0,70.04000091552734
2007-11-19,70.62999725341797,69.05000305175781,69.87999725341797,70.25,3267600.0,70.25
2007-11-20,70.94999694824219,68.80999755859375,70.33000183105469,70.20999908447266,3811300.0,70.20999908447266
2007-11-21,70.58999633789062,68.58000183105469,70.0,68.62999725341797,1857300.0,68.62999725341797
2007-11-23,69.88999938964844,68.5999984741211,68.83999633789062,69.51000213623047,650100.0,69.51000213623047
2007-11-26,69.68000030517578,67.86000061035156,69.0999984741211,68.0,2504200.0,68.0
2007-11-27,69.80000305175781,67.52999877929688,68.12000274658203,69.75,2824600.0,69.75
2007-11-28,70.61000061035156,69.12000274658203,70.44000244140625,70.27999877929688,2775900.0,70.27999877929688
2007-11-29,73.05999755859375,69.98999786376953,70.2699966430664,72.7699966430664,3818400.0,72.7699966430664
2007-11-30,74.36000061035156,72.83000183105469,73.11000061035156,74.12000274658203,3856700.0,74.12000274658203
2007-12-03,74.48999786376953,72.94000244140625,73.62999725341797,73.81999969482422,2671900.0,73.81999969482422
2007-12-04,73.6500015258789,72.20999908447266,73.12999725341797,72.55000305175781,2552300.0,72.55000305175781
2007-12-05,74.0,72.61000061035156,72.62999725341797,74.0,2235800.0,74.0
2007-12-06,74.36000061035156,73.0,73.77999877929688,73.93000030517578,2966600.0,73.93000030517578
2007-12-07,75.25,73.25,73.9000015258789,74.94000244140625,2206100.0,74.94000244140625
2007-12-10,74.80000305175781,73.6500015258789,74.79000091552734,73.97000122070312,1735700.0,73.97000122070312
2007-12-11,77.8499984741211,74.1500015258789,74.1500015258789,75.38999938964844,5459100.0,75.38999938964844
2007-12-12,78.56999969482422,75.05000305175781,77.5,75.87999725341797,12966600.0,75.87999725341797
2007-12-13,58.66999816894531,53.650001525878906,55.119998931884766,57.90999984741211,31051700.0,57.90999984741211
2007-12-14,60.7400016784668,57.0,57.619998931884766,58.790000915527344,9207600.0,58.790000915527344
2007-12-17,58.720001220703125,55.189998626708984,58.720001220703125,55.56999969482422,5376000.0,55.56999969482422
2007-12-18,58.43000030517578,55.7599983215332,56.189998626708984,55.9900016784668,6696300.0,55.9900016784668
2007-12-19,57.33000183105469,55.5,56.34000015258789,55.5,4178200.0,55.5
2007-12-20,57.06999969482422,55.790000915527344,56.029998779296875,56.959999084472656,4230600.0,56.959999084472656
2007-12-21,57.88999938964844,56.68000030517578,57.83000183105469,57.66999816894531,6067200.0,57.66999816894531
2007-12-24,58.70000076293945,57.310001373291016,57.310001373291016,58.40999984741211,2316300.0,58.40999984741211
2007-12-26,59.400001525878906,58.0,58.349998474121094,59.34000015258789,2270400.0,59.34000015258789
2007-12-27,59.33000183105469,57.66999816894531,59.33000183105469,58.33000183105469,2234100.0,58.33000183105469
2007-12-28,58.849998474121094,57.720001220703125,58.5099983215332,57.84000015258789,1502700.0,57.84000015258789
2007-12-31,57.58000183105469,56.810001373291016,57.2400016784668,56.91999816894531,2327100.0,56.91999816894531
2008-01-02,57.11000061035156,55.04999923706055,56.90999984741211,55.869998931884766,3427400.0,55.869998931884766
2008-01-03,56.54999923706055,55.400001525878906,56.0099983215332,56.29999923706055,2718100.0,56.29999923706055
2008-01-04,56.41999816894531,55.0099983215332,56.25,55.220001220703125,2877000.0,55.220001220703125
2008-01-07,59.52000045776367,55.790000915527344,56.5099983215332,59.220001220703125,5843000.0,59.220001220703125
2008-01-08,58.290000915527344,55.95000076293945,57.97999954223633,55.970001220703125,4465800.0,55.970001220703125
2008-01-09,59.16999816894531,56.099998474121094,56.119998931884766,58.400001525878906,4894800.0,58.400001525878906
2008-01-10,61.97999954223633,58.290000915527344,58.290000915527344,59.18000030517578,5041300.0,59.18000030517578
2008-01-11,59.970001220703125,58.220001220703125,59.33000183105469,59.02000045776367,2588800.0,59.02000045776367
2008-01-14,61.43000030517578,58.77000045776367,59.959999084472656,59.97999954223633,6044800.0,59.97999954223633
2008-01-15,60.470001220703125,59.060001373291016,59.11000061035156,59.310001373291016,3675600.0,59.310001373291016
2008-01-16,61.290000915527344,59.77000045776367,60.0,59.9900016784668,3681000.0,59.9900016784668
2008-01-17,62.68000030517578,60.59000015258789,61.119998931884766,61.04999923706055,4641700.0,61.04999923706055
2008-01-18,61.029998779296875,58.66999816894531,59.83000183105469,59.90999984741211,6622000.0,59.90999984741211
2008-01-22,59.16999816894531,56.650001525878906,56.91999816894531,56.709999084472656,5014700.0,56.709999084472656
2008-01-23,59.439998626708984,54.900001525878906,55.5099983215332,59.22999954223633,4849000.0,59.22999954223633
2008-01-24,59.290000915527344,57.040000915527344,59.220001220703125,58.130001068115234,3086700.0,58.130001068115234
2008-01-25,59.119998931884766,58.150001525878906,59.099998474121094,58.91999816894531,5387700.0,58.91999816894531
2008-01-28,59.349998474121094,57.470001220703125,59.0,58.130001068115234,2726900.0,58.130001068115234
2008-01-29,61.20000076293945,58.16999816894531,58.400001525878906,61.04999923706055,3234000.0,61.04999923706055
2008-01-30,61.47999954223633,59.900001525878906,61.040000915527344,60.0,2251300.0,60.0
2008-01-31,61.2400016784668,59.099998474121094,59.95000076293945,60.95000076293945,2412000.0,60.95000076293945
2008-02-01,62.849998474121094,60.400001525878906,61.130001068115234,61.7599983215332,2271700.0,61.7599983215332
2008-02-04,63.689998626708984,61.61000061035156,62.060001373291016,63.290000915527344,2469900.0,63.290000915527344
2008-02-05,62.38999938964844,60.2599983215332,61.689998626708984,60.52000045776367,3005900.0,60.52000045776367
2008-02-06,63.40999984741211,60.52000045776367,62.40999984741211,60.52000045776367,4836800.0,60.52000045776367
2008-02-07,62.88999938964844,59.529998779296875,60.06999969482422,61.58000183105469,3536400.0,61.58000183105469
2008-02-08,62.0099983215332,60.459999084472656,61.439998626708984,61.5,2525800.0,61.5
2008-02-11,62.0,60.79999923706055,61.290000915527344,60.939998626708984,3163000.0,60.939998626708984
2008-02-12,61.5,59.970001220703125,61.40999984741211,60.560001373291016,2304800.0,60.560001373291016
2008-02-13,63.2599983215332,60.59000015258789,61.189998626708984,63.2400016784668,3588800.0,63.2400016784668
2008-02-14,64.48999786376953,62.29999923706055,63.470001220703125,62.869998931884766,3887600.0,62.869998931884766
2008-02-15,62.61000061035156,61.0,62.470001220703125,62.20000076293945,2965200.0,62.20000076293945
2008-02-19,63.599998474121094,60.56999969482422,62.97999954223633,60.66999816894531,3681800.0,60.66999816894531
2008-02-20,61.52000045776367,59.66999816894531,60.4900016784668,61.2400016784668,2345800.0,61.2400016784668
2008-02-21,61.189998626708984,59.29999923706055,61.189998626708984,60.209999084472656,2892400.0,60.209999084472656
2008-02-22,61.09000015258789,59.310001373291016,60.04999923706055,60.34000015258789,2527700.0,60.34000015258789
2008-02-25,61.599998474121094,60.15999984741211,60.29999923706055,61.29999923706055,1990100.0,61.29999923706055
2008-02-26,62.38999938964844,60.65999984741211,60.65999984741211,61.529998779296875,1977600.0,61.529998779296875
2008-02-27,62.2599983215332,57.95000076293945,61.220001220703125,60.130001068115234,6284200.0,60.130001068115234
2008-02-28,61.20000076293945,59.689998626708984,60.0099983215332,60.58000183105469,1822800.0,60.58000183105469
2008-02-29,59.90999984741211,58.09000015258789,59.86000061035156,58.36000061035156,3135700.0,58.36000061035156
2008-03-03,58.970001220703125,57.900001525878906,58.02000045776367,58.84000015258789,3337800.0,58.84000015258789
2008-03-04,59.40999984741211,57.15999984741211,58.84000015258789,59.13999938964844,4004900.0,59.13999938964844
2008-03-05,60.25,59.0,59.33000183105469,59.689998626708984,2479300.0,59.689998626708984
2008-03-06,59.63999938964844,56.369998931884766,59.63999938964844,56.630001068115234,3729900.0,56.630001068115234
2008-03-07,57.22999954223633,56.060001373291016,56.59000015258789,56.20000076293945,4162900.0,56.20000076293945
2008-03-10,56.630001068115234,54.5,56.15999984741211,54.7400016784668,3634000.0,54.7400016784668
2008-03-11,57.689998626708984,54.630001068115234,55.13999938964844,57.68000030517578,4141100.0,57.68000030517578
2008-03-12,60.18000030517578,57.220001220703125,58.0,59.380001068115234,4349300.0,59.380001068115234
2008-03-13,61.08000183105469,58.16999816894531,58.189998626708984,60.45000076293945,3711000.0,60.45000076293945
2008-03-14,60.779998779296875,58.790000915527344,59.630001068115234,60.33000183105469,3823500.0,60.33000183105469
2008-03-17,61.52000045776367,58.63999938964844,59.2400016784668,58.70000076293945,3643300.0,58.70000076293945
2008-03-18,60.22999954223633,58.779998779296875,59.189998626708984,59.970001220703125,3724900.0,59.970001220703125
2008-03-19,60.25,57.9900016784668,60.18000030517578,58.400001525878906,3752100.0,58.400001525878906
2008-03-20,59.2400016784668,57.959999084472656,58.5099983215332,59.0,6481400.0,59.0
2008-03-24,62.2599983215332,58.959999084472656,58.97999954223633,61.459999084472656,3330200.0,61.459999084472656
2008-03-25,61.869998931884766,60.61000061035156,61.7400016784668,61.189998626708984,2515900.0,61.189998626708984
2008-03-26,63.02000045776367,60.790000915527344,60.790000915527344,62.9900016784668,3765700.0,62.9900016784668
2008-03-27,63.75,62.459999084472656,63.04999923706055,62.459999084472656,2634200.0,62.459999084472656
2008-03-28,63.619998931884766,60.61000061035156,62.790000915527344,60.72999954223633,2953400.0,60.72999954223633
2008-03-31,62.470001220703125,60.79999923706055,60.79999923706055,61.689998626708984,3051300.0,61.689998626708984
2008-04-01,64.41999816894531,61.56999969482422,62.13999938964844,64.01000213623047,2717400.0,64.01000213623047
2008-04-02,64.44000244140625,62.65999984741211,63.900001525878906,62.90999984741211,2481100.0,62.90999984741211
2008-04-03,63.15999984741211,61.84000015258789,62.619998931884766,62.939998626708984,2360800.0,62.939998626708984
2008-04-04,64.9800033569336,63.18000030517578,63.33000183105469,64.01000213623047,2847300.0,64.01000213623047
2008-04-07,64.43000030517578,63.40999984741211,64.0,63.790000915527344,2311700.0,63.790000915527344
2008-04-08,65.76000213623047,63.459999084472656,63.93000030517578,65.12000274658203,3932200.0,65.12000274658203
2008-04-09,65.48999786376953,63.81999969482422,65.4800033569336,64.69000244140625,2700000.0,64.69000244140625
2008-04-10,67.44999694824219,64.88999938964844,64.94999694824219,66.43000030517578,3576300.0,66.43000030517578
2008-04-11,65.86000061035156,64.0199966430664,65.5,64.22000122070312,3932400.0,64.22000122070312
2008-04-14,64.94999694824219,63.349998474121094,64.08999633789062,63.720001220703125,2464100.0,63.720001220703125
2008-04-15,65.37999725341797,63.40999984741211,63.75,64.93000030517578,3659900.0,64.93000030517578
2008-04-16,66.16000366210938,64.61000061035156,65.5,65.88999938964844,3168700.0,65.88999938964844
2008-04-17,66.94999694824219,65.62999725341797,66.16000366210938,65.81999969482422,2771300.0,65.81999969482422
2008-04-18,66.72000122070312,64.91999816894531,66.61000061035156,65.0,3773300.0,65.0
2008-04-21,65.26000213623047,64.37999725341797,65.08000183105469,64.9000015258789,3002500.0,64.9000015258789
2008-04-22,65.58000183105469,63.93000030517578,64.79000091552734,64.62000274658203,3499000.0,64.62000274658203
2008-04-23,66.12000274658203,63.400001525878906,65.9800033569336,64.51000213623047,3111400.0,64.51000213623047
2008-04-24,64.73999786376953,62.779998779296875,64.56999969482422,63.66999816894531,2754200.0,63.66999816894531
2008-04-25,65.31999969482422,63.65999984741211,63.65999984741211,65.12000274658203,2741900.0,65.12000274658203
2008-04-28,65.58999633789062,64.55000305175781,64.97000122070312,64.66999816894531,2600500.0,64.66999816894531
2008-04-29,62.349998474121094,61.09000015258789,61.2400016784668,61.33000183105469,6941700.0,61.33000183105469
2008-04-30,61.970001220703125,60.59000015258789,61.630001068115234,60.689998626708984,2599400.0,60.689998626708984
2008-05-01,62.529998779296875,60.599998474121094,60.939998626708984,62.33000183105469,3480400.0,62.33000183105469
2008-05-02,62.79999923706055,61.349998474121094,62.58000183105469,62.310001373291016,2833000.0,62.310001373291016
2008-05-05,63.119998931884766,61.97999954223633,62.0099983215332,63.0099983215332,1857500.0,63.0099983215332
2008-05-06,63.369998931884766,62.439998626708984,62.59000015258789,63.13999938964844,1678000.0,63.13999938964844
2008-05-07,63.36000061035156,61.84000015258789,63.189998626708984,62.02000045776367,1561800.0,62.02000045776367
2008-05-08,63.68000030517578,61.939998626708984,62.220001220703125,62.70000076293945,1756700.0,62.70000076293945
2008-05-09,62.380001068115234,61.66999816894531,62.20000076293945,62.06999969482422,2057500.0,62.06999969482422
2008-05-12,63.75,61.97999954223633,62.439998626708984,63.04999923706055,1816400.0,63.04999923706055
2008-05-13,63.400001525878906,61.66999816894531,63.279998779296875,62.31999969482422,1656100.0,62.31999969482422
2008-05-14,63.380001068115234,61.91999816894531,62.689998626708984,62.349998474121094,1792200.0,62.349998474121094
2008-05-15,63.2599983215332,61.459999084472656,62.099998474121094,62.900001525878906,1508100.0,62.900001525878906
2008-05-16,63.709999084472656,62.869998931884766,63.189998626708984,63.5,2107300.0,63.5
2008-05-19,63.939998626708984,62.400001525878906,63.22999954223633,62.75,1850400.0,62.75
2008-05-20,63.970001220703125,62.54999923706055,62.97999954223633,63.060001373291016,1404500.0,63.060001373291016
2008-05-21,63.279998779296875,61.5,63.2599983215332,61.619998931884766,2885600.0,61.619998931884766
2008-05-22,62.95000076293945,61.720001220703125,61.84000015258789,62.08000183105469,1232100.0,62.08000183105469
2008-05-23,62.18000030517578,60.720001220703125,61.959999084472656,61.02000045776367,1727400.0,61.02000045776367
2008-05-27,63.20000076293945,60.90999984741211,61.04999923706055,62.060001373291016,3752600.0,62.060001373291016
2008-05-28,63.130001068115234,61.869998931884766,62.15999984741211,63.130001068115234,2429900.0,63.130001068115234
2008-05-29,64.36000061035156,62.790000915527344,63.189998626708984,63.72999954223633,1781200.0,63.72999954223633
2008-05-30,63.900001525878906,62.56999969482422,63.58000183105469,62.75,2484600.0,62.75
2008-06-02,63.34000015258789,60.779998779296875,62.849998474121094,61.40999984741211,2572000.0,61.40999984741211
2008-06-03,62.43000030517578,60.470001220703125,61.720001220703125,61.709999084472656,3229300.0,61.709999084472656
2008-06-04,62.650001525878906,61.029998779296875,61.279998779296875,62.25,2672900.0,62.25
2008-06-05,66.41000366210938,62.38999938964844,63.09000015258789,64.56999969482422,5343600.0,64.56999969482422
2008-06-06,64.37000274658203,62.38999938964844,64.37000274658203,62.41999816894531,3038700.0,62.41999816894531
2008-06-09,62.52000045776367,60.61000061035156,62.40999984741211,61.279998779296875,3774500.0,61.279998779296875
2008-06-10,61.529998779296875,59.959999084472656,60.970001220703125,60.439998626708984,3391800.0,60.439998626708984
2008-06-11,61.0,58.900001525878906,60.75,58.900001525878906,3088400.0,58.900001525878906
2008-06-12,59.529998779296875,58.47999954223633,59.5,58.58000183105469,2522600.0,58.58000183105469
2008-06-13,59.900001525878906,58.709999084472656,59.20000076293945,59.900001525878906,1968100.0,59.900001525878906
2008-06-16,60.41999816894531,58.7400016784668,59.34000015258789,59.58000183105469,1934700.0,59.58000183105469
2008-06-17,59.709999084472656,58.33000183105469,59.47999954223633,58.349998474121094,2063700.0,58.349998474121094
2008-06-18,59.599998474121094,57.52000045776367,58.209999084472656,58.5,2955000.0,58.5
2008-06-19,59.79999923706055,57.279998779296875,58.209999084472656,59.16999816894531,2766800.0,59.16999816894531
2008-06-20,59.369998931884766,57.5,58.93000030517578,58.0099983215332,3891200.0,58.0099983215332
2008-06-23,58.75,56.529998779296875,57.90999984741211,56.529998779296875,3344300.0,56.529998779296875
2008-06-24,58.290000915527344,56.34000015258789,56.65999984741211,57.84000015258789,3380300.0,57.84000015258789
2008-06-25,58.959999084472656,57.130001068115234,58.27000045776367,58.119998931884766,2407500.0,58.119998931884766
2008-06-26,57.81999969482422,56.310001373291016,57.4900016784668,56.34000015258789,2283800.0,56.34000015258789
2008-06-27,57.099998474121094,55.869998931884766,56.2400016784668,57.040000915527344,7078100.0,57.040000915527344
2008-06-30,56.95000076293945,55.68000030517578,56.63999938964844,55.88999938964844,3224500.0,55.88999938964844
2008-07-01,59.459999084472656,55.36000061035156,56.06999969482422,59.34000015258789,5228900.0,59.34000015258789
2008-07-02,59.380001068115234,57.880001068115234,59.25,58.36000061035156,3123600.0,58.36000061035156
2008-07-03,59.90999984741211,57.56999969482422,58.15999984741211,58.20000076293945,3255200.0,58.20000076293945
2008-07-07,59.40999984741211,57.959999084472656,58.0,58.869998931884766,3123000.0,58.869998931884766
2008-07-08,63.380001068115234,59.060001373291016,59.130001068115234,62.939998626708984,5797300.0,62.939998626708984
2008-07-09,63.04999923706055,61.029998779296875,62.70000076293945,61.029998779296875,3433500.0,61.029998779296875
2008-07-10,62.0,60.45000076293945,61.38999938964844,60.939998626708984,4149000.0,60.939998626708984
2008-07-11,62.970001220703125,60.459999084472656,60.81999969482422,62.20000076293945,3183700.0,62.20000076293945
2008-07-14,62.9900016784668,60.88999938964844,62.310001373291016,61.02000045776367,3167600.0,61.02000045776367
2008-07-15,64.66999816894531,60.9900016784668,61.27000045776367,63.47999954223633,5493500.0,63.47999954223633
2008-07-16,64.69999694824219,62.790000915527344,63.84000015258789,63.58000183105469,4204100.0,63.58000183105469
2008-07-17,63.93000030517578,62.45000076293945,63.68000030517578,63.0,3452800.0,63.0
2008-07-18,65.19999694824219,62.540000915527344,62.720001220703125,64.6500015258789,4266400.0,64.6500015258789
2008-07-21,68.56999969482422,66.45999908447266,67.01000213623047,66.8499984741211,5540800.0,66.8499984741211
2008-07-22,71.76000213623047,68.44999694824219,68.44999694824219,71.27999877929688,8678700.0,71.27999877929688
2008-07-23,72.33999633789062,70.0,71.41000366210938,71.37999725341797,5535300.0,71.37999725341797
2008-07-24,72.30000305175781,70.26000213623047,70.63999938964844,71.27999877929688,4153600.0,71.27999877929688
2008-07-25,71.05000305175781,69.4800033569336,71.05000305175781,69.5,3511000.0,69.5
2008-07-28,70.9800033569336,69.0999984741211,69.69999694824219,69.48999786376953,3143700.0,69.48999786376953
2008-07-29,70.83999633789062,69.56999969482422,69.91999816894531,70.5,3797400.0,70.5
2008-07-30,71.5,69.62999725341797,70.33999633789062,71.2699966430664,2794600.0,71.2699966430664
2008-07-31,73.58999633789062,69.69999694824219,72.08999633789062,69.76000213623047,8795600.0,69.76000213623047
2008-08-01,53.52000045776367,49.84000015258789,51.65999984741211,50.0099983215332,36988100.0,50.0099983215332
2008-08-04,51.369998931884766,49.63999938964844,50.970001220703125,49.7400016784668,8889200.0,49.7400016784668
2008-08-05,51.040000915527344,50.0,50.7400016784668,50.5099983215332,7365300.0,50.5099983215332
2008-08-06,50.93000030517578,49.869998931884766,50.38999938964844,50.220001220703125,7269500.0,50.220001220703125
2008-08-07,51.70000076293945,49.7599983215332,50.130001068115234,49.880001068115234,5472600.0,49.880001068115234
2008-08-08,50.9900016784668,49.880001068115234,49.9900016784668,49.900001525878906,3633000.0,49.900001525878906
2008-08-11,50.86000061035156,49.900001525878906,50.349998474121094,50.7599983215332,3797500.0,50.7599983215332
2008-08-12,52.41999816894531,51.0099983215332,51.25,52.209999084472656,5337700.0,52.209999084472656
2008-08-13,52.81999969482422,51.84000015258789,52.4900016784668,52.470001220703125,3974100.0,52.470001220703125
2008-08-14,54.18000030517578,52.0,52.310001373291016,53.72999954223633,3626800.0,53.72999954223633
2008-08-15,55.2400016784668,54.0099983215332,54.86000061035156,54.650001525878906,3912600.0,54.650001525878906
2008-08-18,55.45000076293945,54.119998931884766,54.900001525878906,54.43000030517578,3054100.0,54.43000030517578
2008-08-19,55.209999084472656,53.810001373291016,53.9900016784668,54.29999923706055,2926400.0,54.29999923706055
2008-08-20,55.15999984741211,53.560001373291016,54.400001525878906,54.099998474121094,2418600.0,54.099998474121094
2008-08-21,54.099998474121094,52.599998474121094,54.06999969482422,53.15999984741211,2248300.0,53.15999984741211
2008-08-22,53.33000183105469,52.36000061035156,52.84000015258789,52.380001068115234,3216100.0,52.380001068115234
2008-08-25,53.63999938964844,52.0,52.34000015258789,53.47999954223633,5144900.0,53.47999954223633
2008-08-26,54.66999816894531,51.869998931884766,54.150001525878906,52.09000015258789,4753400.0,52.09000015258789
2008-08-27,52.47999954223633,50.380001068115234,52.310001373291016,51.09000015258789,5472400.0,51.09000015258789
2008-08-28,51.619998931884766,50.630001068115234,51.040000915527344,51.33000183105469,2983100.0,51.33000183105469
2008-08-29,51.630001068115234,50.58000183105469,51.0,50.93000030517578,2924300.0,50.93000030517578
2008-09-02,52.369998931884766,49.959999084472656,51.88999938964844,50.34000015258789,3261700.0,50.34000015258789
2008-09-03,50.72999954223633,49.790000915527344,50.380001068115234,50.16999816894531,2897900.0,50.16999816894531
2008-09-04,50.290000915527344,48.119998931884766,49.81999969482422,48.15999984741211,5622500.0,48.15999984741211
2008-09-05,48.90999984741211,47.25,48.279998779296875,48.59000015258789,4003800.0,48.59000015258789
2008-09-08,48.619998931884766,47.11000061035156,47.86000061035156,47.5,4589300.0,47.5
2008-09-09,48.72999954223633,46.720001220703125,47.40999984741211,46.720001220703125,4202300.0,46.720001220703125
2008-09-10,47.560001373291016,46.54999923706055,47.34000015258789,47.29999923706055,5302900.0,47.29999923706055
2008-09-11,48.68000030517578,46.54999923706055,46.54999923706055,48.470001220703125,5972600.0,48.470001220703125
2008-09-12,49.369998931884766,47.59000015258789,48.619998931884766,48.70000076293945,3356400.0,48.70000076293945
2008-09-15,48.220001220703125,46.459999084472656,47.9900016784668,46.59000015258789,4276800.0,46.59000015258789
2008-09-16,48.93000030517578,46.52000045776367,46.52000045776367,48.47999954223633,4234800.0,48.47999954223633
2008-09-17,48.22999954223633,45.369998931884766,47.209999084472656,45.369998931884766,5068900.0,45.369998931884766
2008-09-18,48.56999969482422,45.380001068115234,46.25,47.13999938964844,5314400.0,47.13999938964844
2008-09-19,50.06999969482422,47.13999938964844,48.91999816894531,49.97999954223633,7303600.0,49.97999954223633
2008-09-22,50.34000015258789,48.06999969482422,50.130001068115234,48.099998474121094,3344000.0,48.099998474121094
2008-09-23,49.900001525878906,46.91999816894531,48.43000030517578,47.130001068115234,3358600.0,47.130001068115234
2008-09-24,47.52000045776367,46.290000915527344,47.2599983215332,46.720001220703125,3181200.0,46.720001220703125
2008-09-25,49.380001068115234,47.59000015258789,48.2400016784668,48.83000183105469,3008700.0,48.83000183105469
2008-09-26,50.099998474121094,47.5,47.9900016784668,49.77000045776367,3734000.0,49.77000045776367
2008-09-29,51.84000015258789,48.88999938964844,49.459999084472656,48.88999938964844,7654300.0,48.88999938964844
2008-09-30,50.65999984741211,48.369998931884766,49.959999084472656,50.290000915527344,5044200.0,50.290000915527344
2008-10-01,49.880001068115234,48.060001373291016,49.150001525878906,49.59000015258789,3218600.0,49.59000015258789
2008-10-02,50.130001068115234,48.11000061035156,49.59000015258789,49.68000030517578,3636000.0,49.68000030517578
2008-10-03,52.36000061035156,50.150001525878906,50.150001525878906,50.5,4086600.0,50.5
2008-10-06,51.61000061035156,46.66999816894531,50.15999984741211,49.38999938964844,6986500.0,49.38999938964844
2008-10-07,50.68000030517578,46.31999969482422,49.56999969482422,46.5,5955000.0,46.5
2008-10-08,48.7400016784668,45.40999984741211,45.959999084472656,46.310001373291016,5444600.0,46.310001373291016
2008-10-09,47.34000015258789,44.65999984741211,47.13999938964844,44.7599983215332,5216400.0,44.7599983215332
2008-10-10,45.97999954223633,40.38999938964844,43.08000183105469,42.779998779296875,8277800.0,42.779998779296875
2008-10-13,47.31999969482422,42.439998626708984,43.97999954223633,47.130001068115234,5542200.0,47.130001068115234
2008-10-14,48.9900016784668,45.189998626708984,48.310001373291016,45.189998626708984,4445200.0,45.189998626708984
2008-10-15,46.779998779296875,42.38999938964844,45.130001068115234,42.459999084472656,4349800.0,42.459999084472656
2008-10-16,44.459999084472656,40.79999923706055,42.720001220703125,43.97999954223633,6283700.0,43.97999954223633
2008-10-17,48.5,41.79999923706055,42.400001525878906,45.45000076293945,5008400.0,45.45000076293945
2008-10-20,47.939998626708984,44.130001068115234,45.63999938964844,47.4900016784668,4130300.0,47.4900016784668
2008-10-21,47.150001525878906,43.5,47.0,43.9900016784668,4794200.0,43.9900016784668
2008-10-22,42.66999816894531,39.93000030517578,42.560001373291016,40.720001220703125,5734200.0,40.720001220703125
2008-10-23,42.0,38.58000183105469,40.380001068115234,41.38999938964844,4845800.0,41.38999938964844
2008-10-24,42.5099983215332,38.040000915527344,38.08000183105469,41.41999816894531,3954900.0,41.41999816894531
2008-10-27,42.79999923706055,39.61000061035156,41.209999084472656,40.25,3885500.0,40.25
2008-10-28,42.7400016784668,41.36000061035156,41.880001068115234,42.349998474121094,6278100.0,42.349998474121094
2008-10-29,44.150001525878906,41.5,42.56999969482422,41.939998626708984,5922100.0,41.939998626708984
2008-10-30,41.060001373291016,39.16999816894531,39.79999923706055,40.29999923706055,9427000.0,40.29999923706055
2008-10-31,43.130001068115234,39.61000061035156,40.349998474121094,42.54999923706055,5464600.0,42.54999923706055
2008-11-03,46.4900016784668,44.20000076293945,44.2599983215332,46.310001373291016,5348600.0,46.310001373291016
2008-11-04,47.97999954223633,46.099998474121094,47.310001373291016,47.15999984741211,4344300.0,47.15999984741211
2008-11-05,47.400001525878906,44.349998474121094,46.5,44.84000015258789,5329600.0,44.84000015258789
2008-11-06,45.27000045776367,43.83000183105469,44.189998626708984,44.599998474121094,3039700.0,44.599998474121094
2008-11-07,46.7599983215332,45.060001373291016,45.060001373291016,46.349998474121094,2600500.0,46.349998474121094
2008-11-10,47.91999816894531,46.08000183105469,47.209999084472656,46.720001220703125,1812000.0,46.720001220703125
2008-11-11,47.79999923706055,45.65999984741211,47.0,46.79999923706055,3081100.0,46.79999923706055
2008-11-12,46.619998931884766,44.09000015258789,46.029998779296875,44.2599983215332,2867900.0,44.2599983215332
2008-11-13,46.75,42.59000015258789,44.369998931884766,46.70000076293945,3740900.0,46.70000076293945
2008-11-14,46.709999084472656,43.209999084472656,46.709999084472656,43.52000045776367,3454400.0,43.52000045776367
2008-11-17,45.06999969482422,42.349998474121094,43.400001525878906,43.130001068115234,3158400.0,43.130001068115234
2008-11-18,44.349998474121094,42.09000015258789,43.20000076293945,43.79999923706055,4061500.0,43.79999923706055
2008-11-19,44.599998474121094,40.27000045776367,43.869998931884766,41.060001373291016,3951300.0,41.060001373291016
2008-11-20,42.459999084472656,39.529998779296875,40.90999984741211,39.77000045776367,4586300.0,39.77000045776367
2008-11-21,40.4900016784668,37.209999084472656,39.900001525878906,39.63999938964844,6564800.0,39.63999938964844
2008-11-24,41.06999969482422,39.619998931884766,40.29999923706055,40.63999938964844,3829800.0,40.63999938964844
2008-11-25,41.68000030517578,39.90999984741211,40.560001373291016,40.720001220703125,3595400.0,40.720001220703125
2008-11-26,42.040000915527344,39.34000015258789,40.38999938964844,42.0,3099800.0,42.0
2008-11-28,42.54999923706055,41.15999984741211,41.529998779296875,42.310001373291016,1307100.0,42.310001373291016
2008-12-01,41.91999816894531,39.0099983215332,41.43000030517578,39.02000045776367,3576400.0,39.02000045776367
2008-12-02,41.599998474121094,39.25,39.61000061035156,41.43000030517578,3528300.0,41.43000030517578
2008-12-03,42.439998626708984,40.56999969482422,40.7599983215332,42.119998931884766,4187000.0,42.119998931884766
2008-12-04,42.43000030517578,41.0,41.310001373291016,41.70000076293945,3181900.0,41.70000076293945
2008-12-05,44.45000076293945,40.29999923706055,40.29999923706055,44.25,3706700.0,44.25
2008-12-08,48.5099983215332,44.7400016784668,44.95000076293945,48.16999816894531,6625300.0,48.16999816894531
2008-12-09,49.58000183105469,46.279998779296875,47.5099983215332,46.599998474121094,4957300.0,46.599998474121094
2008-12-10,49.06999969482422,47.029998779296875,47.09000015258789,48.04999923706055,2993500.0,48.04999923706055
2008-12-11,48.97999954223633,46.880001068115234,47.84000015258789,47.150001525878906,2841700.0,47.150001525878906
2008-12-12,47.0,44.0,44.0,47.0,5959100.0,47.0
2008-12-15,46.869998931884766,45.619998931884766,46.20000076293945,46.18000030517578,3876100.0,46.18000030517578
2008-12-16,49.189998626708984,46.189998626708984,46.189998626708984,49.119998931884766,4789300.0,49.119998931884766
2008-12-17,48.83000183105469,47.459999084472656,48.38999938964844,47.650001525878906,3378100.0,47.650001525878906
2008-12-18,49.279998779296875,47.349998474121094,47.86000061035156,48.0099983215332,3434300.0,48.0099983215332
2008-12-19,48.290000915527344,46.33000183105469,48.0,46.75,6310900.0,46.75
2008-12-22,47.900001525878906,46.209999084472656,46.630001068115234,47.2599983215332,2888700.0,47.2599983215332
2008-12-23,48.7400016784668,46.84000015258789,47.810001373291016,47.04999923706055,1668900.0,47.04999923706055
2008-12-24,47.70000076293945,46.7599983215332,47.290000915527344,47.20000076293945,544600.0,47.20000076293945
2008-12-26,47.7400016784668,47.02000045776367,47.459999084472656,47.310001373291016,591000.0,47.310001373291016
2008-12-29,47.959999084472656,46.20000076293945,47.27000045776367,46.540000915527344,1526100.0,46.540000915527344
2008-12-30,47.9900016784668,46.5,46.95000076293945,47.68000030517578,1632600.0,47.68000030517578
2008-12-31,48.31999969482422,47.189998626708984,47.939998626708984,47.630001068115234,2117000.0,47.630001068115234
2009-01-02,48.560001373291016,46.689998626708984,47.4900016784668,48.4900016784668,2372900.0,48.4900016784668
2009-01-05,47.650001525878906,45.43000030517578,47.470001220703125,47.439998626708984,4439100.0,47.439998626708984
2009-01-06,48.060001373291016,46.08000183105469,47.709999084472656,46.470001220703125,3442100.0,46.470001220703125
2009-01-07,46.880001068115234,45.689998626708984,46.27000045776367,46.810001373291016,3381300.0,46.810001373291016
2009-01-08,48.04999923706055,46.130001068115234,46.209999084472656,47.95000076293945,3235800.0,47.95000076293945
2009-01-09,49.09000015258789,47.5099983215332,47.810001373291016,48.25,3767700.0,48.25
2009-01-12,49.4900016784668,46.79999923706055,46.79999923706055,48.45000076293945,2953300.0,48.45000076293945
2009-01-13,50.34000015258789,48.31999969482422,48.31999969482422,49.630001068115234,4576000.0,49.630001068115234
2009-01-14,49.84000015258789,48.09000015258789,49.84000015258789,48.09000015258789,3234300.0,48.09000015258789
2009-01-15,49.900001525878906,47.27000045776367,47.380001068115234,49.290000915527344,3454000.0,49.290000915527344
2009-01-16,51.36000061035156,49.599998474121094,50.189998626708984,51.04999923706055,5976800.0,51.04999923706055
2009-01-20,51.779998779296875,49.540000915527344,51.279998779296875,49.54999923706055,4827500.0,49.54999923706055
2009-01-21,52.349998474121094,49.439998626708984,49.61000061035156,52.16999816894531,5185000.0,52.16999816894531
2009-01-22,52.16999816894531,50.5,51.189998626708984,50.880001068115234,2959100.0,50.880001068115234
2009-01-23,48.61000061035156,46.310001373291016,48.0,47.41999816894531,7972800.0,47.41999816894531
2009-01-26,49.02000045776367,47.400001525878906,47.9900016784668,48.5099983215332,4489700.0,48.5099983215332
2009-01-27,50.20000076293945,48.790000915527344,50.040000915527344,49.27000045776367,4394900.0,49.27000045776367
2009-01-28,51.7400016784668,48.75,49.099998474121094,49.810001373291016,4144200.0,49.810001373291016
2009-01-29,50.38999938964844,48.75,49.15999984741211,49.279998779296875,2947300.0,49.279998779296875
2009-01-30,49.70000076293945,47.939998626708984,49.150001525878906,48.650001525878906,3397700.0,48.650001525878906
2009-02-02,50.220001220703125,48.04999923706055,48.150001525878906,50.11000061035156,3096600.0,50.11000061035156
2009-02-03,52.4900016784668,49.83000183105469,50.25,52.459999084472656,4443100.0,52.459999084472656
2009-02-04,53.65999984741211,52.08000183105469,52.2599983215332,52.75,5722200.0,52.75
2009-02-05,53.380001068115234,51.84000015258789,51.869998931884766,53.279998779296875,4946100.0,53.279998779296875
2009-02-06,53.47999954223633,50.900001525878906,51.20000076293945,52.47999954223633,7642400.0,52.47999954223633
2009-02-09,52.2400016784668,50.5,51.279998779296875,52.15999984741211,3742000.0,52.15999984741211
2009-02-10,52.58000183105469,50.47999954223633,51.400001525878906,50.869998931884766,2968000.0,50.869998931884766
2009-02-11,51.869998931884766,50.36000061035156,51.869998931884766,51.040000915527344,1995300.0,51.040000915527344
2009-02-12,52.61000061035156,50.34000015258789,50.47999954223633,52.61000061035156,2460100.0,52.61000061035156
2009-02-13,53.0,51.7400016784668,52.689998626708984,52.41999816894531,1590900.0,52.41999816894531
2009-02-17,52.130001068115234,50.849998474121094,51.40999984741211,51.11000061035156,2714700.0,51.11000061035156
2009-02-18,51.38999938964844,50.34000015258789,51.29999923706055,50.86000061035156,3469900.0,50.86000061035156
2009-02-19,51.630001068115234,50.470001220703125,50.790000915527344,50.7599983215332,2137100.0,50.7599983215332
2009-02-20,51.0,49.709999084472656,50.45000076293945,50.779998779296875,3519000.0,50.779998779296875
2009-02-23,51.0,49.34000015258789,50.810001373291016,49.380001068115234,4099400.0,49.380001068115234
2009-02-24,50.86000061035156,47.56999969482422,49.97999954223633,49.650001525878906,6415200.0,49.650001525878906
2009-02-25,51.65999984741211,49.25,49.349998474121094,50.54999923706055,4318800.0,50.54999923706055
2009-02-26,51.47999954223633,47.439998626708984,51.47999954223633,47.689998626708984,4007100.0,47.689998626708984
2009-02-27,47.619998931884766,45.54999923706055,47.08000183105469,46.040000915527344,5631100.0,46.040000915527344
2009-03-02,45.630001068115234,43.86000061035156,45.209999084472656,44.0,4216400.0,44.0
2009-03-03,45.38999938964844,43.0,44.97999954223633,44.61000061035156,3045900.0,44.61000061035156
2009-03-04,46.91999816894531,44.130001068115234,45.5099983215332,46.20000076293945,3500500.0,46.20000076293945
2009-03-05,45.59000015258789,43.45000076293945,45.0,43.63999938964844,3332900.0,43.63999938964844
2009-03-06,44.369998931884766,42.91999816894531,43.599998474121094,44.22999954223633,4499300.0,44.22999954223633
2009-03-09,45.869998931884766,43.20000076293945,43.529998779296875,43.83000183105469,3983000.0,43.83000183105469
2009-03-10,46.0,43.61000061035156,44.70000076293945,45.65999984741211,3429800.0,45.65999984741211
2009-03-11,46.869998931884766,45.349998474121094,45.83000183105469,46.09000015258789,3730900.0,46.09000015258789
2009-03-12,49.130001068115234,45.810001373291016,45.810001373291016,48.880001068115234,2989300.0,48.880001068115234
2009-03-13,49.18000030517578,48.25,48.79999923706055,48.5,2546700.0,48.5
2009-03-16,49.310001373291016,47.25,49.310001373291016,47.58000183105469,2668100.0,47.58000183105469
2009-03-17,49.79999923706055,47.40999984741211,47.40999984741211,49.630001068115234,3677100.0,49.630001068115234
2009-03-18,50.959999084472656,48.93000030517578,49.2599983215332,50.060001373291016,3101400.0,50.060001373291016
2009-03-19,50.720001220703125,49.56999969482422,50.36000061035156,50.619998931884766,2880700.0,50.619998931884766
2009-03-20,51.689998626708984,49.95000076293945,51.15999984741211,49.970001220703125,4952900.0,49.970001220703125
2009-03-23,51.5,50.13999938964844,50.599998474121094,51.5,3294400.0,51.5
2009-03-24,52.119998931884766,50.380001068115234,50.91999816894531,50.849998474121094,2608000.0,50.849998474121094
2009-03-25,52.29999923706055,50.029998779296875,51.43000030517578,51.52000045776367,3320700.0,51.52000045776367
2009-03-26,53.5,51.25,51.7599983215332,52.65999984741211,4395700.0,52.65999984741211
2009-03-27,53.34000015258789,51.77000045776367,52.720001220703125,52.279998779296875,3642700.0,52.279998779296875
2009-03-30,53.0,51.400001525878906,52.4900016784668,52.540000915527344,4321100.0,52.540000915527344
2009-03-31,53.31999969482422,52.13999938964844,52.81999969482422,52.41999816894531,3236200.0,52.41999816894531
2009-04-01,52.09000015258789,50.70000076293945,51.470001220703125,51.880001068115234,2904600.0,51.880001068115234
2009-04-02,52.66999816894531,51.529998779296875,52.5,52.20000076293945,2767900.0,52.20000076293945
2009-04-03,52.619998931884766,49.86000061035156,51.849998474121094,50.31999969482422,2794600.0,50.31999969482422
2009-04-06,50.310001373291016,49.060001373291016,50.0099983215332,49.630001068115234,2328300.0,49.630001068115234
2009-04-07,53.83000183105469,48.68000030517578,49.2599983215332,52.09000015258789,9833200.0,52.09000015258789
2009-04-08,55.34000015258789,51.59000015258789,51.630001068115234,53.63999938964844,6906000.0,53.63999938964844
2009-04-09,54.2400016784668,51.599998474121094,54.150001525878906,52.959999084472656,3857000.0,52.959999084472656
2009-04-13,53.4900016784668,52.5,52.5,52.52000045776367,1821500.0,52.52000045776367
2009-04-14,53.0,51.34000015258789,52.43000030517578,51.4900016784668,2244300.0,51.4900016784668
2009-04-15,51.77000045776367,50.29999923706055,51.0099983215332,51.18000030517578,3366200.0,51.18000030517578
2009-04-16,52.560001373291016,50.88999938964844,52.279998779296875,51.4900016784668,3767400.0,51.4900016784668
2009-04-17,51.22999954223633,49.970001220703125,50.63999938964844,50.09000015258789,4393100.0,50.09000015258789
2009-04-20,49.5,47.900001525878906,49.25,48.349998474121094,3989200.0,48.349998474121094
2009-04-21,48.83000183105469,46.97999954223633,48.83000183105469,47.54999923706055,2955700.0,47.54999923706055
2009-04-22,48.0099983215332,46.52000045776367,46.7599983215332,47.04999923706055,2907400.0,47.04999923706055
2009-04-23,46.689998626708984,45.70000076293945,46.4900016784668,45.97999954223633,3254400.0,45.97999954223633
2009-04-24,46.900001525878906,45.720001220703125,46.130001068115234,46.08000183105469,4226500.0,46.08000183105469
2009-04-27,46.79999923706055,45.849998474121094,45.849998474121094,46.130001068115234,3141400.0,46.130001068115234
2009-04-28,47.66999816894531,45.90999984741211,45.959999084472656,47.33000183105469,2850300.0,47.33000183105469
2009-04-29,48.79999923706055,47.16999816894531,48.0099983215332,47.41999816894531,4216900.0,47.41999816894531
2009-04-30,48.34000015258789,46.880001068115234,47.52000045776367,48.34000015258789,4157200.0,48.34000015258789
2009-05-01,48.29999923706055,46.0,47.650001525878906,46.2599983215332,3139500.0,46.2599983215332
2009-05-04,47.36000061035156,46.0099983215332,46.47999954223633,46.61000061035156,2903900.0,46.61000061035156
2009-05-05,47.97999954223633,46.18000030517578,46.599998474121094,46.43000030517578,1789500.0,46.43000030517578
2009-05-06,47.209999084472656,45.5,46.720001220703125,46.709999084472656,2822900.0,46.709999084472656
2009-05-07,47.93000030517578,46.06999969482422,46.75,47.20000076293945,4087200.0,47.20000076293945
2009-05-08,49.04999923706055,46.77000045776367,47.43000030517578,48.599998474121094,4733500.0,48.599998474121094
2009-05-11,49.369998931884766,47.400001525878906,48.0,49.13999938964844,2430700.0,49.13999938964844
2009-05-12,49.869998931884766,48.130001068115234,49.150001525878906,49.20000076293945,2888700.0,49.20000076293945
2009-05-13,49.779998779296875,48.209999084472656,49.0,48.52000045776367,2405600.0,48.52000045776367
2009-05-14,49.720001220703125,48.52000045776367,48.83000183105469,49.0,2634100.0,49.0
2009-05-15,49.4900016784668,48.150001525878906,48.66999816894531,49.06999969482422,2439200.0,49.06999969482422
2009-05-18,50.70000076293945,49.040000915527344,49.4900016784668,50.70000076293945,2652800.0,50.70000076293945
2009-05-19,50.9900016784668,50.119998931884766,50.36000061035156,50.83000183105469,2575100.0,50.83000183105469
2009-05-20,52.36000061035156,50.93000030517578,51.25,51.63999938964844,3029300.0,51.63999938964844
2009-05-21,51.900001525878906,50.08000183105469,51.04999923706055,50.72999954223633,2095000.0,50.72999954223633
2009-05-22,51.290000915527344,50.2400016784668,50.72999954223633,50.38999938964844,1285500.0,50.38999938964844
2009-05-26,51.38999938964844,49.25,49.630001068115234,51.2400016784668,3047200.0,51.2400016784668
2009-05-27,51.84000015258789,50.310001373291016,51.439998626708984,50.97999954223633,2656300.0,50.97999954223633
2009-05-28,51.59000015258789,50.220001220703125,51.25,51.099998474121094,1851900.0,51.099998474121094
2009-05-29,51.790000915527344,50.47999954223633,51.06999969482422,51.790000915527344,2073000.0,51.790000915527344
2009-06-01,52.29999923706055,50.630001068115234,52.25,50.900001525878906,2414100.0,50.900001525878906
2009-06-02,52.9900016784668,50.45000076293945,50.470001220703125,52.31999969482422,3177500.0,52.31999969482422
2009-06-03,54.5,51.630001068115234,52.15999984741211,53.43000030517578,3815500.0,53.43000030517578
2009-06-04,54.0,53.02000045776367,53.400001525878906,53.150001525878906,2822600.0,53.150001525878906
2009-06-05,53.439998626708984,50.290000915527344,53.209999084472656,52.119998931884766,3439300.0,52.119998931884766
2009-06-08,52.63999938964844,51.40999984741211,52.369998931884766,51.83000183105469,1856300.0,51.83000183105469
2009-06-09,52.83000183105469,51.77000045776367,52.20000076293945,52.380001068115234,1803100.0,52.380001068115234
2009-06-10,52.77000045776367,51.279998779296875,51.75,51.619998931884766,2058100.0,51.619998931884766
2009-06-11,52.16999816894531,50.93000030517578,51.7400016784668,51.459999084472656,2735500.0,51.459999084472656
2009-06-12,51.65999984741211,50.79999923706055,51.150001525878906,51.380001068115234,1826600.0,51.380001068115234
2009-06-15,50.72999954223633,49.61000061035156,50.439998626708984,50.189998626708984,2846400.0,50.189998626708984
2009-06-16,51.38999938964844,50.040000915527344,50.349998474121094,50.88999938964844,2247700.0,50.88999938964844
2009-06-17,52.619998931884766,50.4900016784668,51.0,51.81999969482422,2347000.0,51.81999969482422
2009-06-18,52.619998931884766,51.38999938964844,52.619998931884766,51.9900016784668,1704100.0,51.9900016784668
2009-06-19,52.880001068115234,51.400001525878906,52.4900016784668,51.66999816894531,4628800.0,51.66999816894531
2009-06-22,51.040000915527344,48.59000015258789,50.63999938964844,49.099998474121094,4710100.0,49.099998474121094
2009-06-23,49.58000183105469,48.5,49.43000030517578,48.72999954223633,2417800.0,48.72999954223633
2009-06-24,49.4900016784668,48.25,48.709999084472656,49.22999954223633,2412600.0,49.22999954223633
2009-06-25,50.130001068115234,48.61000061035156,49.130001068115234,49.9900016784668,2303000.0,49.9900016784668
2009-06-26,50.22999954223633,49.540000915527344,49.709999084472656,50.06999969482422,2281900.0,50.06999969482422
2009-06-29,48.29999923706055,46.29999923706055,47.83000183105469,47.31999969482422,7032100.0,47.31999969482422
2009-06-30,47.13999938964844,44.560001373291016,47.13999938964844,45.150001525878906,8872800.0,45.150001525878906
2009-07-01,47.40999984741211,45.33000183105469,45.33000183105469,46.77000045776367,5721100.0,46.77000045776367
2009-07-02,47.220001220703125,44.79999923706055,46.709999084472656,45.0,5113000.0,45.0
2009-07-06,45.400001525878906,44.58000183105469,44.880001068115234,45.220001220703125,2731900.0,45.220001220703125
2009-07-07,45.25,44.40999984741211,45.08000183105469,44.4900016784668,2638100.0,44.4900016784668
2009-07-08,45.54999923706055,44.7400016784668,45.0,44.86000061035156,3458200.0,44.86000061035156
2009-07-09,45.79999923706055,44.66999816894531,45.06999969482422,45.43000030517578,2509200.0,45.43000030517578
2009-07-10,45.79999923706055,44.529998779296875,45.130001068115234,44.75,3146400.0,44.75
2009-07-13,46.47999954223633,44.900001525878906,45.0099983215332,46.15999984741211,3634000.0,46.15999984741211
2009-07-14,47.27000045776367,45.689998626708984,46.619998931884766,45.939998626708984,4111200.0,45.939998626708984
2009-07-15,46.7400016784668,46.0099983215332,46.189998626708984,46.66999816894531,3611400.0,46.66999816894531
2009-07-16,48.29999923706055,46.720001220703125,47.77000045776367,47.099998474121094,4984800.0,47.099998474121094
2009-07-17,47.18000030517578,45.869998931884766,46.75,46.06999969482422,3379300.0,46.06999969482422
2009-07-20,47.22999954223633,45.95000076293945,46.130001068115234,46.91999816894531,4685600.0,46.91999816894531
2009-07-21,47.84000015258789,46.47999954223633,46.939998626708984,47.7599983215332,2763100.0,47.7599983215332
2009-07-22,47.720001220703125,46.52000045776367,47.720001220703125,46.86000061035156,2409900.0,46.86000061035156
2009-07-23,48.9900016784668,46.75,46.970001220703125,48.59000015258789,3743300.0,48.59000015258789
2009-07-24,49.0099983215332,47.83000183105469,48.599998474121094,48.97999954223633,1589300.0,48.97999954223633
2009-07-27,49.540000915527344,48.4900016784668,48.599998474121094,49.209999084472656,2140300.0,49.209999084472656
2009-07-28,49.7599983215332,48.7400016784668,49.13999938964844,49.02000045776367,2422700.0,49.02000045776367
2009-07-29,49.06999969482422,47.81999969482422,48.70000076293945,48.119998931884766,3228100.0,48.119998931884766
2009-07-30,48.939998626708984,47.290000915527344,48.88999938964844,47.36000061035156,3567000.0,47.36000061035156
2009-07-31,48.38999938964844,47.45000076293945,47.4900016784668,47.54999923706055,2568600.0,47.54999923706055
2009-08-03,48.400001525878906,47.220001220703125,47.470001220703125,48.36000061035156,2462000.0,48.36000061035156
2009-08-04,48.720001220703125,47.84000015258789,47.970001220703125,48.61000061035156,1675200.0,48.61000061035156
2009-08-05,48.61000061035156,47.4900016784668,48.54999923706055,47.619998931884766,2298600.0,47.619998931884766
2009-08-06,47.599998474121094,46.38999938964844,47.58000183105469,46.650001525878906,2779000.0,46.650001525878906
2009-08-07,47.75,46.810001373291016,46.810001373291016,47.279998779296875,1600300.0,47.279998779296875
2009-08-10,48.0,47.040000915527344,47.290000915527344,47.93000030517578,1929400.0,47.93000030517578
2009-08-11,48.09000015258789,47.4900016784668,47.59000015258789,47.810001373291016,1746400.0,47.810001373291016
2009-08-12,49.439998626708984,47.5099983215332,47.70000076293945,49.0,3684400.0,49.0
2009-08-13,49.45000076293945,48.70000076293945,49.040000915527344,48.91999816894531,2654900.0,48.91999816894531
2009-08-14,48.869998931884766,47.77000045776367,48.66999816894531,48.779998779296875,2125500.0,48.779998779296875
2009-08-17,48.630001068115234,47.900001525878906,48.34000015258789,48.25,2010200.0,48.25
2009-08-18,48.54999923706055,47.849998474121094,48.099998474121094,48.349998474121094,1981400.0,48.349998474121094
2009-08-19,49.130001068115234,47.90999984741211,48.11000061035156,49.029998779296875,2245100.0,49.029998779296875
2009-08-20,49.849998474121094,48.93000030517578,49.04999923706055,49.56999969482422,1777300.0,49.56999969482422
2009-08-21,50.43000030517578,49.15999984741211,49.45000076293945,49.970001220703125,2238200.0,49.970001220703125
2009-08-24,49.84000015258789,49.189998626708984,49.59000015258789,49.529998779296875,1692900.0,49.529998779296875
2009-08-25,49.900001525878906,49.290000915527344,49.54999923706055,49.709999084472656,1965600.0,49.709999084472656
2009-08-26,50.0,49.41999816894531,49.59000015258789,49.91999816894531,1916400.0,49.91999816894531
2009-08-27,50.22999954223633,49.2400016784668,49.279998779296875,50.04999923706055,2476900.0,50.04999923706055
2009-08-28,50.40999984741211,49.529998779296875,50.22999954223633,49.93000030517578,1952300.0,49.93000030517578
2009-08-31,50.349998474121094,49.220001220703125,49.279998779296875,50.20000076293945,2688000.0,50.20000076293945
2009-09-01,50.61000061035156,48.97999954223633,49.61000061035156,49.2400016784668,3144400.0,49.2400016784668
2009-09-02,49.470001220703125,48.63999938964844,48.779998779296875,49.189998626708984,2061800.0,49.189998626708984
2009-09-03,49.970001220703125,49.04999923706055,49.06999969482422,49.90999984741211,2371600.0,49.90999984741211
2009-09-04,51.09000015258789,50.290000915527344,50.900001525878906,51.0099983215332,4276300.0,51.0099983215332
2009-09-08,51.70000076293945,51.0099983215332,51.060001373291016,51.18000030517578,2888800.0,51.18000030517578
2009-09-09,51.5,50.4900016784668,51.130001068115234,51.040000915527344,2861500.0,51.040000915527344
2009-09-10,51.209999084472656,50.209999084472656,51.209999084472656,50.33000183105469,2538700.0,50.33000183105469
2009-09-11,50.9900016784668,50.08000183105469,50.630001068115234,50.84000015258789,1929400.0,50.84000015258789
2009-09-14,51.20000076293945,50.349998474121094,50.349998474121094,50.83000183105469,2294100.0,50.83000183105469
2009-09-15,51.4900016784668,50.400001525878906,50.599998474121094,51.40999984741211,2046200.0,51.40999984741211
2009-09-16,51.720001220703125,51.060001373291016,51.400001525878906,51.54999923706055,2481500.0,51.54999923706055
2009-09-17,51.349998474121094,50.25,51.27000045776367,50.45000076293945,3203700.0,50.45000076293945
2009-09-18,50.810001373291016,49.84000015258789,50.810001373291016,50.0,3794800.0,50.0
2009-09-21,51.36000061035156,49.29999923706055,49.81999969482422,50.88999938964844,2482200.0,50.88999938964844
2009-09-22,50.95000076293945,49.900001525878906,50.84000015258789,50.529998779296875,1829400.0,50.529998779296875
2009-09-23,51.040000915527344,50.16999816894531,50.56999969482422,50.22999954223633,1340900.0,50.22999954223633
2009-09-24,50.63999938964844,49.9900016784668,50.349998474121094,50.22999954223633,1682200.0,50.22999954223633
2009-09-25,50.369998931884766,50.0,50.33000183105469,50.11000061035156,2121200.0,50.11000061035156
2009-09-28,51.25,50.029998779296875,50.119998931884766,50.56999969482422,1407800.0,50.56999969482422
2009-09-29,52.119998931884766,50.0,50.560001373291016,51.40999984741211,4462000.0,51.40999984741211
2009-09-30,50.900001525878906,49.869998931884766,50.88999938964844,50.52000045776367,3463300.0,50.52000045776367
2009-10-01,50.47999954223633,49.25,50.439998626708984,49.34000015258789,3249500.0,49.34000015258789
2009-10-02,49.47999954223633,48.689998626708984,49.47999954223633,48.88999938964844,2453200.0,48.88999938964844
2009-10-05,48.97999954223633,48.34000015258789,48.900001525878906,48.540000915527344,2096700.0,48.540000915527344
2009-10-06,49.459999084472656,48.349998474121094,48.68000030517578,49.02000045776367,1967700.0,49.02000045776367
2009-10-07,49.41999816894531,48.720001220703125,49.41999816894531,49.16999816894531,1383400.0,49.16999816894531
2009-10-08,49.59000015258789,48.470001220703125,49.59000015258789,48.599998474121094,1871900.0,48.599998474121094
2009-10-09,49.04999923706055,48.40999984741211,48.93000030517578,49.0099983215332,1560100.0,49.0099983215332
2009-10-12,49.349998474121094,48.36000061035156,49.099998474121094,48.689998626708984,1592300.0,48.689998626708984
2009-10-13,48.97999954223633,48.380001068115234,48.529998779296875,48.79999923706055,1378700.0,48.79999923706055
2009-10-14,50.279998779296875,49.13999938964844,49.13999938964844,50.040000915527344,3249900.0,50.040000915527344
2009-10-15,50.06999969482422,49.56999969482422,49.970001220703125,49.790000915527344,3262100.0,49.790000915527344
2009-10-16,49.68000030517578,48.58000183105469,49.529998779296875,49.20000076293945,3509800.0,49.20000076293945
2009-10-19,50.0099983215332,49.029998779296875,49.36000061035156,49.38999938964844,2301000.0,49.38999938964844
2009-10-20,48.79999923706055,47.33000183105469,48.31999969482422,48.060001373291016,5792300.0,48.060001373291016
2009-10-21,47.65999984741211,46.2599983215332,47.40999984741211,46.43000030517578,6037200.0,46.43000030517578
2009-10-22,47.59000015258789,46.29999923706055,46.380001068115234,47.22999954223633,3647200.0,47.22999954223633
2009-10-23,45.09000015258789,43.58000183105469,45.0,43.810001373291016,11117100.0,43.810001373291016
2009-10-26,44.65999984741211,43.54999923706055,43.83000183105469,44.130001068115234,4805800.0,44.130001068115234
2009-10-27,45.11000061035156,44.25,44.279998779296875,44.54999923706055,4735200.0,44.54999923706055
2009-10-28,44.959999084472656,43.47999954223633,44.119998931884766,43.529998779296875,3395700.0,43.529998779296875
2009-10-29,43.709999084472656,41.75,43.630001068115234,43.08000183105469,5338600.0,43.08000183105469
2009-10-30,43.40999984741211,42.099998474121094,42.849998474121094,42.130001068115234,3532100.0,42.130001068115234
2009-11-02,43.290000915527344,42.310001373291016,42.86000061035156,42.59000015258789,4535300.0,42.59000015258789
2009-11-03,43.439998626708984,42.540000915527344,42.70000076293945,43.25,4420200.0,43.25
2009-11-04,43.310001373291016,42.68000030517578,43.310001373291016,42.79999923706055,5209500.0,42.79999923706055
2009-11-05,44.720001220703125,42.9900016784668,43.0,44.38999938964844,6792100.0,44.38999938964844
2009-11-06,46.470001220703125,44.11000061035156,44.439998626708984,45.7599983215332,8636900.0,45.7599983215332
2009-11-09,45.7599983215332,44.90999984741211,45.63999938964844,45.40999984741211,4801800.0,45.40999984741211
2009-11-10,46.150001525878906,45.0,45.029998779296875,45.5099983215332,4664700.0,45.5099983215332
2009-11-11,46.54999923706055,45.45000076293945,45.459999084472656,46.43000030517578,3894300.0,46.43000030517578
2009-11-12,46.79999923706055,46.099998474121094,46.36000061035156,46.5,3910200.0,46.5
2009-11-13,47.060001373291016,46.310001373291016,46.33000183105469,46.720001220703125,2806600.0,46.720001220703125
2009-11-16,46.95000076293945,46.400001525878906,46.77000045776367,46.529998779296875,5304900.0,46.529998779296875
2009-11-17,46.40999984741211,45.880001068115234,46.22999954223633,46.04999923706055,4285700.0,46.04999923706055
2009-11-18,46.33000183105469,45.68000030517578,45.95000076293945,46.15999984741211,2593800.0,46.15999984741211
2009-11-19,46.29999923706055,45.540000915527344,46.099998474121094,45.849998474121094,3073600.0,45.849998474121094
2009-11-20,46.52000045776367,45.560001373291016,45.599998474121094,46.380001068115234,2829100.0,46.380001068115234
2009-11-23,47.20000076293945,46.349998474121094,46.66999816894531,46.790000915527344,2437600.0,46.790000915527344
2009-11-24,47.4900016784668,46.790000915527344,47.0099983215332,47.380001068115234,3118800.0,47.380001068115234
2009-11-25,47.70000076293945,47.18000030517578,47.2599983215332,47.45000076293945,1477700.0,47.45000076293945
2009-11-27,47.709999084472656,46.11000061035156,46.439998626708984,46.91999816894531,1476200.0,46.91999816894531
2009-11-30,47.59000015258789,46.93000030517578,47.400001525878906,46.939998626708984,3450600.0,46.939998626708984
2009-12-01,48.0,46.939998626708984,47.099998474121094,47.84000015258789,2296700.0,47.84000015258789
2009-12-02,48.31999969482422,47.470001220703125,47.90999984741211,47.7400016784668,2629800.0,47.7400016784668
2009-12-03,47.95000076293945,47.290000915527344,47.63999938964844,47.380001068115234,2436800.0,47.380001068115234
2009-12-04,48.29999923706055,47.52000045776367,47.630001068115234,48.18000030517578,2882900.0,48.18000030517578
2009-12-07,48.45000076293945,47.81999969482422,47.959999084472656,48.29999923706055,2471600.0,48.29999923706055
2009-12-08,48.25,47.459999084472656,47.95000076293945,48.060001373291016,2831400.0,48.060001373291016
2009-12-09,48.2599983215332,47.54999923706055,47.900001525878906,48.16999816894531,2942600.0,48.16999816894531
2009-12-10,48.65999984741211,48.11000061035156,48.11000061035156,48.2599983215332,2182800.0,48.2599983215332
2009-12-11,48.93000030517578,48.16999816894531,48.33000183105469,48.650001525878906,2581500.0,48.650001525878906
2009-12-14,49.25,48.75,48.75,48.869998931884766,2715400.0,48.869998931884766
2009-12-15,49.560001373291016,48.34000015258789,48.939998626708984,49.43000030517578,3072800.0,49.43000030517578
2009-12-16,50.470001220703125,49.310001373291016,49.4900016784668,50.25,4815200.0,50.25
2009-12-17,50.06999969482422,49.11000061035156,50.0,49.45000076293945,3977200.0,49.45000076293945
2009-12-18,50.45000076293945,49.310001373291016,49.52000045776367,50.06999969482422,6382400.0,50.06999969482422
2009-12-21,51.25,50.209999084472656,50.209999084472656,51.09000015258789,3636100.0,51.09000015258789
2009-12-22,52.630001068115234,51.02000045776367,51.09000015258789,52.31999969482422,4175900.0,52.31999969482422
2009-12-23,52.77000045776367,52.15999984741211,52.4900016784668,52.15999984741211,3345000.0,52.15999984741211
2009-12-24,52.5,51.90999984741211,52.220001220703125,52.2400016784668,630900.0,52.2400016784668
2009-12-28,53.290000915527344,52.15999984741211,52.15999984741211,53.27000045776367,2181900.0,53.27000045776367
2009-12-29,53.560001373291016,53.09000015258789,53.369998931884766,53.400001525878906,2020000.0,53.400001525878906
2009-12-30,54.0,53.150001525878906,53.349998474121094,53.70000076293945,1861000.0,53.70000076293945
2009-12-31,53.83000183105469,53.310001373291016,53.810001373291016,53.5,1680400.0,53.5
2010-01-04,53.970001220703125,53.599998474121094,53.970001220703125,53.63999938964844,2469700.0,53.63999938964844
2010-01-05,55.0,53.0,54.720001220703125,53.380001068115234,4899400.0,53.380001068115234
2010-01-06,53.70000076293945,52.79999923706055,53.099998474121094,53.43000030517578,5555800.0,53.43000030517578
2010-01-07,53.5,52.459999084472656,53.22999954223633,52.9900016784668,3659900.0,52.9900016784668
2010-01-08,54.33000183105469,52.810001373291016,53.0,54.08000183105469,2996300.0,54.08000183105469
2010-01-11,54.349998474121094,53.529998779296875,54.099998474121094,53.900001525878906,1813300.0,53.900001525878906
2010-01-12,54.029998779296875,52.939998626708984,53.65999984741211,53.25,3242900.0,53.25
2010-01-13,54.33000183105469,52.959999084472656,53.33000183105469,54.08000183105469,2130600.0,54.08000183105469
2010-01-14,54.36000061035156,53.59000015258789,53.810001373291016,54.36000061035156,1769900.0,54.36000061035156
2010-01-15,54.849998474121094,53.779998779296875,54.060001373291016,54.18000030517578,2997200.0,54.18000030517578
2010-01-19,55.310001373291016,54.290000915527344,54.290000915527344,55.22999954223633,2941500.0,55.22999954223633
2010-01-20,55.369998931884766,54.0099983215332,55.040000915527344,54.720001220703125,2634100.0,54.720001220703125
2010-01-21,54.529998779296875,52.66999816894531,54.529998779296875,53.209999084472656,4731200.0,53.209999084472656
2010-01-22,53.709999084472656,52.599998474121094,53.189998626708984,53.060001373291016,3167800.0,53.060001373291016
2010-01-25,53.5,52.16999816894531,53.220001220703125,52.66999816894531,2265300.0,52.66999816894531
2010-01-26,53.11000061035156,52.15999984741211,52.52000045776367,53.0,2346700.0,53.0
2010-01-27,53.619998931884766,52.369998931884766,52.470001220703125,53.58000183105469,2963800.0,53.58000183105469
2010-01-28,54.5099983215332,52.599998474121094,54.279998779296875,53.27000045776367,3314100.0,53.27000045776367
2010-01-29,53.90999984741211,53.0099983215332,53.310001373291016,53.7400016784668,3127900.0,53.7400016784668
2010-02-01,53.93000030517578,52.97999954223633,53.40999984741211,53.90999984741211,2481700.0,53.90999984741211
2010-02-02,54.95000076293945,53.2400016784668,53.7599983215332,54.939998626708984,2178500.0,54.939998626708984
2010-02-03,54.810001373291016,54.029998779296875,54.52000045776367,54.599998474121094,2155700.0,54.599998474121094
2010-02-04,54.459999084472656,52.9900016784668,54.16999816894531,53.099998474121094,2799600.0,53.099998474121094
2010-02-05,53.70000076293945,52.22999954223633,53.13999938964844,53.529998779296875,3638700.0,53.529998779296875
2010-02-08,53.560001373291016,52.470001220703125,53.540000915527344,52.84000015258789,2852400.0,52.84000015258789
2010-02-09,54.880001068115234,53.33000183105469,53.880001068115234,54.09000015258789,2965000.0,54.09000015258789
2010-02-10,54.90999984741211,54.06999969482422,54.20000076293945,54.38999938964844,2562700.0,54.38999938964844
2010-02-11,55.91999816894531,53.91999816894531,54.119998931884766,55.689998626708984,2824200.0,55.689998626708984
2010-02-12,55.79999923706055,54.720001220703125,55.08000183105469,55.209999084472656,2954300.0,55.209999084472656
2010-02-16,55.77000045776367,54.91999816894531,55.54999923706055,55.119998931884766,3277000.0,55.119998931884766
2010-02-17,56.2599983215332,55.310001373291016,55.310001373291016,56.22999954223633,2497800.0,56.22999954223633
2010-02-18,56.369998931884766,55.79999923706055,56.029998779296875,55.97999954223633,2593500.0,55.97999954223633
2010-02-19,56.9900016784668,55.4900016784668,55.880001068115234,56.61000061035156,3057000.0,56.61000061035156
2010-02-22,56.65999984741211,55.529998779296875,56.529998779296875,55.66999816894531,2170300.0,55.66999816894531
2010-02-23,56.119998931884766,54.849998474121094,55.630001068115234,55.25,2910600.0,55.25
2010-02-24,55.95000076293945,54.7400016784668,55.29999923706055,55.290000915527344,5288000.0,55.290000915527344
2010-02-25,54.970001220703125,54.029998779296875,54.29999923706055,54.88999938964844,2826200.0,54.88999938964844
2010-02-26,55.189998626708984,54.540000915527344,54.810001373291016,55.0099983215332,2847100.0,55.0099983215332
2010-03-01,56.900001525878906,55.34000015258789,55.47999954223633,56.779998779296875,2567900.0,56.779998779296875
2010-03-02,57.470001220703125,56.52000045776367,56.540000915527344,57.310001373291016,2530800.0,57.310001373291016
2010-03-03,57.59000015258789,56.709999084472656,57.2599983215332,56.790000915527344,1990500.0,56.790000915527344
2010-03-04,56.900001525878906,56.34000015258789,56.790000915527344,56.65999984741211,1377900.0,56.65999984741211
2010-03-05,57.209999084472656,56.61000061035156,56.66999816894531,57.209999084472656,1526500.0,57.209999084472656
2010-03-08,58.47999954223633,56.90999984741211,56.9900016784668,57.66999816894531,3064900.0,57.66999816894531
2010-03-09,58.310001373291016,57.529998779296875,57.63999938964844,57.84000015258789,2195300.0,57.84000015258789
2010-03-10,58.959999084472656,57.900001525878906,57.90999984741211,58.709999084472656,2248600.0,58.709999084472656
2010-03-11,58.86000061035156,57.720001220703125,58.54999923706055,58.779998779296875,1865700.0,58.779998779296875
2010-03-12,58.93000030517578,58.08000183105469,58.810001373291016,58.7599983215332,1468700.0,58.7599983215332
2010-03-15,58.9900016784668,58.310001373291016,58.86000061035156,58.900001525878906,1407400.0,58.900001525878906
2010-03-16,59.849998474121094,58.63999938964844,59.22999954223633,59.72999954223633,3238200.0,59.72999954223633
2010-03-17,59.72999954223633,59.22999954223633,59.540000915527344,59.36000061035156,1982700.0,59.36000061035156
2010-03-18,59.349998474121094,58.31999969482422,59.119998931884766,59.20000076293945,2512000.0,59.20000076293945
2010-03-19,60.16999816894531,58.59000015258789,59.81999969482422,59.630001068115234,5024800.0,59.630001068115234
2010-03-22,60.279998779296875,59.56999969482422,59.779998779296875,59.81999969482422,2156500.0,59.81999969482422
2010-03-23,59.939998626708984,59.40999984741211,59.66999816894531,59.84000015258789,1232300.0,59.84000015258789
2010-03-24,59.79999923706055,58.720001220703125,59.7599983215332,58.849998474121094,1809200.0,58.849998474121094
2010-03-25,59.27000045776367,58.27000045776367,59.27000045776367,58.27000045776367,2407000.0,58.27000045776367
2010-03-26,58.7599983215332,57.81999969482422,58.56999969482422,58.150001525878906,1347000.0,58.150001525878906
2010-03-29,58.70000076293945,57.88999938964844,57.91999816894531,58.41999816894531,1800700.0,58.41999816894531
2010-03-30,58.45000076293945,57.5,58.220001220703125,57.709999084472656,2030100.0,57.709999084472656
2010-03-31,57.939998626708984,57.2400016784668,57.5,57.38999938964844,1620500.0,57.38999938964844
2010-04-01,57.9900016784668,57.029998779296875,57.79999923706055,57.52000045776367,1564700.0,57.52000045776367
2010-04-05,57.959999084472656,57.130001068115234,57.560001373291016,57.529998779296875,1142200.0,57.529998779296875
2010-04-06,57.88999938964844,57.27000045776367,57.41999816894531,57.5,1422600.0,57.5
2010-04-07,57.77000045776367,56.9900016784668,57.75,57.27000045776367,1869100.0,57.27000045776367
2010-04-08,57.29999923706055,56.189998626708984,57.29999923706055,56.43000030517578,2395400.0,56.43000030517578
2010-04-09,56.900001525878906,56.29999923706055,56.34000015258789,56.52000045776367,2716000.0,56.52000045776367
2010-04-12,56.52000045776367,55.689998626708984,56.52000045776367,56.0,2397400.0,56.0
2010-04-13,56.06999969482422,54.900001525878906,55.779998779296875,55.06999969482422,4166100.0,55.06999969482422
2010-04-14,55.22999954223633,54.04999923706055,54.810001373291016,54.959999084472656,4327000.0,54.959999084472656
2010-04-15,55.029998779296875,53.93000030517578,54.720001220703125,54.40999984741211,2795400.0,54.40999984741211
2010-04-16,54.279998779296875,53.119998931884766,54.20000076293945,53.63999938964844,4198100.0,53.63999938964844
2010-04-19,55.04999923706055,53.5,53.63999938964844,54.790000915527344,3076100.0,54.790000915527344
2010-04-20,54.970001220703125,53.2599983215332,54.400001525878906,53.90999984741211,3533200.0,53.90999984741211
2010-04-21,53.79999923706055,52.400001525878906,53.400001525878906,52.720001220703125,4325200.0,52.720001220703125
2010-04-22,52.61000061035156,51.619998931884766,52.61000061035156,52.029998779296875,4324100.0,52.029998779296875
2010-04-23,52.630001068115234,51.880001068115234,52.130001068115234,52.59000015258789,2519600.0,52.59000015258789
2010-04-26,52.790000915527344,52.099998474121094,52.349998474121094,52.25,2290900.0,52.25
2010-04-27,53.130001068115234,52.02000045776367,52.150001525878906,52.099998474121094,3761500.0,52.099998474121094
2010-04-28,52.68000030517578,52.060001373291016,52.189998626708984,52.119998931884766,2421200.0,52.119998931884766
2010-04-29,53.70000076293945,51.79999923706055,52.22999954223633,53.310001373291016,3556000.0,53.310001373291016
2010-04-30,54.040000915527344,53.130001068115234,53.5099983215332,53.290000915527344,3348900.0,53.290000915527344
2010-05-03,53.91999816894531,53.2599983215332,53.5,53.599998474121094,2057900.0,53.599998474121094
2010-05-04,53.09000015258789,51.79999923706055,53.0,52.29999923706055,2288900.0,52.29999923706055
2010-05-05,52.90999984741211,52.02000045776367,52.33000183105469,52.70000076293945,2541100.0,52.70000076293945
2010-05-06,52.58000183105469,49.43000030517578,52.58000183105469,50.70000076293945,4393100.0,50.70000076293945
2010-05-07,51.02000045776367,49.36000061035156,49.79999923706055,50.38999938964844,4704300.0,50.38999938964844
2010-05-10,51.79999923706055,50.7400016784668,51.290000915527344,51.130001068115234,3245400.0,51.130001068115234
2010-05-11,51.709999084472656,50.720001220703125,50.93000030517578,51.380001068115234,2877300.0,51.380001068115234
2010-05-12,52.060001373291016,50.849998474121094,51.31999969482422,52.040000915527344,2375100.0,52.040000915527344
2010-05-13,51.88999938964844,51.33000183105469,51.7400016784668,51.400001525878906,1659100.0,51.400001525878906
2010-05-14,51.36000061035156,49.63999938964844,51.20000076293945,50.130001068115234,4030000.0,50.130001068115234
2010-05-17,50.68000030517578,49.290000915527344,49.79999923706055,50.56999969482422,2257100.0,50.56999969482422
2010-05-18,51.25,50.45000076293945,50.689998626708984,50.70000076293945,2410300.0,50.70000076293945
2010-05-19,51.040000915527344,50.0099983215332,50.5099983215332,50.459999084472656,2533100.0,50.459999084472656
2010-05-20,50.310001373291016,49.25,49.58000183105469,49.25,3899600.0,49.25
2010-05-21,50.0099983215332,48.72999954223633,48.90999984741211,48.97999954223633,5046900.0,48.97999954223633
2010-05-24,48.970001220703125,48.22999954223633,48.77000045776367,48.27000045776367,3856200.0,48.27000045776367
2010-05-25,48.43000030517578,47.099998474121094,47.77000045776367,48.349998474121094,2739100.0,48.349998474121094
2010-05-26,48.7400016784668,47.31999969482422,48.09000015258789,47.36000061035156,3773700.0,47.36000061035156
2010-05-27,48.29999923706055,47.400001525878906,47.939998626708984,48.279998779296875,3515600.0,48.279998779296875
2010-05-28,48.439998626708984,47.43000030517578,48.13999938964844,47.43000030517578,4610200.0,47.43000030517578
2010-06-01,48.099998474121094,46.97999954223633,47.25,47.220001220703125,3682400.0,47.220001220703125
2010-06-02,48.43000030517578,46.97999954223633,47.20000076293945,48.349998474121094,3027200.0,48.349998474121094
2010-06-03,49.34000015258789,48.09000015258789,48.25,49.25,3064500.0,49.25
2010-06-04,48.84000015258789,47.77000045776367,48.5,47.84000015258789,3961400.0,47.84000015258789
2010-06-07,48.27000045776367,47.630001068115234,48.04999923706055,47.63999938964844,2879100.0,47.63999938964844
2010-06-08,48.22999954223633,46.560001373291016,48.20000076293945,46.849998474121094,4041700.0,46.849998474121094
2010-06-09,47.810001373291016,46.369998931884766,47.099998474121094,47.08000183105469,2906800.0,47.08000183105469
2010-06-10,48.2599983215332,47.290000915527344,47.720001220703125,48.13999938964844,2922000.0,48.13999938964844
2010-06-11,47.619998931884766,45.959999084472656,47.38999938964844,46.220001220703125,5927500.0,46.220001220703125
2010-06-14,47.47999954223633,46.380001068115234,46.43000030517578,46.790000915527344,3087000.0,46.790000915527344
2010-06-15,48.18000030517578,46.93000030517578,47.119998931884766,48.119998931884766,3091400.0,48.119998931884766
2010-06-16,48.470001220703125,47.77000045776367,47.91999816894531,48.349998474121094,1993200.0,48.349998474121094
2010-06-17,49.09000015258789,48.220001220703125,48.220001220703125,49.0099983215332,2752600.0,49.0099983215332
2010-06-18,50.150001525878906,49.099998474121094,49.119998931884766,49.86000061035156,5777600.0,49.86000061035156
2010-06-21,50.279998779296875,49.38999938964844,50.02000045776367,49.4900016784668,2623600.0,49.4900016784668
2010-06-22,50.54999923706055,49.459999084472656,49.72999954223633,49.540000915527344,2456700.0,49.540000915527344
2010-06-23,49.880001068115234,49.220001220703125,49.439998626708984,49.689998626708984,1805400.0,49.689998626708984
2010-06-24,49.880001068115234,49.06999969482422,49.459999084472656,49.380001068115234,1879900.0,49.380001068115234
2010-06-25,50.279998779296875,49.18000030517578,49.5,49.56999969482422,8681200.0,49.56999969482422
2010-06-28,49.939998626708984,48.810001373291016,49.58000183105469,49.56999969482422,1759200.0,49.56999969482422
2010-06-29,49.09000015258789,48.09000015258789,49.040000915527344,48.70000076293945,2757200.0,48.70000076293945
2010-06-30,49.04999923706055,47.43000030517578,48.5099983215332,47.45000076293945,3765500.0,47.45000076293945
2010-07-01,47.7599983215332,46.150001525878906,47.70000076293945,46.72999954223633,4042500.0,46.72999954223633
2010-07-02,50.90999984741211,47.5,47.5,49.41999816894531,9247400.0,49.41999816894531
2010-07-06,49.68000030517578,48.09000015258789,49.68000030517578,48.380001068115234,4234800.0,48.380001068115234
2010-07-07,49.90999984741211,48.18000030517578,48.349998474121094,49.84000015258789,2683700.0,49.84000015258789
2010-07-08,51.0,49.849998474121094,49.959999084472656,50.849998474121094,2883400.0,50.849998474121094
2010-07-09,51.77000045776367,50.75,51.09000015258789,51.709999084472656,2697400.0,51.709999084472656
2010-07-12,52.0,51.04999923706055,51.09000015258789,51.65999984741211,1949100.0,51.65999984741211
2010-07-13,52.959999084472656,51.86000061035156,51.869998931884766,52.68000030517578,2178100.0,52.68000030517578
2010-07-14,53.0,52.290000915527344,52.400001525878906,52.970001220703125,1766100.0,52.970001220703125
2010-07-15,53.58000183105469,52.619998931884766,52.9900016784668,53.43000030517578,2423500.0,53.43000030517578
2010-07-16,53.779998779296875,51.84000015258789,53.290000915527344,51.86000061035156,3174900.0,51.86000061035156
2010-07-19,53.31999969482422,51.77000045776367,52.060001373291016,53.18000030517578,2853100.0,53.18000030517578
2010-07-20,54.130001068115234,51.7400016784668,52.650001525878906,54.02000045776367,4645500.0,54.02000045776367
2010-07-21,56.400001525878906,53.59000015258789,54.150001525878906,54.970001220703125,6481500.0,54.970001220703125
2010-07-22,56.4900016784668,55.11000061035156,55.18000030517578,56.16999816894531,3925200.0,56.16999816894531
2010-07-23,56.47999954223633,52.400001525878906,55.880001068115234,53.470001220703125,7235500.0,53.470001220703125
2010-07-26,58.15999984741211,53.90999984741211,53.90999984741211,57.88999938964844,7694200.0,57.88999938964844
2010-07-27,58.060001373291016,56.630001068115234,57.61000061035156,57.75,5557900.0,57.75
2010-07-28,57.75,55.88999938964844,57.58000183105469,55.91999816894531,7050200.0,55.91999816894531
2010-07-29,57.0,55.459999084472656,56.36000061035156,56.529998779296875,3652700.0,56.529998779296875
2010-07-30,56.29999923706055,54.209999084472656,54.619998931884766,55.880001068115234,5111700.0,55.880001068115234
2010-08-02,57.31999969482422,56.45000076293945,56.59000015258789,57.189998626708984,2673700.0,57.189998626708984
2010-08-03,57.869998931884766,56.959999084472656,57.25,57.34000015258789,3250100.0,57.34000015258789
2010-08-04,57.900001525878906,56.849998474121094,57.22999954223633,57.38999938964844,2730700.0,57.38999938964844
2010-08-05,57.54999923706055,56.77000045776367,57.40999984741211,57.15999984741211,1959600.0,57.15999984741211
2010-08-06,57.72999954223633,56.029998779296875,56.619998931884766,57.65999984741211,2118100.0,57.65999984741211
2010-08-09,57.880001068115234,57.209999084472656,57.880001068115234,57.58000183105469,1382200.0,57.58000183105469
2010-08-10,58.15999984741211,56.279998779296875,57.20000076293945,57.86000061035156,1877000.0,57.86000061035156
2010-08-11,57.369998931884766,55.58000183105469,57.150001525878906,55.79999923706055,2862600.0,55.79999923706055
2010-08-12,57.060001373291016,55.13999938964844,55.13999938964844,56.61000061035156,2313100.0,56.61000061035156
2010-08-13,56.43000030517578,55.68000030517578,56.08000183105469,55.939998626708984,2013500.0,55.939998626708984
2010-08-16,56.029998779296875,55.15999984741211,55.790000915527344,55.849998474121094,1725400.0,55.849998474121094
2010-08-17,57.380001068115234,55.880001068115234,56.25,56.90999984741211,1954300.0,56.90999984741211
2010-08-18,57.130001068115234,55.849998474121094,56.27000045776367,56.52000045776367,1629000.0,56.52000045776367
2010-08-19,56.279998779296875,54.68000030517578,56.209999084472656,55.060001373291016,2326000.0,55.060001373291016
2010-08-20,55.66999816894531,54.52000045776367,55.16999816894531,55.380001068115234,2368500.0,55.380001068115234
2010-08-23,56.09000015258789,54.75,55.470001220703125,54.90999984741211,1166600.0,54.90999984741211
2010-08-24,54.689998626708984,53.599998474121094,54.66999816894531,53.84000015258789,1780600.0,53.84000015258789
2010-08-25,55.72999954223633,53.59000015258789,53.68000030517578,55.369998931884766,3220400.0,55.369998931884766
2010-08-26,55.5,53.81999969482422,55.5,53.90999984741211,2401300.0,53.90999984741211
2010-08-27,54.91999816894531,53.13999938964844,54.0,54.599998474121094,1704400.0,54.599998474121094
2010-08-30,54.83000183105469,53.7599983215332,54.31999969482422,53.91999816894531,1325100.0,53.91999816894531
2010-08-31,54.29999923706055,53.2400016784668,53.79999923706055,53.79999923706055,2015500.0,53.79999923706055
2010-09-01,55.630001068115234,53.970001220703125,54.47999954223633,55.310001373291016,1559900.0,55.310001373291016
2010-09-02,55.4900016784668,54.65999984741211,55.22999954223633,55.25,1358200.0,55.25
2010-09-03,56.25,55.349998474121094,55.65999984741211,56.2400016784668,1489400.0,56.2400016784668
2010-09-07,56.439998626708984,55.66999816894531,55.97999954223633,56.13999938964844,2493000.0,56.13999938964844
2010-09-08,57.27000045776367,56.279998779296875,56.29999923706055,57.150001525878906,2202200.0,57.150001525878906
2010-09-09,57.439998626708984,56.599998474121094,57.22999954223633,57.0099983215332,2217400.0,57.0099983215332
2010-09-10,57.86000061035156,56.95000076293945,57.2599983215332,57.68000030517578,1145300.0,57.68000030517578
2010-09-13,58.0,57.470001220703125,57.849998474121094,57.810001373291016,1464100.0,57.810001373291016
2010-09-14,58.09000015258789,57.33000183105469,57.5,57.90999984741211,1549100.0,57.90999984741211
2010-09-15,58.52000045776367,57.45000076293945,57.45000076293945,58.41999816894531,1814000.0,58.41999816894531
2010-09-16,58.63999938964844,57.45000076293945,58.369998931884766,57.66999816894531,1809300.0,57.66999816894531
2010-09-17,58.33000183105469,57.54999923706055,57.7599983215332,57.91999816894531,3223900.0,57.91999816894531
2010-09-20,58.220001220703125,57.2599983215332,58.0,57.79999923706055,2348000.0,57.79999923706055
2010-09-21,58.279998779296875,57.209999084472656,57.63999938964844,58.22999954223633,2373200.0,58.22999954223633
2010-09-22,56.099998474121094,54.47999954223633,54.79999923706055,54.86000061035156,8035500.0,54.86000061035156
2010-09-23,55.79999923706055,54.130001068115234,54.619998931884766,55.2400016784668,3208000.0,55.2400016784668
2010-09-24,56.779998779296875,55.65999984741211,55.77000045776367,56.41999816894531,2946600.0,56.41999816894531
2010-09-27,56.33000183105469,54.7400016784668,56.25,54.790000915527344,2294000.0,54.790000915527344
2010-09-28,56.20000076293945,54.380001068115234,55.16999816894531,55.41999816894531,2833700.0,55.41999816894531
2010-09-29,55.7400016784668,54.93000030517578,55.47999954223633,55.36000061035156,2482200.0,55.36000061035156
2010-09-30,56.34000015258789,55.470001220703125,55.709999084472656,56.119998931884766,2945000.0,56.119998931884766
2010-10-01,56.54999923706055,55.630001068115234,56.0,56.529998779296875,2598400.0,56.529998779296875
2010-10-04,57.4900016784668,56.40999984741211,56.75,56.65999984741211,2498100.0,56.65999984741211
2010-10-05,57.86000061035156,56.65999984741211,56.9900016784668,57.529998779296875,2021600.0,57.529998779296875
2010-10-06,57.34000015258789,56.20000076293945,57.31999969482422,56.630001068115234,2112700.0,56.630001068115234
2010-10-07,57.380001068115234,56.220001220703125,56.630001068115234,57.2400016784668,1490200.0,57.2400016784668
2010-10-08,58.20000076293945,56.91999816894531,57.04999923706055,57.59000015258789,2185400.0,57.59000015258789
2010-10-11,57.63999938964844,56.83000183105469,57.4900016784668,57.060001373291016,1316300.0,57.060001373291016
2010-10-12,57.099998474121094,55.97999954223633,57.060001373291016,56.93000030517578,1753700.0,56.93000030517578
2010-10-13,57.4900016784668,56.72999954223633,56.9900016784668,57.189998626708984,1364000.0,57.189998626708984
2010-10-14,57.2400016784668,56.4900016784668,56.93000030517578,56.97999954223633,1461500.0,56.97999954223633
2010-10-15,57.66999816894531,56.66999816894531,57.2400016784668,57.65999984741211,2364300.0,57.65999984741211
2010-10-18,58.54999923706055,57.2599983215332,57.380001068115234,58.529998779296875,1589000.0,58.529998779296875
2010-10-19,58.880001068115234,57.72999954223633,58.38999938964844,58.27000045776367,2128900.0,58.27000045776367
2010-10-20,59.209999084472656,57.72999954223633,58.02000045776367,58.65999984741211,2185000.0,58.65999984741211
2010-10-21,58.75,57.58000183105469,58.52000045776367,58.310001373291016,1524900.0,58.310001373291016
2010-10-22,58.970001220703125,58.150001525878906,58.540000915527344,58.75,1348600.0,58.75
2010-10-25,60.189998626708984,59.0099983215332,59.130001068115234,59.900001525878906,3173600.0,59.900001525878906
2010-10-26,60.099998474121094,58.29999923706055,59.25,59.9900016784668,3342400.0,59.9900016784668
2010-10-27,62.630001068115234,59.65999984741211,59.7599983215332,62.47999954223633,3936800.0,62.47999954223633
2010-10-28,64.91999816894531,62.2599983215332,62.599998474121094,63.849998474121094,5739200.0,63.849998474121094
2010-10-29,64.05999755859375,62.630001068115234,63.58000183105469,62.709999084472656,3419300.0,62.709999084472656
2010-11-01,63.5,62.40999984741211,62.88999938964844,62.54999923706055,2261000.0,62.54999923706055
2010-11-02,63.31999969482422,62.59000015258789,63.15999984741211,63.0,1820400.0,63.0
2010-11-03,63.33000183105469,62.66999816894531,63.09000015258789,63.0,2670400.0,63.0
2010-11-04,62.97999954223633,61.81999969482422,62.31999969482422,62.5,3722900.0,62.5
2010-11-05,62.79999923706055,61.81999969482422,62.4900016784668,62.779998779296875,2732900.0,62.779998779296875
2010-11-08,63.16999816894531,62.119998931884766,62.45000076293945,63.029998779296875,1983500.0,63.029998779296875
2010-11-09,63.40999984741211,62.720001220703125,62.90999984741211,63.38999938964844,2550800.0,63.38999938964844
2010-11-10,64.97000122070312,62.9900016784668,63.279998779296875,64.94999694824219,4247500.0,64.94999694824219
2010-11-11,65.43000030517578,64.20999908447266,64.69999694824219,64.7300033569336,2513700.0,64.7300033569336
2010-11-12,64.61000061035156,63.560001373291016,64.22000122070312,64.5,2209400.0,64.5
2010-11-15,66.43000030517578,64.73999786376953,64.8499984741211,65.45999908447266,2652900.0,65.45999908447266
2010-11-16,65.52999877929688,63.560001373291016,63.560001373291016,64.33000183105469,1950600.0,64.33000183105469
2010-11-17,64.91999816894531,63.939998626708984,64.26000213623047,64.5199966430664,1466700.0,64.5199966430664
2010-11-18,65.5999984741211,64.5199966430664,64.62000274658203,64.77999877929688,1667800.0,64.77999877929688
2010-11-19,65.44000244140625,64.62000274658203,64.87999725341797,64.91000366210938,2030700.0,64.91000366210938
2010-11-22,65.38999938964844,64.20999908447266,64.8499984741211,64.86000061035156,1324700.0,64.86000061035156
2010-11-23,64.80999755859375,63.58000183105469,64.56999969482422,63.81999969482422,1608400.0,63.81999969482422
2010-11-24,65.68000030517578,64.4000015258789,64.44999694824219,65.33000183105469,1618100.0,65.33000183105469
2010-11-26,65.5199966430664,64.8499984741211,65.0,65.33000183105469,673400.0,65.33000183105469
2010-11-29,65.0,63.77000045776367,64.80000305175781,64.72000122070312,1578200.0,64.72000122070312
2010-11-30,64.54000091552734,63.849998474121094,64.05999755859375,63.970001220703125,3320300.0,63.970001220703125
2010-12-01,66.06999969482422,64.62999725341797,64.88999938964844,65.37000274658203,2421900.0,65.37000274658203
2010-12-02,67.08999633789062,65.3499984741211,65.51000213623047,67.08000183105469,1706600.0,67.08000183105469
2010-12-03,67.30999755859375,66.55999755859375,66.93000030517578,67.0,1465300.0,67.0
2010-12-06,67.08000183105469,66.27999877929688,66.83999633789062,66.70999908447266,1023500.0,66.70999908447266
2010-12-07,67.2699966430664,66.81999969482422,67.19999694824219,67.11000061035156,1722100.0,67.11000061035156
2010-12-08,67.62999725341797,67.02999877929688,67.30000305175781,67.36000061035156,1639000.0,67.36000061035156
2010-12-09,66.79000091552734,65.0,65.05000305175781,66.37000274658203,2839100.0,66.37000274658203
2010-12-10,66.69999694824219,66.20999908447266,66.30000305175781,66.30000305175781,1786200.0,66.30000305175781
2010-12-13,66.41999816894531,65.79000091552734,66.19000244140625,65.88999938964844,1793300.0,65.88999938964844
2010-12-14,66.30999755859375,65.5199966430664,66.13999938964844,65.73999786376953,2164900.0,65.73999786376953
2010-12-15,66.2699966430664,65.29000091552734,65.44000244140625,66.05999755859375,2649500.0,66.05999755859375
2010-12-16,68.0,65.83999633789062,65.94999694824219,67.91999816894531,1967800.0,67.91999816894531
2010-12-17,68.5999984741211,67.75,67.91000366210938,68.13999938964844,4457500.0,68.13999938964844
2010-12-20,68.37999725341797,67.30999755859375,68.23999786376953,67.9800033569336,1666700.0,67.9800033569336
2010-12-21,68.4800033569336,68.0,68.20999908447266,68.22000122070312,1040000.0,68.22000122070312
2010-12-22,68.25,67.62000274658203,68.05999755859375,67.69999694824219,1079400.0,67.69999694824219
2010-12-23,67.73999786376953,67.0199966430664,67.54000091552734,67.22000122070312,1228500.0,67.22000122070312
2010-12-27,67.29000091552734,66.36000061035156,67.19000244140625,66.91999816894531,959300.0,66.91999816894531
2010-12-28,67.19999694824219,66.52999877929688,66.86000061035156,66.63999938964844,866400.0,66.63999938964844
2010-12-29,66.94999694824219,66.58999633789062,66.87000274658203,66.63999938964844,752600.0,66.63999938964844
2010-12-30,66.97000122070312,66.44999694824219,66.44999694824219,66.80000305175781,1031400.0,66.80000305175781
2010-12-31,67.25,66.44999694824219,66.83000183105469,67.05000305175781,1146500.0,67.05000305175781
2011-01-03,68.13999938964844,66.97000122070312,67.68000030517578,67.19999694824219,1791900.0,67.19999694824219
2011-01-04,67.01000213623047,65.80000305175781,67.0,66.4000015258789,1964800.0,66.4000015258789
2011-01-05,67.04000091552734,65.95999908447266,66.1500015258789,66.68000030517578,2452300.0,66.68000030517578
2011-01-06,67.70999908447266,66.62999725341797,66.63999938964844,67.26000213623047,1559000.0,67.26000213623047
2011-01-07,67.58999633789062,66.95999908447266,67.55000305175781,67.37999725341797,1097300.0,67.37999725341797
2011-01-10,67.33000183105469,66.69999694824219,66.91999816894531,66.9000015258789,1053400.0,66.9000015258789
2011-01-11,68.33000183105469,66.79000091552734,66.98999786376953,68.30000305175781,1602100.0,68.30000305175781
2011-01-12,67.9000015258789,67.19999694824219,67.9000015258789,67.4000015258789,1272100.0,67.4000015258789
2011-01-13,67.79000091552734,67.19000244140625,67.43000030517578,67.5199966430664,1471300.0,67.5199966430664
2011-01-14,67.5,66.45999908447266,67.30999755859375,66.56999969482422,1626800.0,66.56999969482422
2011-01-18,67.11000061035156,66.0,66.55000305175781,67.01000213623047,2138000.0,67.01000213623047
2011-01-19,66.83999633789062,65.91000366210938,66.79000091552734,66.23999786376953,1549000.0,66.23999786376953
2011-01-20,68.98999786376953,66.36000061035156,66.36000061035156,68.77999877929688,3184900.0,68.77999877929688
2011-01-21,67.33999633789062,66.2699966430664,66.58999633789062,66.7699966430664,3451900.0,66.7699966430664
2011-01-24,68.25,66.54000091552734,66.66000366210938,67.13999938964844,1749900.0,67.13999938964844
2011-01-25,67.23999786376953,66.48999786376953,67.06999969482422,66.83999633789062,1966500.0,66.83999633789062
2011-01-26,67.86000061035156,66.6500015258789,67.0199966430664,67.5,1642900.0,67.5
2011-01-27,67.61000061035156,67.08000183105469,67.33999633789062,67.08999633789062,1338500.0,67.08999633789062
2011-01-28,67.4800033569336,64.8499984741211,67.30000305175781,65.08000183105469,2319100.0,65.08000183105469
2011-01-31,65.94000244140625,64.27999877929688,65.56999969482422,65.47000122070312,2181200.0,65.47000122070312
2011-02-01,68.0,65.12999725341797,67.75,65.48999786376953,4033400.0,65.48999786376953
2011-02-02,66.27999877929688,64.91999816894531,65.27999877929688,66.1500015258789,1541100.0,66.1500015258789
2011-02-03,66.20999908447266,65.12000274658203,66.16999816894531,65.58000183105469,1440900.0,65.58000183105469
2011-02-04,65.93000030517578,64.61000061035156,65.63999938964844,65.93000030517578,1638900.0,65.93000030517578
2011-02-07,66.12999725341797,65.19999694824219,65.87999725341797,65.25,1586200.0,65.25
2011-02-08,66.16000366210938,64.7699966430664,65.13999938964844,66.1500015258789,1802800.0,66.1500015258789
2011-02-09,66.12999725341797,65.4800033569336,65.9800033569336,66.0,2105800.0,66.0
2011-02-10,66.3499984741211,65.83000183105469,66.0,66.22000122070312,1589100.0,66.22000122070312
2011-02-11,66.11000061035156,65.38999938964844,65.8499984741211,65.83000183105469,1257000.0,65.83000183105469
2011-02-14,67.29000091552734,65.66000366210938,65.66000366210938,67.2699966430664,1761600.0,67.2699966430664
2011-02-15,67.19000244140625,66.70999908447266,66.87999725341797,67.08999633789062,2147400.0,67.08999633789062
2011-02-16,67.4800033569336,66.83000183105469,67.16999816894531,67.36000061035156,1587400.0,67.36000061035156
2011-02-17,67.94999694824219,66.69000244140625,67.01000213623047,67.6500015258789,1092900.0,67.6500015258789
2011-02-18,67.87000274658203,67.12999725341797,67.54000091552734,67.63999938964844,1882000.0,67.63999938964844
2011-02-22,68.18000030517578,67.06999969482422,67.29000091552734,67.08999633789062,1974600.0,67.08999633789062
2011-02-23,67.63999938964844,66.75,67.16999816894531,66.76000213623047,2355400.0,66.76000213623047
2011-02-24,67.72000122070312,66.79000091552734,67.2300033569336,67.26000213623047,1952500.0,67.26000213623047
2011-02-25,68.25,67.3499984741211,67.41999816894531,67.77999877929688,1394800.0,67.77999877929688
2011-02-28,68.5,67.73999786376953,67.80000305175781,68.4000015258789,2027000.0,68.4000015258789
2011-03-01,70.7300033569336,68.26000213623047,68.41000366210938,70.18000030517578,3840800.0,70.18000030517578
2011-03-02,70.45999908447266,69.0,69.7300033569336,70.0,1938700.0,70.0
2011-03-03,71.94999694824219,70.04000091552734,70.05000305175781,71.41999816894531,1815500.0,71.41999816894531
2011-03-04,71.76000213623047,70.62999725341797,71.25,71.1500015258789,1387400.0,71.1500015258789
2011-03-07,71.87999725341797,70.44999694824219,71.41000366210938,71.23999786376953,1999200.0,71.23999786376953
2011-03-08,72.0,70.83000183105469,71.30999755859375,71.5999984741211,1688400.0,71.5999984741211
2011-03-09,71.83000183105469,70.98999786376953,71.33000183105469,71.73999786376953,1031900.0,71.73999786376953
2011-03-10,71.41000366210938,70.0999984741211,71.05000305175781,70.5999984741211,1632000.0,70.5999984741211
2011-03-11,71.3499984741211,70.47000122070312,70.62000274658203,71.0,1321400.0,71.0
2011-03-14,71.5,70.11000061035156,70.45999908447266,70.6500015258789,1546500.0,70.6500015258789
2011-03-15,69.94999694824219,68.80999755859375,69.2699966430664,69.55999755859375,1608500.0,69.55999755859375
2011-03-16,69.68000030517578,68.30999755859375,69.13999938964844,68.69999694824219,2325100.0,68.69999694824219
2011-03-17,69.70999908447266,69.12000274658203,69.4000015258789,69.25,1164500.0,69.25
2011-03-18,70.26000213623047,69.25,69.43000030517578,69.52999877929688,2608800.0,69.52999877929688
2011-03-21,70.54000091552734,69.52999877929688,70.0,69.61000061035156,1506200.0,69.61000061035156
2011-03-22,70.12999725341797,69.12999725341797,69.58000183105469,69.76000213623047,1794200.0,69.76000213623047
2011-03-23,70.30999755859375,69.19000244140625,69.72000122070312,70.06999969482422,1458200.0,70.06999969482422
2011-03-24,71.44999694824219,69.6500015258789,70.16999816894531,71.2699966430664,1349900.0,71.2699966430664
2011-03-25,71.93000030517578,71.19999694824219,71.55000305175781,71.19999694824219,1482000.0,71.19999694824219
2011-03-28,71.31999969482422,70.37999725341797,71.16999816894531,70.54000091552734,1243800.0,70.54000091552734
2011-03-29,71.23999786376953,70.38999938964844,70.41000366210938,71.0999984741211,1393000.0,71.0999984741211
2011-03-30,72.19999694824219,71.44999694824219,71.4800033569336,71.9000015258789,2167100.0,71.9000015258789
2011-03-31,73.52999877929688,71.9000015258789,71.94999694824219,73.47000122070312,2508600.0,73.47000122070312
2011-04-01,73.66000366210938,72.80000305175781,73.58999633789062,72.95999908447266,1923300.0,72.95999908447266
2011-04-04,73.31999969482422,72.97000122070312,73.25,73.2699966430664,1083200.0,73.2699966430664
2011-04-05,73.98999786376953,72.9000015258789,72.9000015258789,73.25,1481600.0,73.25
2011-04-06,74.19999694824219,73.4000015258789,73.56999969482422,73.5999984741211,1353400.0,73.5999984741211
2011-04-07,73.94999694824219,72.69999694824219,73.31999969482422,73.02999877929688,1589600.0,73.02999877929688
2011-04-08,73.6500015258789,72.97000122070312,73.37000274658203,73.29000091552734,1428900.0,73.29000091552734
2011-04-11,78.75,76.4000015258789,76.70999908447266,78.55000305175781,6893400.0,78.55000305175781
2011-04-12,79.2300033569336,78.16000366210938,78.98999786376953,78.19000244140625,2744300.0,78.19000244140625
2011-04-13,81.01000213623047,78.19000244140625,78.19000244140625,80.95999908447266,3985900.0,80.95999908447266
2011-04-14,82.2300033569336,79.93000030517578,80.41000366210938,82.19000244140625,2958800.0,82.19000244140625
2011-04-15,83.0999984741211,81.23999786376953,82.2300033569336,82.95999908447266,2312700.0,82.95999908447266
2011-04-18,82.75,81.26000213623047,82.20999908447266,82.61000061035156,2179200.0,82.61000061035156
2011-04-19,83.98999786376953,82.61000061035156,82.87999725341797,83.98999786376953,1945900.0,83.98999786376953
2011-04-20,86.56999969482422,84.41000366210938,84.41000366210938,86.56999969482422,2784400.0,86.56999969482422
2011-04-21,106.98999786376953,99.30000305175781,100.0,99.69999694824219,16442600.0,99.69999694824219
2011-04-25,100.43000030517578,99.22000122070312,99.70999908447266,100.27999877929688,5867200.0,100.27999877929688
2011-04-26,106.19000244140625,99.4000015258789,99.77999877929688,101.80000305175781,5200000.0,101.80000305175781
2011-04-27,102.87999725341797,98.95999908447266,102.05999755859375,99.48999786376953,3937300.0,99.48999786376953
2011-04-28,99.77999877929688,98.08000183105469,99.66999816894531,98.97000122070312,3400000.0,98.97000122070312
2011-04-29,99.30999755859375,97.13999938964844,98.88999938964844,97.6500015258789,4231500.0,97.6500015258789
2011-05-02,99.19000244140625,96.36000061035156,97.44000244140625,98.66999816894531,2665800.0,98.66999816894531
2011-05-03,98.9000015258789,97.63999938964844,98.2300033569336,97.98999786376953,1802800.0,97.98999786376953
2011-05-04,97.97000122070312,95.08000183105469,97.55999755859375,96.4800033569336,2619600.0,96.4800033569336
2011-05-05,97.58999633789062,95.11000061035156,95.83999633789062,95.47000122070312,1900000.0,95.47000122070312
2011-05-06,97.87999725341797,95.97000122070312,96.48999786376953,96.12000274658203,2254300.0,96.12000274658203
2011-05-09,98.93000030517578,96.0,96.30999755859375,98.0999984741211,1766000.0,98.0999984741211
2011-05-10,98.70999908447266,96.52999877929688,98.58000183105469,97.33999633789062,1765900.0,97.33999633789062
2011-05-11,97.5,95.29000091552734,97.29000091552734,96.58999633789062,1600000.0,96.58999633789062
2011-05-12,98.4800033569336,95.63999938964844,96.36000061035156,98.23999786376953,1800000.0,98.23999786376953
2011-05-13,98.6500015258789,96.11000061035156,98.0999984741211,96.61000061035156,1484600.0,96.61000061035156
2011-05-16,97.41999816894531,95.80999755859375,96.04000091552734,96.13999938964844,2492900.0,96.13999938964844
2011-05-17,97.91000366210938,95.52999877929688,95.52999877929688,97.56999969482422,1978100.0,97.56999969482422
2011-05-18,97.93000030517578,96.9000015258789,97.41000366210938,97.76000213623047,1690700.0,97.76000213623047
2011-05-19,98.47000122070312,96.56999969482422,98.41000366210938,96.72000122070312,1506400.0,96.72000122070312
2011-05-20,98.25,96.80000305175781,96.80000305175781,97.11000061035156,2741300.0,97.11000061035156
2011-05-23,96.22000122070312,94.9000015258789,96.05999755859375,95.30999755859375,1500000.0,95.30999755859375
2011-05-24,95.70999908447266,94.30999755859375,95.30999755859375,94.8499984741211,1328000.0,94.8499984741211
2011-05-25,94.76000213623047,93.16999816894531,94.54000091552734,93.66999816894531,1531200.0,93.66999816894531
2011-05-26,93.62999725341797,92.29000091552734,93.31999969482422,93.27999877929688,1834300.0,93.27999877929688
2011-05-27,94.05000305175781,93.02999877929688,93.30999755859375,93.20999908447266,1197400.0,93.20999908447266
2011-05-31,94.77999877929688,93.08000183105469,93.95999908447266,94.7300033569336,2377700.0,94.7300033569336
2011-06-01,94.5199966430664,93.18000030517578,94.36000061035156,93.18000030517578,2317900.0,93.18000030517578
2011-06-02,95.5199966430664,93.01000213623047,93.4000015258789,95.16999816894531,1735000.0,95.16999816894531
2011-06-03,96.08000183105469,93.5199966430664,93.95999908447266,94.4000015258789,1366900.0,94.4000015258789
2011-06-06,94.69999694824219,93.11000061035156,93.7699966430664,93.16000366210938,1283800.0,93.16000366210938
2011-06-07,94.04000091552734,92.58999633789062,93.43000030517578,93.30000305175781,1004400.0,93.30000305175781
2011-06-08,93.27999877929688,92.12000274658203,92.33999633789062,92.80000305175781,1132200.0,92.80000305175781
2011-06-09,94.06999969482422,92.19000244140625,93.0,93.72000122070312,1115700.0,93.72000122070312
2011-06-10,93.43000030517578,91.19999694824219,93.43000030517578,91.20999908447266,1742500.0,91.20999908447266
2011-06-13,92.31999969482422,91.08000183105469,91.2300033569336,91.77999877929688,1047000.0,91.77999877929688
2011-06-14,95.12999725341797,92.0999984741211,92.48999786376953,94.87999725341797,2444700.0,94.87999725341797
2011-06-15,95.31999969482422,93.08000183105469,93.88999938964844,93.76000213623047,2060600.0,93.76000213623047
2011-06-16,94.58000183105469,92.63999938964844,94.0999984741211,93.52999877929688,1274600.0,93.52999877929688
2011-06-17,96.12999725341797,94.2300033569336,94.73999786376953,94.75,3107000.0,94.75
2011-06-20,100.4800033569336,98.23999786376953,99.56999969482422,98.5999984741211,3620400.0,98.5999984741211
2011-06-21,101.83000183105469,98.27999877929688,100.54000091552734,98.6500015258789,5583900.0,98.6500015258789
2011-06-22,100.66999816894531,98.9000015258789,99.79000091552734,99.47000122070312,5334200.0,99.47000122070312
2011-06-23,100.77999877929688,97.80000305175781,98.63999938964844,100.66999816894531,3107500.0,100.66999816894531
2011-06-24,103.52999877929688,99.5999984741211,100.02999877929688,103.41999816894531,8324400.0,103.41999816894531
2011-06-27,104.76000213623047,102.5999984741211,102.86000061035156,104.6500015258789,3247500.0,104.6500015258789
2011-06-28,108.5199966430664,104.62999725341797,104.9000015258789,108.38999938964844,3148200.0,108.38999938964844
2011-06-29,109.62999725341797,107.61000061035156,108.4800033569336,108.9800033569336,3775900.0,108.9800033569336
2011-06-30,109.45999908447266,106.7300033569336,109.16000366210938,106.91999816894531,1938900.0,106.91999816894531
2011-07-01,108.63999938964844,106.91999816894531,107.3499984741211,108.5,1707400.0,108.5
2011-07-05,109.13999938964844,107.55999755859375,108.62000274658203,107.91000366210938,1337800.0,107.91000366210938
2011-07-06,108.0999984741211,106.7300033569336,106.7300033569336,107.88999938964844,1492500.0,107.88999938964844
2011-07-07,108.87999725341797,106.4000015258789,108.7300033569336,106.5199966430664,1889900.0,106.5199966430664
2011-07-08,107.55999755859375,105.81999969482422,107.04000091552734,107.38999938964844,1726600.0,107.38999938964844
2011-07-11,107.63999938964844,104.9000015258789,106.3499984741211,105.43000030517578,1270200.0,105.43000030517578
2011-07-12,106.33000183105469,103.98999786376953,105.83999633789062,104.05000305175781,1583400.0,104.05000305175781
2011-07-13,106.19999694824219,104.05000305175781,104.7300033569336,105.30999755859375,1524600.0,105.30999755859375
2011-07-14,106.2300033569336,103.05999755859375,105.47000122070312,103.19000244140625,1318000.0,103.19000244140625
2011-07-15,104.69000244140625,102.55000305175781,102.72000122070312,104.0,1589900.0,104.0
2011-07-18,103.98999786376953,102.36000061035156,103.6500015258789,103.75,1367900.0,103.75
2011-07-19,107.33000183105469,104.12000274658203,104.13999938964844,107.20999908447266,1550800.0,107.20999908447266
2011-07-20,106.98999786376953,104.12999725341797,106.98999786376953,104.37000274658203,1411400.0,104.37000274658203
2011-07-21,106.05999755859375,104.44000244140625,104.4800033569336,105.62000274658203,1267200.0,105.62000274658203
2011-07-22,106.05000305175781,104.88999938964844,105.54000091552734,105.55999755859375,1145700.0,105.55999755859375
2011-07-25,106.81999969482422,103.97000122070312,105.3499984741211,103.98999786376953,2932300.0,103.98999786376953
2011-07-26,106.0,104.11000061035156,104.11000061035156,105.0,2369500.0,105.0
2011-07-27,106.05000305175781,101.5,104.20999908447266,101.80999755859375,2525300.0,101.80999755859375
2011-07-28,104.04000091552734,101.0199966430664,101.29000091552734,102.1500015258789,1335900.0,102.1500015258789
2011-07-29,102.75,99.54000091552734,101.76000213623047,101.87000274658203,1745300.0,101.87000274658203
2011-08-01,105.9800033569336,101.87999725341797,105.91000366210938,102.9000015258789,2898800.0,102.9000015258789
2011-08-02,104.16000366210938,99.54000091552734,102.04000091552734,99.66999816894531,2795000.0,99.66999816894531
2011-08-03,99.9800033569336,95.41999816894531,99.51000213623047,98.77999877929688,2431200.0,98.77999877929688
2011-08-04,97.68000030517578,92.5,97.37000274658203,92.55000305175781,2959600.0,92.55000305175781
2011-08-05,94.5,90.23999786376953,93.19000244140625,93.18000030517578,2767200.0,93.18000030517578
2011-08-08,93.87000274658203,87.13999938964844,91.29000091552734,88.0,3713800.0,88.0
2011-08-09,90.55999755859375,83.83000183105469,86.91000366210938,89.43000030517578,3684600.0,89.43000030517578
2011-08-10,88.36000061035156,84.94000244140625,86.5,85.02999877929688,2722500.0,85.02999877929688
2011-08-11,89.44000244140625,84.22000122070312,85.36000061035156,88.41000366210938,2332300.0,88.41000366210938
2011-08-12,91.22000122070312,87.3499984741211,88.37999725341797,90.9800033569336,2530500.0,90.9800033569336
2011-08-15,92.69999694824219,90.37999725341797,91.33999633789062,91.66999816894531,1838100.0,91.66999816894531
2011-08-16,92.33999633789062,90.25,91.36000061035156,91.0999984741211,1576500.0,91.0999984741211
2011-08-17,92.1500015258789,89.38999938964844,91.56999969482422,90.02999877929688,1943100.0,90.02999877929688
2011-08-18,89.38999938964844,86.86000061035156,88.44999694824219,88.45999908447266,2353800.0,88.45999908447266
2011-08-19,92.4000015258789,87.1500015258789,87.94999694824219,90.05000305175781,3529900.0,90.05000305175781
2011-08-22,92.20999908447266,88.87000274658203,91.51000213623047,89.41000366210938,1813100.0,89.41000366210938
2011-08-23,92.11000061035156,87.3499984741211,89.68000030517578,91.23999786376953,2669200.0,91.23999786376953
2011-08-24,92.12999725341797,89.6500015258789,90.73999786376953,92.05000305175781,1712900.0,92.05000305175781
2011-08-25,93.62999725341797,90.04000091552734,92.12999725341797,90.66999816894531,1557800.0,90.66999816894531
2011-08-26,92.54000091552734,88.23999786376953,90.06999969482422,92.29000091552734,1493400.0,92.29000091552734
2011-08-29,94.29000091552734,92.08000183105469,93.16000366210938,93.88999938964844,1468100.0,93.88999938964844
2011-08-30,94.23999786376953,92.7300033569336,93.06999969482422,93.5999984741211,1309600.0,93.5999984741211
2011-08-31,94.70999908447266,92.87999725341797,94.13999938964844,94.19999694824219,1572000.0,94.19999694824219
2011-09-01,95.47000122070312,93.0199966430664,94.0199966430664,93.61000061035156,1205400.0,93.61000061035156
2011-09-02,93.61000061035156,91.3499984741211,92.3499984741211,91.58000183105469,975800.0,91.58000183105469
2011-09-06,92.06999969482422,89.04000091552734,89.16999816894531,91.91000366210938,1733700.0,91.91000366210938
2011-09-07,93.37999725341797,91.58000183105469,92.98999786376953,93.0,1835700.0,93.0
2011-09-08,92.5,91.04000091552734,92.18000030517578,91.55000305175781,2221000.0,91.55000305175781
2011-09-09,92.33999633789062,90.12999725341797,91.33999633789062,90.23999786376953,2015900.0,90.23999786376953
2011-09-12,92.0199966430664,89.37000274658203,89.37000274658203,91.98999786376953,1838800.0,91.98999786376953
2011-09-13,94.62000274658203,91.98999786376953,92.47000122070312,94.5199966430664,2427000.0,94.5199966430664
2011-09-14,99.06999969482422,94.44000244140625,95.19000244140625,97.83999633789062,3210600.0,97.83999633789062
2011-09-15,99.68000030517578,98.13999938964844,99.08999633789062,99.4000015258789,2136800.0,99.4000015258789
2011-09-16,102.01000213623047,99.56999969482422,100.0,100.88999938964844,3524400.0,100.88999938964844
2011-09-19,100.4000015258789,98.43000030517578,99.63999938964844,99.4800033569336,1853100.0,99.4800033569336
2011-09-20,101.76000213623047,99.38999938964844,100.05000305175781,100.26000213623047,1462900.0,100.26000213623047
2011-09-21,100.80000305175781,96.86000061035156,99.97000122070312,96.95999908447266,1586100.0,96.95999908447266
2011-09-22,95.94000244140625,93.23999786376953,94.44000244140625,94.54000091552734,1883000.0,94.54000091552734
2011-09-23,95.0999984741211,92.77999877929688,93.93000030517578,93.9000015258789,1392600.0,93.9000015258789
2011-09-26,96.16999816894531,93.08999633789062,94.3499984741211,95.7300033569336,1767000.0,95.7300033569336
2011-09-27,99.33999633789062,96.13999938964844,96.13999938964844,96.66999816894531,1641500.0,96.66999816894531
2011-09-28,98.66999816894531,95.0,97.25,95.04000091552734,1048200.0,95.04000091552734
2011-09-29,97.13999938964844,91.83999633789062,96.31999969482422,94.45999908447266,1692200.0,94.45999908447266
2011-09-30,94.43000030517578,92.12000274658203,93.69000244140625,93.1500015258789,1498300.0,93.1500015258789
2011-10-03,93.58999633789062,88.63999938964844,92.55000305175781,88.95999908447266,2133800.0,88.95999908447266
2011-10-04,91.94000244140625,87.72000122070312,88.5999984741211,91.66000366210938,2309300.0,91.66000366210938
2011-10-05,98.75,92.18000030517578,92.55000305175781,98.70999908447266,3880800.0,98.70999908447266
2011-10-06,100.0,97.2300033569336,98.26000213623047,99.41000366210938,3047200.0,99.41000366210938
2011-10-07,100.7699966430664,98.23999786376953,99.91999816894531,100.01000213623047,2051000.0,100.01000213623047
2011-10-10,101.19999694824219,99.94999694824219,101.02999877929688,100.68000030517578,1576700.0,100.68000030517578
2011-10-11,100.4000015258789,98.58999633789062,100.4000015258789,98.91999816894531,1306200.0,98.91999816894531
2011-10-12,101.44000244140625,98.54000091552734,99.11000061035156,98.76000213623047,1916200.0,98.76000213623047
2011-10-13,102.30999755859375,98.11000061035156,98.45999908447266,101.31999969482422,2194800.0,101.31999969482422
2011-10-14,103.0999984741211,99.70999908447266,102.05000305175781,103.08000183105469,2081400.0,103.08000183105469
2011-10-17,103.06999969482422,101.12000274658203,102.4800033569336,101.43000030517578,1230600.0,101.43000030517578
2011-10-18,103.08000183105469,100.52999877929688,101.66000366210938,102.63999938964844,1345400.0,102.63999938964844
2011-10-19,103.95999908447266,101.37000274658203,103.08000183105469,102.08000183105469,1646300.0,102.08000183105469
2011-10-20,104.25,99.08000183105469,102.76000213623047,101.66999816894531,1608300.0,101.66999816894531
2011-10-21,108.95999908447266,103.73999786376953,104.70999908447266,108.83999633789062,4402500.0,108.83999633789062
2011-10-24,109.95999908447266,106.93000030517578,108.62999725341797,109.5199966430664,2287800.0,109.5199966430664
2011-10-25,109.8499984741211,106.5999984741211,109.45999908447266,106.87000274658203,2103700.0,106.87000274658203
2011-10-26,119.75,114.27999877929688,115.93000030517578,116.91999816894531,5169800.0,116.91999816894531
2011-10-27,118.69999694824219,114.87000274658203,118.5,117.73999786376953,3483400.0,117.73999786376953
2011-10-28,120.66000366210938,116.55000305175781,117.73999786376953,118.72000122070312,2143300.0,118.72000122070312
2011-10-31,119.33999633789062,116.33000183105469,118.72000122070312,116.36000061035156,3357900.0,116.36000061035156
2011-11-01,115.5,113.2699966430664,114.37000274658203,113.95999908447266,2724500.0,113.95999908447266
2011-11-02,115.30000305175781,112.48999786376953,114.94000244140625,113.43000030517578,2341600.0,113.43000030517578
2011-11-03,114.86000061035156,113.19999694824219,114.29000091552734,114.05000305175781,2775500.0,114.05000305175781
2011-11-04,114.04000091552734,112.08999633789062,113.52999877929688,113.48999786376953,1591200.0,113.48999786376953
2011-11-07,114.5999984741211,112.25,113.26000213623047,114.01000213623047,1266100.0,114.01000213623047
2011-11-08,114.93000030517578,112.45999908447266,114.22000122070312,113.91999816894531,1158700.0,113.91999816894531
2011-11-09,113.5,110.70999908447266,112.04000091552734,111.23999786376953,1751600.0,111.23999786376953
2011-11-10,113.06999969482422,111.23999786376953,112.37999725341797,112.08000183105469,1587400.0,112.08000183105469
2011-11-11,114.22000122070312,112.86000061035156,113.05000305175781,113.37999725341797,1122000.0,113.37999725341797
2011-11-14,114.1500015258789,112.0199966430664,112.56999969482422,113.94000244140625,1295400.0,113.94000244140625
2011-11-15,113.91999816894531,112.33000183105469,113.2300033569336,113.06999969482422,1309100.0,113.06999969482422
2011-11-16,112.5,110.19999694824219,112.22000122070312,110.29000091552734,1480200.0,110.29000091552734
2011-11-17,111.01000213623047,108.44999694824219,109.8499984741211,109.62999725341797,1680200.0,109.62999725341797
2011-11-18,109.27999877929688,107.4000015258789,109.27999877929688,107.6500015258789,1889800.0,107.6500015258789
2011-11-21,108.77999877929688,106.30999755859375,107.18000030517578,107.88999938964844,1653700.0,107.88999938964844
2011-11-22,113.70999908447266,107.41000366210938,107.68000030517578,113.5,2597500.0,113.5
2011-11-23,113.37999725341797,109.93000030517578,112.37999725341797,109.93000030517578,1995700.0,109.93000030517578
2011-11-25,110.23999786376953,108.9000015258789,108.9000015258789,109.19999694824219,864800.0,109.19999694824219
2011-11-28,111.43000030517578,110.20999908447266,111.1500015258789,111.05000305175781,1788500.0,111.05000305175781
2011-11-29,111.27999877929688,110.04000091552734,110.80000305175781,110.41000366210938,1583600.0,110.41000366210938
2011-11-30,115.0999984741211,112.20999908447266,112.7699966430664,114.94999694824219,1879300.0,114.94999694824219
2011-12-01,116.5,114.19000244140625,114.94999694824219,116.4800033569336,1326500.0,116.4800033569336
2011-12-02,117.55000305175781,112.70999908447266,117.05999755859375,113.23999786376953,1704800.0,113.23999786376953
2011-12-05,114.98999786376953,111.63999938964844,114.86000061035156,111.79000091552734,1554700.0,111.79000091552734
2011-12-06,112.88999938964844,111.31999969482422,112.30999755859375,112.13999938964844,940200.0,112.13999938964844
2011-12-07,112.43000030517578,110.01000213623047,111.72000122070312,111.76000213623047,1004200.0,111.76000213623047
2011-12-08,111.9000015258789,109.5199966430664,111.31999969482422,109.70999908447266,855800.0,109.70999908447266
2011-12-09,113.48999786376953,109.63999938964844,109.94000244140625,112.94999694824219,1343400.0,112.94999694824219
2011-12-12,111.7300033569336,109.83000183105469,111.72000122070312,110.38999938964844,1007900.0,110.38999938964844
2011-12-13,112.04000091552734,109.94000244140625,110.86000061035156,110.08999633789062,1186900.0,110.08999633789062
2011-12-14,111.5999984741211,109.16000366210938,109.79000091552734,109.62999725341797,1498200.0,109.62999725341797
2011-12-15,110.6500015258789,109.05000305175781,110.22000122070312,109.7300033569336,1321800.0,109.7300033569336
2011-12-16,111.58999633789062,109.8499984741211,110.66000366210938,110.29000091552734,1910100.0,110.29000091552734
2011-12-19,112.93000030517578,109.80000305175781,110.87999725341797,109.98999786376953,1516300.0,109.98999786376953
2011-12-20,112.33000183105469,110.5199966430664,111.52999877929688,110.7300033569336,2222000.0,110.7300033569336
2011-12-21,111.95999908447266,110.4800033569336,110.51000213623047,111.48999786376953,2061700.0,111.48999786376953
2011-12-22,111.93000030517578,110.04000091552734,111.33000183105469,110.69000244140625,876500.0,110.69000244140625
2011-12-23,111.44999694824219,110.16999816894531,111.44999694824219,110.79000091552734,736200.0,110.79000091552734
2011-12-27,112.36000061035156,110.41000366210938,110.41000366210938,111.31999969482422,772200.0,111.31999969482422
2011-12-28,111.94999694824219,109.72000122070312,111.52999877929688,110.19999694824219,844900.0,110.19999694824219
2011-12-29,110.76000213623047,109.22000122070312,110.19000244140625,110.63999938964844,1100500.0,110.63999938964844
2011-12-30,111.08999633789062,110.05000305175781,110.41000366210938,110.05000305175781,938200.0,110.05000305175781
2012-01-03,115.01000213623047,111.44000244140625,111.44000244140625,113.5,1990800.0,113.5
2012-01-04,114.29000091552734,112.70999908447266,113.69999694824219,113.72000122070312,1417800.0,113.72000122070312
2012-01-05,115.94999694824219,113.25,113.75,115.26000213623047,2312300.0,115.26000213623047
2012-01-06,116.73999786376953,114.48999786376953,115.0,115.5,1763300.0,115.5
2012-01-09,116.66000366210938,114.87000274658203,115.6500015258789,114.87000274658203,1530300.0,114.87000274658203
2012-01-10,116.18000030517578,114.31999969482422,115.5199966430664,114.87999725341797,1458600.0,114.87999725341797
2012-01-11,116.94999694824219,114.47000122070312,114.9000015258789,115.70999908447266,2587100.0,115.70999908447266
2012-01-12,116.41000366210938,114.87000274658203,115.72000122070312,116.30000305175781,1817100.0,116.30000305175781
2012-01-13,117.9800033569336,115.36000061035156,116.0,116.02999877929688,1404800.0,116.02999877929688
2012-01-17,117.79000091552734,116.33000183105469,117.66000366210938,116.9000015258789,1666000.0,116.9000015258789
2012-01-18,117.44000244140625,116.19999694824219,116.43000030517578,117.1500015258789,1813900.0,117.1500015258789
2012-01-19,117.52999877929688,116.2699966430664,116.83000183105469,116.77999877929688,1694500.0,116.77999877929688
2012-01-20,119.55999755859375,116.86000061035156,117.0,118.13999938964844,3396400.0,118.13999938964844
2012-01-23,118.25,115.81999969482422,118.11000061035156,116.30999755859375,1690600.0,116.30999755859375
2012-01-24,117.2699966430664,115.97000122070312,115.97000122070312,117.02999877929688,1900200.0,117.02999877929688
2012-01-25,118.61000061035156,116.43000030517578,116.58999633789062,118.3499984741211,1847200.0,118.3499984741211
2012-01-26,118.9800033569336,117.2300033569336,118.91000366210938,117.8499984741211,1651700.0,117.8499984741211
2012-01-27,119.5,118.18000030517578,118.3499984741211,118.55999755859375,1551600.0,118.55999755859375
2012-01-30,117.26000213623047,115.0199966430664,116.94000244140625,116.58000183105469,2297300.0,116.58000183105469
2012-01-31,119.30000305175781,115.54000091552734,116.0,117.94999694824219,2615600.0,117.94999694824219
2012-02-01,122.83000183105469,118.3499984741211,118.45999908447266,121.26000213623047,3018200.0,121.26000213623047
2012-02-02,123.2300033569336,120.52999877929688,121.1500015258789,121.26000213623047,1512300.0,121.26000213623047
2012-02-03,122.77999877929688,121.05999755859375,122.23999786376953,121.87999725341797,1198500.0,121.87999725341797
2012-02-06,122.27999877929688,120.31999969482422,121.02999877929688,122.08999633789062,1263300.0,122.08999633789062
2012-02-07,121.98999786376953,119.68000030517578,121.98999786376953,121.55999755859375,1215800.0,121.55999755859375
2012-02-08,122.11000061035156,118.0199966430664,121.5,119.5999984741211,1700300.0,119.5999984741211
2012-02-09,120.04000091552734,116.62999725341797,120.04000091552734,117.77999877929688,2101200.0,117.77999877929688
2012-02-10,118.16000366210938,116.44000244140625,116.9800033569336,118.13999938964844,1043300.0,118.13999938964844
2012-02-13,120.0199966430664,118.01000213623047,118.01000213623047,120.0,1802100.0,120.0
2012-02-14,120.08000183105469,118.12000274658203,118.61000061035156,119.69999694824219,1029400.0,119.69999694824219
2012-02-15,120.16999816894531,118.3499984741211,120.05000305175781,118.48999786376953,985800.0,118.48999786376953
2012-02-16,120.43000030517578,118.54000091552734,119.08000183105469,119.16999816894531,934200.0,119.16999816894531
2012-02-17,118.9000015258789,116.22000122070312,118.86000061035156,116.44999694824219,1889900.0,116.44999694824219
2012-02-21,116.62000274658203,115.25,116.44999694824219,115.66999816894531,1556800.0,115.66999816894531
2012-02-22,116.6500015258789,115.27999877929688,115.38999938964844,116.51000213623047,955600.0,116.51000213623047
2012-02-23,117.9000015258789,115.9000015258789,116.2300033569336,116.69999694824219,836900.0,116.69999694824219
2012-02-24,117.9000015258789,115.5199966430664,115.52999877929688,116.38999938964844,964800.0,116.38999938964844
2012-02-27,117.2300033569336,114.52999877929688,115.43000030517578,116.4000015258789,836800.0,116.4000015258789
2012-02-28,116.98999786376953,115.02999877929688,115.02999877929688,116.68000030517578,1326300.0,116.68000030517578
2012-02-29,117.95999908447266,115.48999786376953,115.51000213623047,116.47000122070312,1572000.0,116.47000122070312
2012-03-01,118.91999816894531,116.01000213623047,116.01000213623047,118.70999908447266,1236400.0,118.70999908447266
2012-03-02,119.20999908447266,118.08000183105469,118.12999725341797,118.88999938964844,997100.0,118.88999938964844
2012-03-05,119.94000244140625,116.97000122070312,118.16000366210938,118.41999816894531,1198300.0,118.41999816894531
2012-03-06,119.12999725341797,116.30000305175781,117.83000183105469,117.02999877929688,793000.0,117.02999877929688
2012-03-07,117.43000030517578,116.44000244140625,116.86000061035156,117.0,728500.0,117.0
2012-03-08,120.79000091552734,117.05999755859375,117.12999725341797,120.41999816894531,1782200.0,120.41999816894531
2012-03-09,121.16999816894531,119.5,120.95999908447266,120.61000061035156,1330900.0,120.61000061035156
2012-03-12,121.63999938964844,119.76000213623047,120.83000183105469,120.52999877929688,866500.0,120.52999877929688
2012-03-13,122.22000122070312,120.56999969482422,120.9800033569336,122.18000030517578,1232000.0,122.18000030517578
2012-03-14,121.93000030517578,119.11000061035156,121.66999816894531,120.7300033569336,1202400.0,120.7300033569336
2012-03-15,121.4800033569336,120.02999877929688,120.5,121.05000305175781,1095500.0,121.05000305175781
2012-03-16,121.69000244140625,119.58000183105469,120.41999816894531,120.04000091552734,2196700.0,120.04000091552734
2012-03-19,120.4800033569336,119.56999969482422,120.0,119.97000122070312,732800.0,119.97000122070312
2012-03-20,119.9800033569336,118.91999816894531,119.8499984741211,119.27999877929688,953900.0,119.27999877929688
2012-03-21,120.80999755859375,118.5199966430664,118.87999725341797,119.94000244140625,1152200.0,119.94000244140625
2012-03-22,120.95999908447266,119.0,119.70999908447266,120.70999908447266,711500.0,120.70999908447266
2012-03-23,121.37000274658203,120.05999755859375,121.22000122070312,120.95999908447266,626100.0,120.95999908447266
2012-03-26,125.80999755859375,121.83999633789062,122.01000213623047,125.80000305175781,1727200.0,125.80000305175781
2012-03-27,127.8499984741211,125.80999755859375,126.33999633789062,126.2300033569336,1897700.0,126.2300033569336
2012-03-28,127.37000274658203,124.47000122070312,126.16000366210938,125.69000244140625,1282300.0,125.69000244140625
2012-03-29,126.72000122070312,125.01000213623047,125.01000213623047,126.4800033569336,946800.0,126.4800033569336
2012-03-30,127.3499984741211,125.18000030517578,127.3499984741211,126.0,1338600.0,126.0
2012-04-02,127.93000030517578,125.0,126.11000061035156,127.62999725341797,854400.0,127.62999725341797
2012-04-03,128.8699951171875,126.80000305175781,126.80000305175781,128.8000030517578,911200.0,128.8000030517578
2012-04-04,130.0,127.55000305175781,129.99000549316406,127.81999969482422,1520700.0,127.81999969482422
2012-04-05,128.82000732421875,126.72000122070312,127.13999938964844,128.6199951171875,862100.0,128.6199951171875
2012-04-09,127.62000274658203,125.98999786376953,126.81999969482422,126.61000061035156,700000.0,126.61000061035156
2012-04-10,126.83999633789062,124.37999725341797,126.16000366210938,125.0199966430664,1087000.0,125.0199966430664
2012-04-11,127.55000305175781,125.02999877929688,125.72000122070312,125.02999877929688,1793000.0,125.02999877929688
2012-04-12,126.19000244140625,124.69000244140625,125.37000274658203,125.5,907400.0,125.5
2012-04-13,126.19999694824219,124.79000091552734,125.08000183105469,125.33999633789062,825800.0,125.33999633789062
2012-04-16,126.7699966430664,124.2300033569336,126.08000183105469,125.77999877929688,1106200.0,125.77999877929688
2012-04-17,128.99000549316406,126.01000213623047,126.02999877929688,128.4199981689453,1313100.0,128.4199981689453
2012-04-18,128.63999938964844,126.5199966430664,127.79000091552734,126.54000091552734,900700.0,126.54000091552734
2012-04-19,128.72999572753906,125.77999877929688,126.4000015258789,125.94999694824219,978700.0,125.94999694824219
2012-04-20,128.91000366210938,126.16000366210938,126.6500015258789,127.2300033569336,1279500.0,127.2300033569336
2012-04-23,126.97000122070312,124.87999725341797,126.93000030517578,125.8499984741211,626000.0,125.8499984741211
2012-04-24,128.92999267578125,125.83000183105469,125.8499984741211,127.73999786376953,1317700.0,127.73999786376953
2012-04-25,130.80999755859375,127.4000015258789,128.08999633789062,129.2899932861328,1151200.0,129.2899932861328
2012-04-26,130.9199981689453,128.99000549316406,129.44000244140625,130.8000030517578,1019000.0,130.8000030517578
2012-04-27,133.5399932861328,130.30999755859375,131.47000122070312,133.16000366210938,1322700.0,133.16000366210938
2012-04-30,134.5,132.42999267578125,132.86000061035156,134.00999450683594,1947400.0,134.00999450683594
2012-05-01,134.6699981689453,129.9199981689453,131.61000061035156,131.8300018310547,2154300.0,131.8300018310547
2012-05-02,135.38999938964844,131.19000244140625,131.19000244140625,135.16000366210938,1515300.0,135.16000366210938
2012-05-03,135.83999633789062,133.58999633789062,135.52000427246094,134.25999450683594,1270200.0,134.25999450683594
2012-05-04,133.32000732421875,130.52000427246094,132.99000549316406,130.97000122070312,1070200.0,130.97000122070312
2012-05-07,133.08999633789062,130.1300048828125,130.50999450683594,132.50999450683594,1108200.0,132.50999450683594
2012-05-08,133.05999755859375,130.85000610351562,131.60000610351562,132.92999267578125,1273900.0,132.92999267578125
2012-05-09,133.00999450683594,131.0500030517578,132.39999389648438,132.50999450683594,1416000.0,132.50999450683594
2012-05-10,134.74000549316406,132.88999938964844,133.36000061035156,134.30999755859375,881000.0,134.30999755859375
2012-05-11,137.5,134.22999572753906,134.27000427246094,136.7100067138672,1189000.0,136.7100067138672
2012-05-14,137.67999267578125,135.5399932861328,135.8699951171875,136.8699951171875,934300.0,136.8699951171875
2012-05-15,137.5,135.9199981689453,136.3000030517578,137.0399932861328,1251400.0,137.0399932861328
2012-05-16,138.49000549316406,136.19000244140625,137.77000427246094,136.8000030517578,1394200.0,136.8000030517578
2012-05-17,137.6999969482422,132.8699951171875,136.92999267578125,132.8800048828125,1519600.0,132.8800048828125
2012-05-18,133.3300018310547,130.4600067138672,133.05999755859375,131.5800018310547,1838700.0,131.5800018310547
2012-05-21,132.74000549316406,131.30999755859375,132.1999969482422,132.25999450683594,1479600.0,132.25999450683594
2012-05-22,134.42999267578125,131.94000244140625,132.3300018310547,132.3300018310547,1344000.0,132.3300018310547
2012-05-23,132.88999938964844,130.8800048828125,131.97000122070312,131.5,1500000.0,131.5
2012-05-24,132.6199951171875,130.8300018310547,131.0800018310547,131.64999389648438,1069600.0,131.64999389648438
2012-05-25,132.89999389648438,131.07000732421875,132.25,131.55999755859375,757200.0,131.55999755859375
2012-05-29,133.7100067138672,131.1699981689453,132.5399932861328,131.5399932861328,1345800.0,131.5399932861328
2012-05-30,131.8300018310547,130.25,130.9199981689453,130.83999633789062,1272200.0,130.83999633789062
2012-05-31,131.42999267578125,129.47999572753906,130.47999572753906,130.75,1449100.0,130.75
2012-06-01,130.83999633789062,126.68000030517578,128.88999938964844,126.7300033569336,1335900.0,126.7300033569336
2012-06-04,130.91000366210938,126.38999938964844,126.44999694824219,130.7899932861328,1510000.0,130.7899932861328
2012-06-05,132.97000122070312,129.7899932861328,130.25999450683594,132.42999267578125,1579800.0,132.42999267578125
2012-06-06,134.1199951171875,132.22000122070312,133.1999969482422,134.11000061035156,1061700.0,134.11000061035156
2012-06-07,135.3800048828125,133.19000244140625,134.61000061035156,133.33999633789062,1262000.0,133.33999633789062
2012-06-08,134.44000244140625,132.22999572753906,132.7100067138672,133.52000427246094,919900.0,133.52000427246094
2012-06-11,134.88999938964844,132.00999450683594,134.52000427246094,132.25999450683594,1456200.0,132.25999450683594
2012-06-12,134.49000549316406,132.00999450683594,132.92999267578125,134.14999389648438,1210500.0,134.14999389648438
2012-06-13,136.1699981689453,133.63999938964844,134.61000061035156,134.22000122070312,1189900.0,134.22000122070312
2012-06-14,139.2100067138672,134.3800048828125,134.6699981689453,138.66000366210938,1597300.0,138.66000366210938
2012-06-15,140.67999267578125,138.27000427246094,139.13999938964844,140.00999450683594,1904300.0,140.00999450683594
2012-06-18,142.6699981689453,140.1999969482422,140.47000122070312,141.9600067138672,1846500.0,141.9600067138672
2012-06-19,143.44000244140625,141.86000061035156,142.27999877929688,143.08999633789062,1190200.0,143.08999633789062
2012-06-20,143.4600067138672,142.1300048828125,142.75999450683594,142.85000610351562,1533900.0,142.85000610351562
2012-06-21,143.47999572753906,138.99000549316406,143.1699981689453,139.1999969482422,1368700.0,139.1999969482422
2012-06-22,142.16000366210938,139.14999389648438,139.6199951171875,141.74000549316406,1050700.0,141.74000549316406
2012-06-25,142.3000030517578,140.3800048828125,140.3800048828125,142.02999877929688,900900.0,142.02999877929688
2012-06-26,142.7899932861328,141.5,142.14999389648438,141.97000122070312,862900.0,141.97000122070312
2012-06-27,143.74000549316406,141.75999450683594,142.6999969482422,143.16000366210938,807700.0,143.16000366210938
2012-06-28,142.3300018310547,138.25999450683594,142.00999450683594,140.11000061035156,1119600.0,140.11000061035156
2012-06-29,144.3800048828125,141.0500030517578,142.47000122070312,144.3800048828125,1490300.0,144.3800048828125
2012-07-02,145.66000366210938,143.0399932861328,143.5,145.61000061035156,1202700.0,145.61000061035156
2012-07-03,145.6699981689453,144.67999267578125,145.52999877929688,145.6300048828125,548100.0,145.6300048828125
2012-07-05,145.41000366210938,143.97999572753906,144.72000122070312,144.1199951171875,781000.0,144.1199951171875
2012-07-06,144.9199981689453,141.85000610351562,144.02999877929688,142.4600067138672,831400.0,142.4600067138672
2012-07-09,144.33999633789062,141.5,142.94000244140625,143.16000366210938,1135300.0,143.16000366210938
2012-07-10,145.72999572753906,142.89999389648438,144.36000061035156,143.75,1151000.0,143.75
2012-07-11,143.44000244140625,140.1699981689453,143.3000030517578,142.0,1060100.0,142.0
2012-07-12,142.85000610351562,139.72000122070312,141.27000427246094,142.6300048828125,1345200.0,142.6300048828125
2012-07-13,144.89999389648438,142.35000610351562,143.16000366210938,144.61000061035156,733400.0,144.61000061035156
2012-07-16,145.39999389648438,143.83999633789062,144.1699981689453,145.22000122070312,630800.0,145.22000122070312
2012-07-17,147.49000549316406,143.75999450683594,146.0399932861328,145.91000366210938,823500.0,145.91000366210938
2012-07-18,146.6699981689453,144.80999755859375,145.94000244140625,144.9600067138672,747900.0,144.9600067138672
2012-07-19,144.86000061035156,142.74000549316406,144.86000061035156,143.74000549316406,881800.0,143.74000549316406
2012-07-20,144.38999938964844,142.11000061035156,143.77000427246094,142.2100067138672,1168500.0,142.2100067138672
2012-07-23,142.1199951171875,137.8800048828125,142.1199951171875,139.22999572753906,1128500.0,139.22999572753906
2012-07-24,142.67999267578125,137.9600067138672,142.52000427246094,139.47999572753906,1313300.0,139.47999572753906
2012-07-25,143.8699951171875,138.10000610351562,139.24000549316406,143.4499969482422,1440100.0,143.4499969482422
2012-07-26,148.30999755859375,144.1699981689453,144.44000244140625,147.75,1430000.0,147.75
2012-07-27,150.22999572753906,148.1999969482422,149.0,149.47000122070312,1422300.0,149.47000122070312
2012-07-30,150.2899932861328,146.92999267578125,149.72000122070312,147.27999877929688,864600.0,147.27999877929688
2012-07-31,148.07000732421875,145.66000366210938,146.9499969482422,145.8300018310547,920500.0,145.8300018310547
2012-08-01,147.88999938964844,144.02999877929688,146.3000030517578,144.27999877929688,962200.0,144.27999877929688
2012-08-02,144.61000061035156,141.8800048828125,142.8800048828125,143.8000030517578,1115600.0,143.8000030517578
2012-08-03,147.8699951171875,144.92999267578125,147.00999450683594,145.05999755859375,1002800.0,145.05999755859375
2012-08-06,146.25999450683594,144.57000732421875,145.2899932861328,145.4600067138672,704900.0,145.4600067138672
2012-08-07,146.9199981689453,145.4600067138672,146.0399932861328,146.17999267578125,667600.0,146.17999267578125
2012-08-08,147.57000732421875,144.8300018310547,146.14999389648438,145.0500030517578,709000.0,145.0500030517578
2012-08-09,145.3300018310547,142.72000122070312,144.86000061035156,143.08999633789062,1209800.0,143.08999633789062
2012-08-10,146.32000732421875,143.24000549316406,143.24000549316406,145.50999450683594,880200.0,145.50999450683594
2012-08-13,145.14999389648438,143.17999267578125,145.05999755859375,144.5399932861328,593900.0,144.5399932861328
2012-08-14,145.89999389648438,144.2899932861328,145.02999877929688,145.5,512700.0,145.5
2012-08-15,147.52000427246094,145.02000427246094,145.02999877929688,146.8699951171875,517900.0,146.8699951171875
2012-08-16,147.75,145.85000610351562,147.39999389648438,146.83999633789062,465300.0,146.83999633789062
2012-08-17,147.33999633789062,144.6199951171875,147.33999633789062,145.08999633789062,902000.0,145.08999633789062
2012-08-20,145.19000244140625,143.8000030517578,145.19000244140625,144.69000244140625,694300.0,144.69000244140625
2012-08-21,144.8300018310547,143.27999877929688,144.27000427246094,143.97000122070312,924400.0,143.97000122070312
2012-08-22,145.8000030517578,143.50999450683594,143.8300018310547,144.9199981689453,799200.0,144.9199981689453
2012-08-23,145.6699981689453,144.1300048828125,144.6699981689453,145.14999389648438,519600.0,145.14999389648438
2012-08-24,147.7899932861328,144.8699951171875,144.9199981689453,147.02999877929688,606900.0,147.02999877929688
2012-08-27,147.69000244140625,146.25999450683594,146.77999877929688,147.38999938964844,680500.0,147.38999938964844
2012-08-28,147.3699951171875,146.0,146.94000244140625,146.42999267578125,614700.0,146.42999267578125
2012-08-29,147.2100067138672,145.60000610351562,147.16000366210938,145.88999938964844,689500.0,145.88999938964844
2012-08-30,146.32000732421875,145.0,145.36000061035156,145.9499969482422,588500.0,145.9499969482422
2012-08-31,147.27000427246094,145.52999877929688,147.02999877929688,146.58999633789062,633600.0,146.58999633789062
2012-09-04,147.69000244140625,144.89999389648438,145.89999389648438,147.07000732421875,783100.0,147.07000732421875
2012-09-05,147.74000549316406,145.63999938964844,147.27999877929688,146.6699981689453,626200.0,146.6699981689453
2012-09-06,152.75,147.77000427246094,147.77000427246094,152.19000244140625,1187500.0,152.19000244140625
2012-09-07,153.1999969482422,150.6199951171875,153.07000732421875,152.5,666200.0,152.5
2012-09-10,152.0800018310547,150.0,150.36000061035156,151.60000610351562,593500.0,151.60000610351562
2012-09-11,152.1199951171875,150.0,151.2100067138672,151.9499969482422,576600.0,151.9499969482422
2012-09-12,153.4199981689453,151.85000610351562,152.67999267578125,152.25999450683594,602200.0,152.25999450683594
2012-09-13,153.3800048828125,151.2899932861328,151.85000610351562,152.5,927000.0,152.5
2012-09-14,154.24000549316406,150.64999389648438,152.44000244140625,154.24000549316406,1269400.0,154.24000549316406
2012-09-17,155.35000610351562,153.44000244140625,154.02999877929688,154.41000366210938,1598000.0,154.41000366210938
2012-09-18,156.52000427246094,154.4499969482422,154.75999450683594,155.8000030517578,1075700.0,155.8000030517578
2012-09-19,156.47000122070312,154.58999633789062,155.9600067138672,155.0399932861328,1068600.0,155.0399932861328
2012-09-20,156.57000732421875,153.8699951171875,156.02000427246094,156.05999755859375,1174500.0,156.05999755859375
2012-09-21,156.4600067138672,154.02000427246094,156.30999755859375,154.57000732421875,1690900.0,154.57000732421875
2012-09-24,155.13999938964844,153.0,155.0800018310547,154.39999389648438,832600.0,154.39999389648438
2012-09-25,155.5,152.63999938964844,155.0,152.8300018310547,956300.0,152.8300018310547
2012-09-26,157.17999267578125,151.52000427246094,155.74000549316406,151.6199951171875,1785500.0,151.6199951171875
2012-09-27,153.08999633789062,150.25999450683594,152.1300048828125,150.7100067138672,1743800.0,150.7100067138672
2012-09-28,150.33999633789062,147.89999389648438,150.0,149.2100067138672,1322400.0,149.2100067138672
2012-10-01,152.55999755859375,149.1300048828125,149.16000366210938,149.94000244140625,1089200.0,149.94000244140625
2012-10-02,150.61000061035156,149.16000366210938,149.94000244140625,149.92999267578125,773800.0,149.92999267578125
2012-10-03,152.94000244140625,149.14999389648438,150.0,152.94000244140625,1056800.0,152.94000244140625
2012-10-04,154.5500030517578,152.10000610351562,153.00999450683594,152.57000732421875,995800.0,152.57000732421875
2012-10-05,154.0399932861328,151.8699951171875,152.0,152.52999877929688,965700.0,152.52999877929688
2012-10-08,153.6999969482422,151.10000610351562,152.80999755859375,151.22000122070312,566300.0,151.22000122070312
2012-10-09,152.61000061035156,149.0,151.0399932861328,149.3800048828125,858100.0,149.3800048828125
2012-10-10,151.0399932861328,147.00999450683594,149.63999938964844,147.2899932861328,870800.0,147.2899932861328
2012-10-11,149.47000122070312,146.99000549316406,148.61000061035156,147.10000610351562,1023100.0,147.10000610351562
2012-10-12,149.77999877929688,146.97000122070312,147.50999450683594,147.1999969482422,1084400.0,147.1999969482422
2012-10-15,149.5399932861328,146.8800048828125,147.5,149.41000366210938,992900.0,149.41000366210938
2012-10-16,153.3300018310547,148.99000549316406,149.4199981689453,153.25,973000.0,153.25
2012-10-17,154.91000366210938,152.41000366210938,153.05999755859375,153.77999877929688,813400.0,153.77999877929688
2012-10-18,152.49000549316406,148.35000610351562,152.0,149.55999755859375,2018400.0,149.55999755859375
2012-10-19,151.4600067138672,144.83999633789062,150.02000427246094,145.64999389648438,2151700.0,145.64999389648438
2012-10-22,145.67999267578125,143.3300018310547,145.22999572753906,145.3000030517578,1050700.0,145.3000030517578
2012-10-23,144.0,141.13999938964844,143.75999450683594,142.05999755859375,1055200.0,142.05999755859375
2012-10-24,144.02999877929688,141.5800018310547,142.58999633789062,142.05999755859375,1655200.0,142.05999755859375
2012-10-25,146.4499969482422,144.14999389648438,145.0,144.42999267578125,1381400.0,144.42999267578125
2012-10-26,144.5800018310547,142.02000427246094,143.97000122070312,142.92999267578125,991600.0,142.92999267578125
2012-10-31,143.3300018310547,136.27999877929688,143.14999389648438,138.2100067138672,1829800.0,138.2100067138672
2012-11-01,140.5399932861328,138.2100067138672,139.3000030517578,139.02999877929688,1165300.0,139.02999877929688
2012-11-02,139.3800048828125,137.57000732421875,138.97000122070312,138.41000366210938,1325200.0,138.41000366210938
2012-11-05,140.1999969482422,137.89999389648438,138.02000427246094,139.60000610351562,744500.0,139.60000610351562
2012-11-06,141.6199951171875,139.33999633789062,140.02999877929688,140.3000030517578,990300.0,140.3000030517578
2012-11-07,139.86000061035156,138.25999450683594,139.6199951171875,138.35000610351562,1037600.0,138.35000610351562
2012-11-08,138.1199951171875,135.47999572753906,137.77000427246094,135.61000061035156,1522200.0,135.61000061035156
2012-11-09,138.80999755859375,134.0,135.19000244140625,138.0500030517578,1377500.0,138.0500030517578
2012-11-12,140.9499969482422,138.22000122070312,138.5,139.47999572753906,1132200.0,139.47999572753906
2012-11-13,140.58999633789062,137.72000122070312,139.36000061035156,138.02000427246094,1170800.0,138.02000427246094
2012-11-14,138.44000244140625,135.99000549316406,138.0,136.3000030517578,1098200.0,136.3000030517578
2012-11-15,138.3699951171875,135.5800018310547,136.44000244140625,137.92999267578125,1312400.0,137.92999267578125
2012-11-16,142.0,137.60000610351562,137.60000610351562,141.24000549316406,2349100.0,141.24000549316406
2012-11-19,143.5800018310547,139.83999633789062,141.85000610351562,143.52999877929688,1433500.0,143.52999877929688
2012-11-20,148.19000244140625,142.41000366210938,143.10000610351562,148.14999389648438,1753000.0,148.14999389648438
2012-11-21,149.97000122070312,147.2899932861328,148.69000244140625,147.36000061035156,1409000.0,147.36000061035156
2012-11-23,149.8699951171875,147.32000732421875,148.44000244140625,149.8699951171875,374100.0,149.8699951171875
2012-11-26,149.41000366210938,147.42999267578125,148.6999969482422,149.11000061035156,853100.0,149.11000061035156
2012-11-27,149.9499969482422,147.58999633789062,147.97999572753906,147.8800048828125,696300.0,147.8800048828125
2012-11-28,149.6999969482422,145.5800018310547,147.74000549316406,149.4600067138672,652800.0,149.4600067138672
2012-11-29,151.5,149.5,150.0,150.3000030517578,740500.0,150.3000030517578
2012-11-30,151.0,148.92999267578125,150.7899932861328,149.08999633789062,895600.0,149.08999633789062
2012-12-03,152.02999877929688,149.67999267578125,150.0399932861328,150.5500030517578,851000.0,150.5500030517578
2012-12-04,152.44000244140625,150.10000610351562,150.57000732421875,151.86000061035156,1237700.0,151.86000061035156
2012-12-05,152.66000366210938,150.27000427246094,152.4600067138672,150.5500030517578,736800.0,150.5500030517578
2012-12-06,151.9199981689453,150.5500030517578,150.74000549316406,151.72999572753906,610000.0,151.72999572753906
2012-12-07,152.0,150.4499969482422,151.4600067138672,151.2899932861328,765000.0,151.2899932861328
2012-12-10,153.6199951171875,150.52000427246094,151.60000610351562,153.13999938964844,731100.0,153.13999938964844
2012-12-11,155.3000030517578,153.50999450683594,153.50999450683594,154.22000122070312,1252700.0,154.22000122070312
2012-12-12,154.5,151.97000122070312,154.33999633789062,152.35000610351562,873100.0,152.35000610351562
2012-12-13,153.74000549316406,150.7899932861328,152.61000061035156,151.55999755859375,672200.0,151.55999755859375
2012-12-14,152.5399932861328,150.19000244140625,151.08999633789062,151.25,730700.0,151.25
2012-12-17,153.0399932861328,150.74000549316406,151.86000061035156,152.64999389648438,815200.0,152.64999389648438
2012-12-18,154.0,151.82000732421875,153.3699951171875,153.4199981689453,818300.0,153.4199981689453
2012-12-19,153.61000061035156,150.3000030517578,153.27999877929688,151.30999755859375,1275500.0,151.30999755859375
2012-12-20,151.9499969482422,150.57000732421875,151.22000122070312,151.2100067138672,729700.0,151.2100067138672
2012-12-21,151.16000366210938,148.55999755859375,150.2899932861328,149.91000366210938,1992300.0,149.91000366210938
2012-12-24,149.89999389648438,148.72000122070312,149.13999938964844,149.07000732421875,358000.0,149.07000732421875
2012-12-26,149.35000610351562,147.02999877929688,149.35000610351562,148.42999267578125,507800.0,148.42999267578125
2012-12-27,149.5,146.3300018310547,148.38999938964844,147.75999450683594,1072700.0,147.75999450683594
2012-12-28,148.05999755859375,146.0500030517578,146.97999572753906,146.0500030517578,716300.0,146.0500030517578
2012-12-31,147.0,145.0399932861328,145.83999633789062,146.3699951171875,927900.0,146.3699951171875
2013-01-02,150.97999572753906,148.4600067138672,148.72000122070312,150.0,1581000.0,150.0
2013-01-03,149.0,141.72999572753906,142.25,147.86000061035156,5816600.0,147.86000061035156
2013-01-04,148.4499969482422,145.77000427246094,148.02000427246094,145.92999267578125,1533100.0,145.92999267578125
2013-01-07,146.64999389648438,145.0800018310547,145.2899932861328,146.4199981689453,1121600.0,146.4199981689453
2013-01-08,146.52000427246094,144.08999633789062,145.52999877929688,144.38999938964844,1760100.0,144.38999938964844
2013-01-09,146.8800048828125,143.6999969482422,144.1999969482422,144.0800018310547,2098900.0,144.0800018310547
2013-01-10,144.8000030517578,141.47999572753906,144.41000366210938,143.91000366210938,2119600.0,143.91000366210938
2013-01-11,145.02000427246094,141.02999877929688,143.99000549316406,143.7899932861328,1793500.0,143.7899932861328
2013-01-14,144.49000549316406,143.14999389648438,144.11000061035156,143.8800048828125,1164400.0,143.8800048828125
2013-01-15,143.05999755859375,139.72000122070312,141.5800018310547,143.00999450683594,1391800.0,143.00999450683594
2013-01-16,143.3000030517578,141.75999450683594,142.82000732421875,142.82000732421875,1139900.0,142.82000732421875
2013-01-17,144.17999267578125,142.52999877929688,143.0,143.72000122070312,1499700.0,143.72000122070312
2013-01-18,144.67999267578125,143.16000366210938,143.57000732421875,144.27999877929688,1838400.0,144.27999877929688
2013-01-22,145.0,143.17999267578125,144.0,144.86000061035156,1395800.0,144.86000061035156
2013-01-23,145.3699951171875,143.3300018310547,144.66000366210938,143.5500030517578,1110200.0,143.5500030517578
2013-01-24,146.57000732421875,144.80999755859375,144.97999572753906,146.41000366210938,2116100.0,146.41000366210938
2013-01-25,147.49000549316406,144.5500030517578,146.94000244140625,146.1999969482422,1183000.0,146.1999969482422
2013-01-28,156.94000244140625,147.77000427246094,149.63999938964844,149.99000549316406,2993000.0,149.99000549316406
2013-01-29,154.9600067138672,149.6300048828125,149.66000366210938,153.9199981689453,2203500.0,153.9199981689453
2013-01-30,156.0800018310547,152.9199981689453,153.5399932861328,155.0800018310547,1719000.0,155.0800018310547
2013-01-31,156.8699951171875,154.0399932861328,154.5,156.0800018310547,1337000.0,156.0800018310547
2013-02-01,158.38999938964844,155.16000366210938,157.27999877929688,157.3000030517578,1162000.0,157.3000030517578
2013-02-04,157.27000427246094,155.10000610351562,156.14999389648438,155.72999572753906,1205600.0,155.72999572753906
2013-02-05,157.66000366210938,155.5500030517578,156.30999755859375,157.36000061035156,830100.0,157.36000061035156
2013-02-06,167.35000610351562,160.61000061035156,165.5500030517578,160.97999572753906,2857700.0,160.97999572753906
2013-02-07,162.02999877929688,158.75,161.5399932861328,160.3000030517578,1193200.0,160.3000030517578
2013-02-08,165.8000030517578,162.32000732421875,163.57000732421875,164.44000244140625,1164000.0,164.44000244140625
2013-02-11,165.27999877929688,163.0500030517578,164.50999450683594,163.9600067138672,1036200.0,163.9600067138672
2013-02-12,165.94000244140625,163.32000732421875,163.97999572753906,165.4499969482422,1079900.0,165.4499969482422
2013-02-13,167.2899932861328,163.33999633789062,163.38999938964844,165.91000366210938,1378100.0,165.91000366210938
2013-02-14,165.77000427246094,163.4499969482422,165.6699981689453,164.58999633789062,1203600.0,164.58999633789062
2013-02-15,169.07000732421875,164.39999389648438,165.33999633789062,168.74000549316406,1934000.0,168.74000549316406
2013-02-19,168.89999389648438,165.7899932861328,168.6699981689453,166.80999755859375,1127700.0,166.80999755859375
2013-02-20,168.5500030517578,164.72000122070312,166.77000427246094,164.77000427246094,1540500.0,164.77000427246094
2013-02-21,165.47000122070312,161.97000122070312,164.8000030517578,162.60000610351562,1162500.0,162.60000610351562
2013-02-22,164.6699981689453,162.69000244140625,163.13999938964844,164.39999389648438,746700.0,164.39999389648438
2013-02-25,166.9499969482422,161.25,164.08999633789062,161.36000061035156,1215800.0,161.36000061035156
2013-02-26,163.52000427246094,160.4199981689453,160.64999389648438,161.99000549316406,1381100.0,161.99000549316406
2013-02-27,167.22999572753906,162.74000549316406,163.0,166.05999755859375,1034600.0,166.05999755859375
2013-02-28,168.69000244140625,164.6199951171875,165.60000610351562,166.33999633789062,1212200.0,166.33999633789062
2013-03-01,171.11000061035156,164.4499969482422,165.3000030517578,168.6999969482422,1710900.0,168.6999969482422
2013-03-04,170.02000427246094,165.97999572753906,167.63999938964844,169.9600067138672,1230100.0,169.9600067138672
2013-03-05,173.72000122070312,170.0500030517578,170.0800018310547,171.30999755859375,1371200.0,171.30999755859375
2013-03-06,172.5800018310547,169.99000549316406,171.5399932861328,172.4499969482422,1074000.0,172.4499969482422
2013-03-07,173.0,171.0,172.44000244140625,171.47000122070312,968900.0,171.47000122070312
2013-03-08,172.99000549316406,171.22000122070312,172.41000366210938,172.3800048828125,1165600.0,172.3800048828125
2013-03-11,174.2100067138672,171.4199981689453,171.85000610351562,174.13999938964844,1092200.0,174.13999938964844
2013-03-12,176.47000122070312,173.80999755859375,174.44000244140625,176.0500030517578,1944700.0,176.0500030517578
2013-03-13,176.33999633789062,174.22999572753906,175.6199951171875,176.14999389648438,1191500.0,176.14999389648438
2013-03-14,177.91000366210938,175.91000366210938,176.1999969482422,176.77999877929688,1041800.0,176.77999877929688
2013-03-15,178.17999267578125,175.75999450683594,175.9600067138672,176.77999877929688,2049500.0,176.77999877929688
2013-03-18,176.74000549316406,174.52999877929688,174.80999755859375,175.52000427246094,871000.0,175.52000427246094
2013-03-19,177.5500030517578,174.72000122070312,175.77999877929688,175.61000061035156,1236400.0,175.61000061035156
2013-03-20,178.41000366210938,176.63999938964844,177.05999755859375,178.10000610351562,830800.0,178.10000610351562
2013-03-21,178.3300018310547,176.17999267578125,177.27999877929688,176.5500030517578,1047800.0,176.5500030517578
2013-03-22,178.89999389648438,176.8800048828125,176.8800048828125,178.0,929300.0,178.0
2013-03-25,178.47999572753906,175.6300048828125,178.47999572753906,176.22000122070312,1136600.0,176.22000122070312
2013-03-26,178.1300048828125,175.97999572753906,177.4199981689453,177.08999633789062,1232700.0,177.08999633789062
2013-03-27,184.1699981689453,176.00999450683594,176.52000427246094,182.67999267578125,2458200.0,182.67999267578125
2013-03-28,192.9199981689453,186.36000061035156,186.60000610351562,192.6199951171875,3995000.0,192.6199951171875
2013-04-01,196.77999877929688,191.8000030517578,193.66000366210938,192.77000427246094,2067300.0,192.77000427246094
2013-04-02,199.5399932861328,194.22999572753906,194.94000244140625,198.19000244140625,2039300.0,198.19000244140625
2013-04-03,199.0500030517578,194.16000366210938,198.3800048828125,195.74000549316406,1824400.0,195.74000549316406
2013-04-04,198.8699951171875,194.47999572753906,197.75999450683594,195.67999267578125,1199200.0,195.67999267578125
2013-04-05,193.99000549316406,191.8000030517578,193.0500030517578,193.30999755859375,1317900.0,193.30999755859375
2013-04-08,194.8800048828125,192.3300018310547,193.60000610351562,194.1300048828125,709200.0,194.1300048828125
2013-04-09,195.42999267578125,192.1999969482422,194.50999450683594,193.1699981689453,746400.0,193.1699981689453
2013-04-10,198.44000244140625,193.22000122070312,193.69000244140625,198.33999633789062,887300.0,198.33999633789062
2013-04-11,201.0,197.17999267578125,198.94000244140625,200.25999450683594,884900.0,200.25999450683594
2013-04-12,209.0,201.89999389648438,202.58999633789062,207.00999450683594,1833700.0,207.00999450683594
2013-04-15,207.5,198.50999450683594,206.8800048828125,198.75,1409100.0,198.75
2013-04-16,202.47999572753906,197.74000549316406,201.50999450683594,202.1300048828125,1308100.0,202.1300048828125
2013-04-17,204.75,199.0,200.11000061035156,204.0800018310547,1310000.0,204.0800018310547
2013-04-18,204.17999267578125,197.9199981689453,204.17999267578125,198.66000366210938,978800.0,198.66000366210938
2013-04-19,203.72000122070312,197.5,197.64999389648438,203.27000427246094,942600.0,203.27000427246094
2013-04-22,216.6699981689453,204.36000061035156,204.86000061035156,215.1999969482422,2678300.0,215.1999969482422
2013-04-23,217.8000030517578,211.22999572753906,216.8800048828125,212.75999450683594,1971700.0,212.75999450683594
2013-04-24,212.30999755859375,205.91000366210938,211.92999267578125,206.17999267578125,1584900.0,206.17999267578125
2013-04-25,217.6699981689453,212.10000610351562,212.22999572753906,216.0,1984800.0,216.0
2013-04-26,218.4600067138672,212.52999877929688,215.88999938964844,213.58999633789062,1083400.0,213.58999633789062
2013-04-29,225.0,219.35000610351562,219.7100067138672,223.61000061035156,2066300.0,223.61000061035156
2013-04-30,226.17999267578125,218.2100067138672,223.94000244140625,218.92999267578125,1622000.0,218.92999267578125
2013-05-01,218.38999938964844,214.0,215.38999938964844,214.3300018310547,1236200.0,214.3300018310547
2013-05-02,219.0800018310547,213.25999450683594,214.67999267578125,217.3000030517578,1124500.0,217.3000030517578
2013-05-03,222.5500030517578,217.85000610351562,220.38999938964844,218.85000610351562,922300.0,218.85000610351562
2013-05-06,222.0,215.38999938964844,221.72000122070312,215.72999572753906,942200.0,215.72999572753906
2013-05-07,216.6199951171875,211.6300048828125,214.80999755859375,212.5500030517578,1119600.0,212.5500030517578
2013-05-08,215.6199951171875,209.57000732421875,212.02999877929688,210.7100067138672,1141500.0,210.7100067138672
2013-05-09,212.0399932861328,208.5,210.39999389648438,209.27999877929688,1027600.0,209.27999877929688
2013-05-10,213.3800048828125,209.0500030517578,210.75999450683594,213.22000122070312,1108500.0,213.22000122070312
2013-05-13,222.92999267578125,215.94000244140625,216.5,222.74000549316406,1593200.0,222.74000549316406
2013-05-14,231.99000549316406,222.75,223.39999389648438,229.83999633789062,1972300.0,229.83999633789062
2013-05-15,230.97999572753906,224.5800018310547,228.72999572753906,227.1300048828125,933800.0,227.1300048828125
2013-05-16,228.83999633789062,223.11000061035156,226.67999267578125,227.99000549316406,1592700.0,227.99000549316406
2013-05-17,228.86000061035156,224.60000610351562,228.36000061035156,226.85000610351562,1243900.0,226.85000610351562
2013-05-20,234.4600067138672,224.3300018310547,226.0500030517578,225.17999267578125,1281700.0,225.17999267578125
2013-05-21,234.1999969482422,226.0,226.1699981689453,231.3300018310547,1364500.0,231.3300018310547
2013-05-22,238.8300018310547,230.05999755859375,232.27000427246094,233.07000732421875,1404900.0,233.07000732421875
2013-05-23,235.10000610351562,226.00999450683594,230.25,232.6199951171875,1231200.0,232.6199951171875
2013-05-24,235.39999389648438,229.35000610351562,230.8699951171875,235.24000549316406,825900.0,235.24000549316406
2013-05-28,242.63999938964844,236.27999877929688,237.22999572753906,240.86000061035156,1451800.0,240.86000061035156
2013-05-29,242.17999267578125,238.44000244140625,239.4199981689453,238.99000549316406,1143900.0,238.99000549316406
2013-05-30,241.1199951171875,233.1199951171875,235.82000732421875,238.88999938964844,1268000.0,238.88999938964844
2013-05-31,240.49000549316406,237.00999450683594,237.17999267578125,237.49000549316406,1337300.0,237.49000549316406
2013-06-03,234.6999969482422,220.0800018310547,234.14999389648438,227.38999938964844,2464200.0,227.38999938964844
2013-06-04,225.0,218.3800048828125,224.22000122070312,219.74000549316406,2515100.0,219.74000549316406
2013-06-05,223.60000610351562,209.8699951171875,219.0,214.10000610351562,2335600.0,214.10000610351562
2013-06-06,221.35000610351562,212.8699951171875,214.35000610351562,221.19000244140625,1612200.0,221.19000244140625
2013-06-07,228.10000610351562,223.3000030517578,223.57000732421875,225.02000427246094,1722400.0,225.02000427246094
2013-06-10,226.60000610351562,220.47000122070312,225.80999755859375,222.19000244140625,1020900.0,222.19000244140625
2013-06-11,225.0,218.30999755859375,219.6199951171875,223.02999877929688,1331800.0,223.02999877929688
2013-06-12,218.89999389648438,204.1199951171875,217.6999969482422,206.5500030517578,2778600.0,206.5500030517578
2013-06-13,210.8699951171875,204.55999755859375,205.86000061035156,209.5800018310547,2011600.0,209.5800018310547
2013-06-14,217.64999389648438,208.4199981689453,212.0,211.99000549316406,1569400.0,211.99000549316406
2013-06-17,216.0,206.6199951171875,214.00999450683594,207.75,1650000.0,207.75
2013-06-18,211.6199951171875,206.42999267578125,210.47000122070312,210.8000030517578,1440700.0,210.8000030517578
2013-06-19,211.25999450683594,203.58999633789062,210.47000122070312,203.8000030517578,1213600.0,203.8000030517578
2013-06-20,202.97000122070312,197.6999969482422,201.60000610351562,199.5800018310547,1937200.0,199.5800018310547
2013-06-21,202.97999572753906,194.66000366210938,201.00999450683594,199.07000732421875,3518200.0,199.07000732421875
2013-06-24,203.64999389648438,195.10000610351562,197.8000030517578,200.4600067138672,1820100.0,200.4600067138672
2013-06-25,202.30999755859375,196.69000244140625,201.75,199.14999389648438,1199500.0,199.14999389648438
2013-06-26,209.8699951171875,200.25999450683594,201.57000732421875,208.42999267578125,1477600.0,208.42999267578125
2013-06-27,212.97999572753906,207.82000732421875,209.8000030517578,208.80999755859375,1400700.0,208.80999755859375
2013-06-28,224.6300048828125,215.1300048828125,221.67999267578125,215.1999969482422,3110400.0,215.1999969482422
2013-07-01,223.8000030517578,217.72999572753906,220.25,217.8800048828125,1523000.0,217.8800048828125
2013-07-02,219.27999877929688,215.22000122070312,217.49000549316406,216.64999389648438,1172500.0,216.64999389648438
2013-07-03,218.6699981689453,214.52999877929688,214.99000549316406,217.5,362300.0,217.5
2013-07-05,223.94000244140625,220.1199951171875,220.27000427246094,221.64999389648438,806100.0,221.64999389648438
2013-07-08,225.22000122070312,217.5,223.3800048828125,218.07000732421875,943600.0,218.07000732421875
2013-07-09,220.9199981689453,215.80999755859375,219.1999969482422,219.25999450683594,829100.0,219.25999450683594
2013-07-10,221.50999450683594,216.3800048828125,218.8699951171875,219.6999969482422,857700.0,219.6999969482422
2013-07-11,226.0,220.8300018310547,222.61000061035156,223.3000030517578,1260900.0,223.3000030517578
2013-07-12,226.5399932861328,219.19000244140625,222.52000427246094,226.33999633789062,1360600.0,226.33999633789062
2013-07-15,228.00999450683594,222.5,228.00999450683594,224.3300018310547,810500.0,224.3300018310547
2013-07-16,225.52999877929688,220.02999877929688,223.94000244140625,222.85000610351562,1063500.0,222.85000610351562
2013-07-17,227.1199951171875,223.32000732421875,224.05999755859375,225.10000610351562,1025100.0,225.10000610351562
2013-07-18,226.99000549316406,222.6199951171875,225.3300018310547,223.1199951171875,813700.0,223.1199951171875
2013-07-19,230.6199951171875,220.10000610351562,224.3300018310547,230.27000427246094,1592600.0,230.27000427246094
2013-07-22,234.74000549316406,222.08999633789062,234.69000244140625,231.6699981689453,2486000.0,231.6699981689453
2013-07-23,231.8300018310547,221.91000366210938,231.5500030517578,222.64999389648438,1723300.0,222.64999389648438
2013-07-24,226.97000122070312,221.17999267578125,222.72999572753906,226.61000061035156,1455800.0,226.61000061035156
2013-07-25,233.97000122070312,222.1999969482422,233.52999877929688,227.47999572753906,2392700.0,227.47999572753906
2013-07-26,227.75999450683594,218.16000366210938,226.39999389648438,223.22999572753906,1403400.0,223.22999572753906
2013-07-29,224.11000061035156,215.9600067138672,221.86000061035156,215.9600067138672,1429100.0,215.9600067138672
2013-07-30,217.99000549316406,214.2100067138672,216.97999572753906,216.92999267578125,1798000.0,216.92999267578125
2013-07-31,221.6999969482422,216.05999755859375,217.49000549316406,218.1300048828125,1202900.0,218.1300048828125
2013-08-01,221.5800018310547,218.02999877929688,218.82000732421875,220.1999969482422,1119600.0,220.1999969482422
2013-08-02,227.8000030517578,220.3000030517578,220.3800048828125,227.75999450683594,1529600.0,227.75999450683594
2013-08-05,229.0,225.10000610351562,228.0,227.57000732421875,969800.0,227.57000732421875
2013-08-06,227.36000061035156,221.6999969482422,227.2100067138672,221.82000732421875,771200.0,221.82000732421875
2013-08-07,223.0,217.1300048828125,220.63999938964844,217.75999450683594,1114500.0,217.75999450683594
2013-08-08,220.0,215.8699951171875,219.6999969482422,216.88999938964844,807800.0,216.88999938964844
2013-08-09,217.10000610351562,212.00999450683594,214.75,212.35000610351562,1028900.0,212.35000610351562
2013-08-12,210.7899932861328,203.5500030517578,210.7899932861328,206.88999938964844,1958700.0,206.88999938964844
2013-08-13,213.49000549316406,206.14999389648438,206.8800048828125,211.25,1775900.0,211.25
2013-08-14,214.16000366210938,210.64999389648438,210.92999267578125,211.52000427246094,1054800.0,211.52000427246094
2013-08-15,209.86000061035156,205.72999572753906,209.41000366210938,206.52999877929688,814900.0,206.52999877929688
2013-08-16,208.9199981689453,205.27999877929688,205.61000061035156,206.88999938964844,1252200.0,206.88999938964844
2013-08-19,209.9499969482422,206.83999633789062,207.14999389648438,206.8699951171875,639800.0,206.8699951171875
2013-08-20,209.25,206.24000549316406,206.80999755859375,206.5500030517578,736400.0,206.5500030517578
2013-08-21,210.97999572753906,203.5500030517578,205.61000061035156,208.0800018310547,999500.0,208.0800018310547
2013-08-22,212.77000427246094,208.00999450683594,208.35000610351562,211.47999572753906,612400.0,211.47999572753906
2013-08-23,212.25,210.02000427246094,211.49000549316406,211.3800048828125,608700.0,211.3800048828125
2013-08-26,214.9199981689453,210.99000549316406,212.02000427246094,212.33999633789062,803100.0,212.33999633789062
2013-08-27,211.7100067138672,207.38999938964844,210.08999633789062,207.64999389648438,725900.0,207.64999389648438
2013-08-28,211.2899932861328,206.60000610351562,208.27000427246094,209.7100067138672,809600.0,209.7100067138672
2013-08-29,217.07000732421875,209.02999877929688,209.19000244140625,214.1300048828125,859700.0,214.1300048828125
2013-08-30,214.55999755859375,210.8699951171875,213.99000549316406,213.02000427246094,1002300.0,213.02000427246094
2013-09-03,222.4499969482422,213.0500030517578,216.0,221.7899932861328,1223400.0,221.7899932861328
2013-09-04,231.64999389648438,223.0,223.63999938964844,230.58999633789062,1905400.0,230.58999633789062
2013-09-05,231.72000122070312,226.02000427246094,229.80999755859375,227.6999969482422,1074700.0,227.6999969482422
2013-09-06,230.0,224.42999267578125,229.5,225.17999267578125,1256400.0,225.17999267578125
2013-09-09,229.0,224.94000244140625,226.08999633789062,228.86000061035156,891600.0,228.86000061035156
2013-09-10,230.35000610351562,224.7899932861328,230.0,228.69000244140625,932200.0,228.69000244140625
2013-09-11,236.5399932861328,227.7899932861328,228.5,236.27000427246094,1220800.0,236.27000427246094
2013-09-12,238.5,233.0800018310547,236.77000427246094,234.11000061035156,1112200.0,234.11000061035156
2013-09-13,236.07000732421875,231.5399932861328,234.9499969482422,234.7100067138672,650400.0,234.7100067138672
2013-09-16,240.3800048828125,236.30999755859375,238.02999877929688,239.57000732421875,1042600.0,239.57000732421875
2013-09-17,241.0,236.22999572753906,238.97999572753906,240.0500030517578,797900.0,240.0500030517578
2013-09-18,246.49000549316406,240.0500030517578,245.99000549316406,246.35000610351562,1606300.0,246.35000610351562
2013-09-19,248.9499969482422,244.6199951171875,247.02999877929688,247.97999572753906,1395600.0,247.97999572753906
2013-09-20,248.75,246.0500030517578,248.27999877929688,248.1300048828125,1673300.0,248.1300048828125
2013-09-23,248.39999389648438,241.52000427246094,248.39999389648438,242.6699981689453,1059900.0,242.6699981689453
2013-09-24,243.97000122070312,240.88999938964844,242.4600067138672,243.5399932861328,849100.0,243.5399932861328
2013-09-25,244.36000061035156,241.27000427246094,244.10000610351562,241.50999450683594,872300.0,241.50999450683594
2013-09-26,245.8800048828125,241.47999572753906,241.94000244140625,243.0500030517578,989200.0,243.0500030517578
2013-09-27,245.16000366210938,238.47000122070312,241.22999572753906,244.82000732421875,1118900.0,244.82000732421875
2013-09-30,244.5,240.2899932861328,242.0,240.75999450683594,924500.0,240.75999450683594
2013-10-01,245.75,241.9499969482422,242.85000610351562,244.9199981689453,914800.0,244.9199981689453
2013-10-02,248.32000732421875,243.6300048828125,243.89999389648438,246.22999572753906,849300.0,246.22999572753906
2013-10-03,245.97999572753906,233.5,244.7100067138672,233.83999633789062,1683000.0,233.83999633789062
2013-10-04,241.4499969482422,235.39999389648438,236.38999938964844,240.3000030517578,1326000.0,240.3000030517578
2013-10-07,240.91000366210938,235.58999633789062,237.47000122070312,236.58999633789062,911400.0,236.58999633789062
2013-10-08,237.75,225.11000061035156,235.3699951171875,225.5,1556400.0,225.5
2013-10-09,228.14999389648438,221.07000732421875,226.9600067138672,223.85000610351562,1429600.0,223.85000610351562
2013-10-10,234.85000610351562,227.5,228.25999450683594,234.1699981689453,1185000.0,234.1699981689453
2013-10-11,238.64999389648438,233.25999450683594,233.97000122070312,234.8000030517578,895300.0,234.8000030517578
2013-10-14,238.97000122070312,231.02000427246094,232.64999389648438,238.83999633789062,701800.0,238.83999633789062
2013-10-15,239.07000732421875,236.19000244140625,237.69000244140625,236.47000122070312,765700.0,236.47000122070312
2013-10-16,241.8800048828125,236.35000610351562,236.57000732421875,241.17999267578125,1149400.0,241.17999267578125
2013-10-17,247.4600067138672,240.0500030517578,241.02000427246094,247.10000610351562,932700.0,247.10000610351562
2013-10-18,246.86000061035156,241.66000366210938,246.6999969482422,244.89999389648438,1122400.0,244.89999389648438
2013-10-21,246.5,241.52000427246094,245.19000244140625,243.07000732421875,776000.0,243.07000732421875
2013-10-22,251.9600067138672,243.02000427246094,244.25,250.60000610351562,1240300.0,250.60000610351562
2013-10-23,251.83999633789062,247.42999267578125,249.8000030517578,251.1199951171875,993500.0,251.1199951171875
2013-10-24,252.99000549316406,248.3699951171875,251.99000549316406,249.22000122070312,1035000.0,249.22000122070312
2013-10-25,252.8300018310547,247.75999450683594,250.52999877929688,252.25999450683594,1350800.0,252.25999450683594
2013-10-28,262.0,245.02999877929688,250.47000122070312,254.42999267578125,2578800.0,254.42999267578125
2013-10-29,256.0,249.1300048828125,255.85000610351562,254.38999938964844,875300.0,254.38999938964844
2013-10-30,254.82000732421875,246.77000427246094,253.72000122070312,248.9499969482422,934500.0,248.9499969482422
2013-10-31,251.0,244.1699981689453,249.22999572753906,244.19000244140625,1176100.0,244.19000244140625
2013-11-01,248.32000732421875,239.61000061035156,245.57000732421875,243.10000610351562,1593300.0,243.10000610351562
2013-11-04,245.9499969482422,239.85000610351562,243.7899932861328,240.07000732421875,942200.0,240.07000732421875
2013-11-05,244.8699951171875,237.99000549316406,237.99000549316406,244.05999755859375,995300.0,244.05999755859375
2013-11-06,245.97999572753906,237.6300048828125,245.27000427246094,238.47999572753906,1046700.0,238.47999572753906
2013-11-07,242.88999938964844,230.52999877929688,239.72000122070312,231.19000244140625,1444900.0,231.19000244140625
2013-11-08,237.5399932861328,230.25,233.1199951171875,236.69000244140625,1095900.0,236.69000244140625
2013-11-11,237.42999267578125,232.36000061035156,236.22999572753906,234.7899932861328,770400.0,234.7899932861328
2013-11-12,235.6300048828125,231.0,233.5,235.6199951171875,991100.0,235.6199951171875
2013-11-13,236.42999267578125,232.11000061035156,233.6999969482422,236.10000610351562,1006000.0,236.10000610351562
2013-11-14,240.83999633789062,236.5,236.5,237.5800018310547,680900.0,237.5800018310547
2013-11-15,245.80999755859375,236.8000030517578,237.0,245.08999633789062,1579700.0,245.08999633789062
2013-11-18,247.39999389648438,239.80999755859375,244.97999572753906,241.27000427246094,1224200.0,241.27000427246094
2013-11-19,248.75,240.67999267578125,241.97000122070312,245.4600067138672,1203500.0,245.4600067138672
2013-11-20,249.9600067138672,243.0,245.6699981689453,246.1199951171875,1014400.0,246.1199951171875
2013-11-21,253.22000122070312,245.30999755859375,247.3000030517578,252.42999267578125,1399500.0,252.42999267578125
2013-11-22,289.9700012207031,274.9800109863281,278.0,285.6199951171875,4698000.0,285.6199951171875
2013-11-25,297.9800109863281,284.510009765625,286.5400085449219,295.8800048828125,2727900.0,295.8800048828125
2013-11-26,297.79998779296875,288.5799865722656,295.95001220703125,289.20001220703125,1584800.0,289.20001220703125
2013-11-27,295.8900146484375,288.010009765625,292.79998779296875,293.8299865722656,939700.0,293.8299865722656
2013-11-29,295.489990234375,290.0,290.0,290.9700012207031,514200.0,290.9700012207031
2013-12-02,298.82000732421875,290.5199890136719,291.7099914550781,294.8399963378906,1128500.0,294.8399963378906
2013-12-03,294.25,286.55999755859375,294.1700134277344,287.760009765625,1419500.0,287.760009765625
2013-12-04,289.239990234375,282.3800048828125,285.8999938964844,285.82000732421875,900200.0,285.82000732421875
2013-12-05,288.7300109863281,282.1199951171875,284.95001220703125,284.9200134277344,1159000.0,284.9200134277344
2013-12-06,292.8599853515625,283.0,289.54998779296875,290.8999938964844,1214500.0,290.8999938964844
2013-12-09,293.20001220703125,284.70001220703125,292.989990234375,286.17999267578125,1190000.0,286.17999267578125
2013-12-10,288.8999938964844,281.2799987792969,286.8299865722656,285.2300109863281,937500.0,285.2300109863281
2013-12-11,286.0199890136719,277.19000244140625,284.6600036621094,278.0400085449219,1270200.0,278.0400085449219
2013-12-12,283.8299865722656,277.2200012207031,278.20001220703125,277.8699951171875,993600.0,277.8699951171875
2013-12-13,279.4100036621094,271.5899963378906,278.0199890136719,275.32000732421875,1167300.0,275.32000732421875
2013-12-16,283.5400085449219,273.2099914550781,277.2200012207031,273.6000061035156,1178300.0,273.6000061035156
2013-12-17,276.5899963378906,270.2699890136719,274.54998779296875,271.510009765625,1253000.0,271.510009765625
2013-12-18,281.25,270.739990234375,272.19000244140625,280.6400146484375,1870500.0,280.6400146484375
2013-12-19,280.42999267578125,275.1700134277344,278.8800048828125,277.2099914550781,955800.0,277.2099914550781
2013-12-20,285.5400085449219,275.0299987792969,278.4599914550781,283.3399963378906,3027500.0,283.3399963378906
2013-12-23,285.0,279.510009765625,284.2799987792969,281.6099853515625,1075900.0,281.6099853515625
2013-12-24,282.67999267578125,278.3599853515625,281.44000244140625,280.6499938964844,463300.0,280.6499938964844
2013-12-26,282.2200012207031,279.07000732421875,280.80999755859375,281.3399963378906,620600.0,281.3399963378906
2013-12-27,282.9200134277344,276.30999755859375,281.80999755859375,277.1700134277344,609600.0,277.1700134277344
2013-12-30,280.19000244140625,273.7699890136719,278.3900146484375,279.57000732421875,605200.0,279.57000732421875
2013-12-31,281.489990234375,278.6000061035156,279.92999267578125,279.57000732421875,640600.0,279.57000732421875
2014-01-02,282.5199890136719,276.2099914550781,279.44000244140625,280.3299865722656,902200.0,280.3299865722656
2014-01-03,280.8399963378906,275.4800109863281,279.79998779296875,277.3999938964844,656000.0,277.3999938964844
2014-01-06,279.3599853515625,270.6199951171875,278.0299987792969,274.9700012207031,1019000.0,274.9700012207031
2014-01-07,277.1700134277344,273.45001220703125,275.8299865722656,273.5199890136719,819100.0,273.5199890136719
2014-01-08,290.989990234375,274.25,276.6400146484375,290.010009765625,1436200.0,290.010009765625
2014-01-09,297.0,288.0,292.04998779296875,289.75,1318700.0,289.75
2014-01-10,299.8500061035156,286.29998779296875,291.57000732421875,299.30999755859375,1866900.0,299.30999755859375
2014-01-13,302.95001220703125,281.54998779296875,299.3500061035156,283.6700134277344,2305500.0,283.6700134277344
2014-01-14,300.6700134277344,280.30999755859375,284.70001220703125,297.4700012207031,1651400.0,297.4700012207031
2014-01-15,298.6300048828125,292.32000732421875,297.4800109863281,296.7200012207031,1038700.0,296.7200012207031
2014-01-16,299.1300048828125,291.75,297.2699890136719,294.0,1051200.0,294.0
2014-01-17,298.9800109863281,293.19000244140625,293.6000061035156,297.4800109863281,1413600.0,297.4800109863281
2014-01-21,311.20001220703125,299.5400085449219,300.45001220703125,310.5,1793100.0,310.5
2014-01-22,315.0,306.32000732421875,309.79998779296875,310.5400085449219,1125200.0,310.5400085449219
2014-01-23,315.3800048828125,305.4800109863281,307.2300109863281,314.9599914550781,1578700.0,314.9599914550781
2014-01-24,315.1300048828125,303.1400146484375,314.7799987792969,303.6000061035156,1926700.0,303.6000061035156
2014-01-27,303.8599853515625,292.5299987792969,303.6099853515625,297.8800048828125,1515300.0,297.8800048828125
2014-01-28,306.0,297.0199890136719,302.3800048828125,305.6499938964844,1723700.0,305.6499938964844
2014-01-29,318.4200134277344,292.82000732421875,299.0299987792969,305.4599914550781,2773800.0,305.4599914550781
2014-01-30,321.25,310.0,310.7200012207031,318.2799987792969,1812000.0,318.2799987792969
2014-01-31,317.45001220703125,311.010009765625,313.0799865722656,312.6400146484375,1312900.0,312.6400146484375
2014-02-03,316.989990234375,298.1499938964844,314.8399963378906,300.3900146484375,2205400.0,300.3900146484375
2014-02-04,310.05999755859375,298.1499938964844,299.010009765625,308.17999267578125,2141100.0,308.17999267578125
2014-02-05,307.3900146484375,294.0199890136719,307.3900146484375,299.92999267578125,1887900.0,299.92999267578125
2014-02-06,307.3500061035156,300.6700134277344,301.8800048828125,301.010009765625,1384600.0,301.010009765625
2014-02-07,316.0199890136719,301.3800048828125,303.1300048828125,315.5400085449219,1504600.0,315.5400085449219
2014-02-10,318.2300109863281,311.6700134277344,315.5400085449219,317.9599914550781,1249800.0,317.9599914550781
2014-02-11,319.8999938964844,313.0,314.30999755859375,319.82000732421875,1564600.0,319.82000732421875
2014-02-12,326.3399963378906,318.6300048828125,319.2699890136719,323.0400085449219,1461200.0,323.0400085449219
2014-02-13,329.45001220703125,315.0,316.80999755859375,328.6199951171875,1311400.0,328.6199951171875
2014-02-14,331.739990234375,327.1000061035156,329.4800109863281,328.2900085449219,1054300.0,328.2900085449219
2014-02-18,335.989990234375,326.9599914550781,327.8999938964844,334.9800109863281,966900.0,334.9800109863281
2014-02-19,335.3900146484375,326.6499938964844,334.1199951171875,328.45001220703125,825700.0,328.45001220703125
2014-02-20,335.8800048828125,323.30999755859375,330.3299865722656,335.1099853515625,1317200.0,335.1099853515625
2014-02-21,349.7699890136719,334.4700012207031,336.3699951171875,347.1099853515625,1814700.0,347.1099853515625
2014-02-24,353.4700012207031,345.6199951171875,348.1499938964844,345.6300048828125,1668100.0,345.6300048828125
2014-02-25,349.5400085449219,343.1099853515625,346.510009765625,346.29998779296875,1350500.0,346.29998779296875
2014-02-26,353.0,337.30999755859375,342.1700134277344,343.2099914550781,1192400.0,343.2099914550781
2014-02-27,348.3900146484375,340.7699890136719,342.5,343.8599853515625,1149800.0,343.8599853515625
2014-02-28,349.95001220703125,335.0199890136719,346.1600036621094,340.67999267578125,1861900.0,340.67999267578125
2014-03-03,342.3599853515625,331.2200012207031,340.67999267578125,338.3800048828125,1340400.0,338.3800048828125
2014-03-04,346.739990234375,341.1000061035156,343.5299987792969,343.1499938964844,1107500.0,343.1499938964844
2014-03-05,346.29998779296875,338.8599853515625,345.2300109863281,339.0,1003300.0,339.0
2014-03-06,353.0,334.010009765625,346.8599853515625,340.69000244140625,2233200.0,340.69000244140625
2014-03-07,342.8500061035156,323.7200012207031,341.7900085449219,328.75,2785600.0,328.75
2014-03-10,338.6000061035156,327.010009765625,327.6499938964844,338.0,1471000.0,338.0
2014-03-11,341.260009765625,334.19000244140625,338.25,335.989990234375,1025600.0,335.989990234375
2014-03-12,340.3800048828125,332.2799987792969,333.04998779296875,339.54998779296875,879300.0,339.54998779296875
2014-03-13,342.5899963378906,329.0299987792969,341.0400085449219,332.04998779296875,1064900.0,332.04998779296875
2014-03-14,340.0,329.2300109863281,333.3999938964844,332.489990234375,1330400.0,332.489990234375
2014-03-17,349.0,334.32000732421875,334.8299865722656,345.6000061035156,1561000.0,345.6000061035156
2014-03-18,354.07000732421875,345.70001220703125,346.79998779296875,351.94000244140625,1511100.0,351.94000244140625
2014-03-19,358.8900146484375,347.0,352.489990234375,350.010009765625,1341500.0,350.010009765625
2014-03-20,353.20001220703125,344.7200012207031,348.2699890136719,347.0400085449219,1369100.0,347.0400085449219
2014-03-21,355.0,313.0799865722656,355.0,318.5299987792969,5748300.0,318.5299987792969
2014-03-24,322.0,300.32000732421875,320.20001220703125,312.6000061035156,3748000.0,312.6000061035156
2014-03-25,321.1400146484375,304.0,316.0,311.7799987792969,2148600.0,311.7799987792969
2014-03-26,317.2799987792969,305.92999267578125,313.0799865722656,305.92999267578125,1975900.0,305.92999267578125
2014-03-27,312.8999938964844,296.6499938964844,306.6400146484375,309.760009765625,2021100.0,309.760009765625
2014-03-28,314.19000244140625,292.6700134277344,305.010009765625,294.1199951171875,2555300.0,294.1199951171875
2014-03-31,306.94000244140625,296.1099853515625,296.1099853515625,305.8699951171875,1952500.0,305.8699951171875
2014-04-01,316.3399963378906,305.30999755859375,308.4200134277344,309.7900085449219,1714800.0,309.7900085449219
2014-04-02,317.0,306.5,311.6400146484375,309.70001220703125,1483700.0,309.70001220703125
2014-04-03,308.989990234375,296.2300109863281,307.989990234375,301.8599853515625,2008100.0,301.8599853515625
2014-04-04,305.4800109863281,286.29998779296875,303.7099914550781,288.2699890136719,3288600.0,288.2699890136719
2014-04-07,297.760009765625,281.5899963378906,286.3599853515625,294.19000244140625,2427600.0,294.19000244140625
2014-04-08,295.9599914550781,284.32000732421875,295.4800109863281,285.9200134277344,2502900.0,285.9200134277344
2014-04-09,301.45001220703125,285.9200134277344,288.0199890136719,300.67999267578125,1988700.0,300.67999267578125
2014-04-10,300.9100036621094,284.57000732421875,300.1000061035156,287.3500061035156,2635700.0,287.3500061035156
2014-04-11,292.79998779296875,273.7300109863281,284.8900146484375,274.0,2742500.0,274.0
2014-04-14,285.989990234375,274.0,277.9100036621094,279.5199890136719,1880100.0,279.5199890136719
2014-04-15,288.8399963378906,272.0199890136719,280.54998779296875,285.489990234375,1871100.0,285.489990234375
2014-04-16,294.0,284.07000732421875,290.2799987792969,291.4800109863281,1768200.0,291.4800109863281
2014-04-17,296.0,289.760009765625,291.0,290.5400085449219,1283400.0,290.5400085449219
2014-04-21,298.57000732421875,290.20001220703125,290.6000061035156,297.9800109863281,984400.0,297.9800109863281
2014-04-22,309.1700134277344,300.0,300.5,306.20001220703125,1776700.0,306.20001220703125
2014-04-23,311.1000061035156,295.489990234375,309.0,306.75,2594700.0,306.75
2014-04-24,308.7200012207031,286.4800109863281,307.0,294.8399963378906,2385300.0,294.8399963378906
2014-04-25,296.739990234375,285.5799865722656,293.0400085449219,285.80999755859375,1727700.0,285.80999755859375
2014-04-28,292.4200134277344,275.3900146484375,289.1600036621094,283.1199951171875,1802300.0,283.1199951171875
2014-04-29,294.3599853515625,282.0,285.3500061035156,290.8399963378906,1634500.0,290.8399963378906
2014-04-30,291.55999755859375,281.32000732421875,285.0,287.1199951171875,1452100.0,287.1199951171875
2014-05-01,291.989990234375,283.29998779296875,287.1099853515625,286.75,1312700.0,286.75
2014-05-02,290.6099853515625,280.010009765625,290.5199890136719,282.010009765625,1284800.0,282.010009765625
2014-05-05,291.30999755859375,279.0,280.6099853515625,290.05999755859375,1177900.0,290.05999755859375
2014-05-06,291.0899963378906,285.5199890136719,287.7699890136719,285.94000244140625,1236900.0,285.94000244140625
2014-05-07,288.25,278.1000061035156,286.260009765625,284.0,1379600.0,284.0
2014-05-08,291.2799987792969,281.82000732421875,286.0,282.9599914550781,1230200.0,282.9599914550781
2014-05-09,286.989990234375,278.5899963378906,282.75,286.6499938964844,1084300.0,286.6499938964844
2014-05-12,301.0,288.010009765625,289.7799987792969,300.5400085449219,1683400.0,300.5400085449219
2014-05-13,300.95001220703125,295.54998779296875,300.0299987792969,295.8500061035156,988800.0,295.8500061035156
2014-05-14,301.2099914550781,293.3299865722656,294.8699951171875,296.5,1030700.0,296.5
2014-05-15,297.9700012207031,286.0,295.6300048828125,289.5299987792969,1311000.0,289.5299987792969
2014-05-16,292.54998779296875,285.010009765625,288.489990234375,291.32000732421875,1148100.0,291.32000732421875
2014-05-19,293.4100036621094,287.55999755859375,289.1499938964844,290.75,772800.0,290.75
2014-05-20,293.80999755859375,288.42999267578125,292.2300109863281,289.7900085449219,1089000.0,289.7900085449219
2014-05-21,296.760009765625,290.1199951171875,290.1199951171875,295.3599853515625,979100.0,295.3599853515625
2014-05-22,303.1700134277344,292.5799865722656,293.57000732421875,299.69000244140625,1092400.0,299.69000244140625
2014-05-23,302.7300109863281,295.510009765625,301.9700012207031,299.7099914550781,883200.0,299.7099914550781
2014-05-27,310.04998779296875,299.5,303.239990234375,309.7699890136719,1308500.0,309.7699890136719
2014-05-28,315.4200134277344,308.0400085449219,311.0199890136719,308.80999755859375,1160400.0,308.80999755859375
2014-05-29,319.94000244140625,314.5400085449219,314.8599853515625,319.8500061035156,1769500.0,319.8500061035156
2014-05-30,322.25,317.92999267578125,320.79998779296875,319.3699951171875,1294400.0,319.3699951171875
2014-06-02,320.0299987792969,310.6099853515625,318.92999267578125,318.2200012207031,754700.0,318.2200012207031
2014-06-03,318.8699951171875,313.7699890136719,316.3699951171875,316.8599853515625,786200.0,316.8599853515625
2014-06-04,320.0,314.010009765625,315.8699951171875,319.17999267578125,740600.0,319.17999267578125
2014-06-05,321.20001220703125,315.82000732421875,320.1700134277344,320.1300048828125,1116900.0,320.1300048828125
2014-06-06,322.04998779296875,314.2900085449219,321.9599914550781,317.54998779296875,872800.0,317.54998779296875
2014-06-09,321.4800109863281,316.0799865722656,320.0,318.1600036621094,775200.0,318.1600036621094
2014-06-10,319.8399963378906,312.6099853515625,316.20001220703125,315.44000244140625,1015900.0,315.44000244140625
2014-06-11,314.989990234375,308.0,314.0400085449219,310.7200012207031,909700.0,310.7200012207031
2014-06-12,314.07000732421875,308.1000061035156,310.7200012207031,309.7799987792969,802700.0,309.7799987792969
2014-06-13,311.3800048828125,306.3999938964844,310.5,309.9800109863281,773200.0,309.9800109863281
2014-06-16,312.95001220703125,306.760009765625,309.6000061035156,307.9700012207031,890700.0,307.9700012207031
2014-06-17,307.4599914550781,302.010009765625,306.989990234375,304.7900085449219,860400.0,304.7900085449219
2014-06-18,310.3599853515625,304.6199951171875,305.510009765625,309.80999755859375,1068300.0,309.80999755859375
2014-06-19,313.5299987792969,308.45001220703125,310.6700134277344,311.9800109863281,1034500.0,311.9800109863281
2014-06-20,319.8900146484375,312.5,313.8500061035156,319.5899963378906,2088800.0,319.5899963378906
2014-06-23,321.8900146484375,312.8699951171875,318.010009765625,313.4599914550781,889100.0,313.4599914550781
2014-06-24,319.260009765625,312.6600036621094,313.5899963378906,314.2300109863281,1105200.0,314.2300109863281
2014-06-25,318.0,312.5799865722656,313.0899963378906,314.760009765625,1051700.0,314.760009765625
2014-06-26,319.8800048828125,312.8699951171875,315.67999267578125,318.6300048828125,1027500.0,318.6300048828125
2014-06-27,320.989990234375,315.6700134277344,318.57000732421875,318.1300048828125,969400.0,318.1300048828125
2014-06-30,319.6199951171875,315.010009765625,317.1600036621094,315.30999755859375,938200.0,315.30999755859375
2014-07-01,326.2300109863281,315.239990234375,317.0299987792969,324.739990234375,1179500.0,324.739990234375
2014-07-02,332.7799987792969,324.010009765625,325.25,331.0,1183800.0,331.0
2014-07-03,332.92999267578125,328.2300109863281,330.79998779296875,331.1499938964844,700600.0,331.1499938964844
2014-07-07,332.9700012207031,324.0,329.3999938964844,325.67999267578125,802300.0,325.67999267578125
2014-07-08,324.6000061035156,316.9100036621094,324.0,317.5899963378906,1235700.0,317.5899963378906
2014-07-09,322.8699951171875,313.6099853515625,322.6199951171875,320.1400146484375,1027100.0,320.1400146484375
2014-07-10,321.4100036621094,315.0,317.1000061035156,319.1199951171875,825300.0,319.1199951171875
2014-07-11,323.44000244140625,316.0400085449219,320.0,322.2200012207031,946900.0,322.2200012207031
2014-07-14,325.1199951171875,319.05999755859375,325.1199951171875,319.75,876500.0,319.75
2014-07-15,321.80999755859375,311.9200134277344,320.760009765625,312.0,1391100.0,312.0
2014-07-16,313.8299865722656,302.54998779296875,313.8299865722656,303.739990234375,1803800.0,303.739990234375
2014-07-17,307.989990234375,298.30999755859375,301.8500061035156,299.2900085449219,1651300.0,299.2900085449219
2014-07-18,305.82000732421875,298.6400146484375,301.1199951171875,304.1000061035156,1550700.0,304.1000061035156
2014-07-21,304.239990234375,300.3999938964844,303.0400085449219,302.5,1027800.0,302.5
2014-07-22,308.67999267578125,302.94000244140625,305.17999267578125,303.6700134277344,1200100.0,303.6700134277344
2014-07-23,343.5899963378906,331.0,335.0,337.6000061035156,4143000.0,337.6000061035156
2014-07-24,339.8299865722656,335.2200012207031,337.6000061035156,336.7900085449219,1599900.0,336.7900085449219
2014-07-25,337.5,332.7699890136719,334.7799987792969,335.45001220703125,1068600.0,335.45001220703125
2014-07-28,338.3399963378906,332.1000061035156,334.67999267578125,336.3900146484375,995600.0,336.3900146484375
2014-07-29,344.07000732421875,335.70001220703125,337.0,341.7300109863281,1286000.0,341.7300109863281
2014-07-30,349.0,343.0199890136719,344.45001220703125,344.5199890136719,1303300.0,344.5199890136719
2014-07-31,342.8599853515625,333.3500061035156,342.7200012207031,334.3900146484375,1168500.0,334.3900146484375
2014-08-01,337.82000732421875,325.8500061035156,332.92999267578125,329.8299865722656,1319300.0,329.8299865722656
2014-08-04,330.94000244140625,325.760009765625,330.0799865722656,326.54998779296875,989300.0,326.54998779296875
2014-08-05,328.54998779296875,322.1400146484375,325.5799865722656,325.2300109863281,1144600.0,325.2300109863281
2014-08-06,328.489990234375,322.0,324.05999755859375,325.20001220703125,940600.0,325.20001220703125
2014-08-07,327.3599853515625,319.79998779296875,326.0,320.6000061035156,872700.0,320.6000061035156
2014-08-08,326.3999938964844,319.32000732421875,320.8800048828125,324.04998779296875,1196900.0,324.04998779296875
2014-08-11,327.44000244140625,319.07000732421875,327.29998779296875,320.3399963378906,983000.0,320.3399963378906
2014-08-12,325.6400146484375,317.0,319.9599914550781,324.9599914550781,1045600.0,324.9599914550781
2014-08-13,335.3900146484375,324.1300048828125,325.510009765625,334.6400146484375,1449200.0,334.6400146484375
2014-08-14,338.510009765625,333.6600036621094,335.04998779296875,337.010009765625,1319200.0,337.010009765625
2014-08-15,343.0299987792969,330.70001220703125,339.25,342.4700012207031,1722400.0,342.4700012207031
2014-08-18,348.3999938964844,342.0899963378906,347.5899963378906,344.6000061035156,1223600.0,344.6000061035156
2014-08-19,348.489990234375,343.2900085449219,344.82000732421875,345.8399963378906,815700.0,345.8399963378906
2014-08-20,345.4599914550781,340.6700134277344,343.67999267578125,342.5799865722656,700100.0,342.5799865722656
2014-08-21,344.4200134277344,337.19000244140625,342.7300109863281,338.6499938964844,663700.0,338.6499938964844
2014-08-22,341.8999938964844,337.0,339.8399963378906,339.9700012207031,677300.0,339.9700012207031
2014-08-25,345.75,341.0799865722656,342.5400085449219,342.70001220703125,719300.0,342.70001220703125
2014-08-26,343.6000061035156,340.010009765625,343.3900146484375,342.989990234375,836800.0,342.989990234375
2014-08-27,343.760009765625,338.5400085449219,343.4599914550781,343.3599853515625,972100.0,343.3599853515625
2014-08-28,343.8299865722656,339.5199890136719,341.1400146484375,341.239990234375,643800.0,341.239990234375
2014-08-29,343.6300048828125,339.17999267578125,343.6300048828125,343.0400085449219,700100.0,343.0400085449219
2014-09-02,347.7900085449219,340.6000061035156,345.4700012207031,342.67999267578125,715600.0,342.67999267578125
2014-09-03,345.80999755859375,342.1700134277344,343.3699951171875,344.1199951171875,735700.0,344.1199951171875
2014-09-04,344.44000244140625,333.7799987792969,344.3699951171875,334.8299865722656,827700.0,334.8299865722656
2014-09-05,335.75,321.0,335.0400085449219,330.4800109863281,1910600.0,330.4800109863281
2014-09-08,331.8500061035156,326.739990234375,329.2799987792969,331.30999755859375,927200.0,331.30999755859375
2014-09-09,330.739990234375,326.0299987792969,330.739990234375,326.8299865722656,840800.0,326.8299865722656
2014-09-10,333.0,325.989990234375,325.989990234375,332.0799865722656,811100.0,332.0799865722656
2014-09-11,332.80999755859375,324.739990234375,330.4100036621094,327.1099853515625,925300.0,327.1099853515625
2014-09-12,328.1600036621094,321.1099853515625,327.30999755859375,323.3900146484375,802500.0,323.3900146484375
2014-09-15,323.9700012207031,315.7099914550781,323.3999938964844,320.1199951171875,1062800.0,320.1199951171875
2014-09-16,328.75,318.69000244140625,319.4200134277344,326.8800048828125,991200.0,326.8800048828125
2014-09-17,330.9800109863281,322.69000244140625,328.4200134277344,327.5799865722656,1088600.0,327.5799865722656
2014-09-18,330.29998779296875,325.3599853515625,328.8599853515625,329.989990234375,637100.0,329.989990234375
2014-09-19,334.82000732421875,327.489990234375,329.510009765625,329.239990234375,1742600.0,329.239990234375
2014-09-22,330.3399963378906,325.010009765625,327.3599853515625,329.760009765625,1027400.0,329.760009765625
2014-09-23,334.95001220703125,327.67999267578125,328.510009765625,332.239990234375,1039700.0,332.239990234375
2014-09-24,347.75,333.1099853515625,333.3999938964844,346.29998779296875,1579200.0,346.29998779296875
2014-09-25,345.6499938964844,333.05999755859375,344.04998779296875,333.3999938964844,1554900.0,333.3999938964844
2014-09-26,334.7900085449219,328.67999267578125,333.8699951171875,333.5400085449219,1075600.0,333.5400085449219
2014-09-29,333.5,326.8500061035156,329.70001220703125,330.1600036621094,800900.0,330.1600036621094
2014-09-30,332.3999938964844,327.0799865722656,330.2300109863281,330.80999755859375,1055100.0,330.80999755859375
2014-10-01,331.1499938964844,321.9800109863281,330.9700012207031,323.5,985400.0,323.5
2014-10-02,324.45001220703125,317.5299987792969,322.6000061035156,319.8399963378906,1116300.0,319.8399963378906
2014-10-03,331.010009765625,321.6300048828125,323.3299865722656,327.0899963378906,1306500.0,327.0899963378906
2014-10-06,331.04998779296875,324.010009765625,331.04998779296875,325.07000732421875,722800.0,325.07000732421875
2014-10-07,325.0,315.82000732421875,325.0,315.9200134277344,1053300.0,315.9200134277344
2014-10-08,325.7799987792969,312.0,315.6600036621094,324.5899963378906,1271500.0,324.5899963378906
2014-10-09,325.3399963378906,317.739990234375,323.3500061035156,319.19000244140625,1142900.0,319.19000244140625
2014-10-10,324.4200134277344,315.0799865722656,318.3999938964844,315.1400146484375,1468200.0,315.1400146484375
2014-10-13,315.75,300.989990234375,314.7900085449219,301.739990234375,2302500.0,301.739990234375
2014-10-14,310.3999938964844,296.05999755859375,308.3599853515625,301.5799865722656,1759400.0,301.5799865722656
2014-10-15,311.20001220703125,295.2699890136719,297.2900085449219,305.69000244140625,2210900.0,305.69000244140625
2014-10-16,309.0,296.54998779296875,299.9100036621094,302.739990234375,1384400.0,302.739990234375
2014-10-17,313.7200012207031,304.75,305.3599853515625,306.7099914550781,1782200.0,306.7099914550781
2014-10-20,321.4800109863281,305.239990234375,305.239990234375,311.4100036621094,1513800.0,311.4100036621094
2014-10-21,326.8999938964844,316.0299987792969,320.9700012207031,326.7699890136719,1851500.0,326.7699890136719
2014-10-22,314.95001220703125,290.8500061035156,300.0,309.07000732421875,7067000.0,309.07000732421875
2014-10-23,319.3500061035156,311.0,314.0,316.05999755859375,2126200.0,316.05999755859375
2014-10-24,322.0,315.29998779296875,315.7200012207031,321.6700134277344,1262900.0,321.6700134277344
2014-10-27,323.1199951171875,317.0,321.8900146484375,319.9800109863281,1114800.0,319.9800109863281
2014-10-28,321.2200012207031,314.8999938964844,321.2099914550781,318.0299987792969,1642000.0,318.0299987792969
2014-10-29,320.989990234375,312.55999755859375,317.94000244140625,315.05999755859375,1509000.0,315.05999755859375
2014-10-30,323.7200012207031,313.9100036621094,315.0899963378906,321.0,1084400.0,321.0
2014-10-31,330.5,318.6600036621094,330.0,321.0799865722656,1699600.0,321.0799865722656
2014-11-03,323.20001220703125,319.6600036621094,320.7799987792969,321.25,1196100.0,321.25
2014-11-04,323.8800048828125,319.0299987792969,319.8999938964844,322.05999755859375,1130700.0,322.05999755859375
2014-11-05,324.8599853515625,318.5,324.57000732421875,319.54998779296875,1016100.0,319.54998779296875
2014-11-06,324.29998779296875,320.2699890136719,320.8599853515625,323.4700012207031,1377000.0,323.4700012207031
2014-11-07,325.0,319.6199951171875,324.6600036621094,320.75,1102800.0,320.75
2014-11-10,327.8999938964844,319.0,320.19000244140625,327.8699951171875,1220500.0,327.8699951171875
2014-11-11,330.3699951171875,322.6499938964844,327.7099914550781,324.5899963378906,847500.0,324.5899963378906
2014-11-12,323.79998779296875,319.54998779296875,323.79998779296875,321.0199890136719,757000.0,321.0199890136719
2014-11-13,322.25,314.3299865722656,322.25,317.9800109863281,1126200.0,317.9800109863281
2014-11-14,318.0199890136719,300.3500061035156,317.9599914550781,305.42999267578125,2557300.0,305.42999267578125
2014-11-17,308.6499938964844,301.8599853515625,305.0,302.4200134277344,1390200.0,302.4200134277344
2014-11-18,306.9800109863281,303.0199890136719,305.67999267578125,305.55999755859375,1643200.0,305.55999755859375
2014-11-19,305.5,302.1000061035156,304.6000061035156,303.6099853515625,1956800.0,303.6099853515625
2014-11-20,303.9800109863281,297.8299865722656,300.1000061035156,299.1000061035156,1772400.0,299.1000061035156
2014-11-21,305.2799987792969,301.32000732421875,305.2799987792969,303.54998779296875,1828000.0,303.54998779296875
2014-11-24,308.8399963378906,304.7799987792969,305.6099853515625,306.739990234375,1388200.0,306.739990234375
2014-11-25,307.6400146484375,302.45001220703125,307.0,305.3999938964844,1947200.0,305.3999938964844
2014-11-26,305.8299865722656,301.3900146484375,305.0,304.9200134277344,1085800.0,304.9200134277344
2014-11-28,310.2099914550781,305.9700012207031,307.5799865722656,307.69000244140625,849100.0,307.69000244140625
2014-12-01,310.4800109863281,306.1099853515625,306.42999267578125,308.44000244140625,1146100.0,308.44000244140625
2014-12-02,336.6499938964844,323.4100036621094,335.6499938964844,328.2699890136719,6209500.0,328.2699890136719
2014-12-03,347.739990234375,328.5199890136719,328.5199890136719,347.3399963378906,4668700.0,347.3399963378906
2014-12-04,350.8900146484375,337.5400085449219,345.8800048828125,341.17999267578125,2533600.0,341.17999267578125
2014-12-05,345.92999267578125,339.7099914550781,341.989990234375,340.8699951171875,1460300.0,340.8699951171875
2014-12-08,347.2799987792969,340.8999938964844,341.95001220703125,344.04998779296875,1395400.0,344.04998779296875
2014-12-09,348.05999755859375,337.57000732421875,340.3999938964844,347.6099853515625,1295500.0,347.6099853515625
2014-12-10,349.8800048828125,342.6199951171875,346.8500061035156,343.5899963378906,1449200.0,343.5899963378906
2014-12-11,351.3800048828125,341.8599853515625,344.8699951171875,342.3299865722656,1471700.0,342.3299865722656
2014-12-12,349.9800109863281,338.5,339.2300109863281,344.489990234375,1559100.0,344.489990234375
2014-12-15,346.6499938964844,333.1199951171875,346.5,335.79998779296875,1402800.0,335.79998779296875
2014-12-16,339.8299865722656,324.69000244140625,333.3800048828125,325.1300048828125,1834400.0,325.1300048828125
2014-12-17,333.7300109863281,322.3500061035156,326.5,332.8900146484375,1652700.0,332.8900146484375
2014-12-18,353.70001220703125,337.7099914550781,339.3599853515625,353.70001220703125,2401800.0,353.70001220703125
2014-12-19,361.92999267578125,343.05999755859375,343.2799987792969,360.6700134277344,3691300.0,360.6700134277344
2014-12-22,356.6499938964844,345.2300109863281,352.0,352.2900085449219,2170400.0,352.2900085449219
2014-12-23,353.7900085449219,328.67999267578125,353.55999755859375,335.760009765625,2631500.0,335.760009765625
2014-12-24,343.6199951171875,334.9800109863281,335.5299987792969,340.8900146484375,965800.0,340.8900146484375
2014-12-26,345.54998779296875,338.0199890136719,342.9200134277344,342.3999938964844,1138700.0,342.3999938964844
2014-12-29,345.989990234375,339.2900085449219,341.92999267578125,343.42999267578125,1236100.0,343.42999267578125
2014-12-30,345.010009765625,339.42999267578125,341.510009765625,342.19000244140625,933500.0,342.19000244140625
2014-12-31,348.5,339.3299865722656,343.9200134277344,339.45001220703125,864800.0,339.45001220703125
2015-01-02,346.989990234375,340.3299865722656,342.8399963378906,342.010009765625,976300.0,342.010009765625
2015-01-05,342.0,335.1300048828125,339.2699890136719,336.739990234375,1250000.0,336.739990234375
2015-01-06,346.6400146484375,334.3999938964844,339.9800109863281,334.6499938964844,1898200.0,334.6499938964844
2015-01-07,354.0,338.04998779296875,338.0899963378906,353.239990234375,2484300.0,353.239990234375
2015-01-08,360.0,341.7099914550781,359.4200134277344,350.25,4277700.0,350.25
2015-01-09,352.0799865722656,338.239990234375,349.7799987792969,342.3399963378906,2559300.0,342.3399963378906
2015-01-12,350.0,343.7099914550781,345.5,347.8399963378906,1894000.0,347.8399963378906
2015-01-13,361.9100036621094,348.3500061035156,352.80999755859375,352.739990234375,2489400.0,352.739990234375
2015-01-14,355.6099853515625,347.5199890136719,348.0,348.75,1429900.0,348.75
2015-01-15,354.54998779296875,339.6600036621094,350.0400085449219,339.8800048828125,1665700.0,339.8800048828125
2015-01-16,353.44000244140625,339.3500061035156,339.3699951171875,352.75,1673000.0,352.75
2015-01-20,365.19000244140625,350.6400146484375,354.5,363.2799987792969,1992600.0,363.2799987792969
2015-01-21,366.1700134277344,358.2200012207031,361.4100036621094,361.8299865722656,1337000.0,361.8299865722656
2015-01-22,364.0,349.489990234375,364.0,353.6499938964844,2322900.0,353.6499938964844
2015-01-23,359.8699951171875,352.0299987792969,352.9800109863281,357.5299987792969,1072300.0,357.5299987792969
2015-01-26,362.8399963378906,355.45001220703125,357.6300048828125,362.44000244140625,1328000.0,362.44000244140625
2015-01-27,364.760009765625,357.1300048828125,358.2799987792969,357.8900146484375,1446300.0,357.8900146484375
2015-01-28,361.3800048828125,350.5,360.2900085449219,351.17999267578125,1486000.0,351.17999267578125
2015-01-29,354.6099853515625,345.760009765625,351.5299987792969,353.25,1707800.0,353.25
2015-01-30,397.0,372.75,372.75,389.1600036621094,4029800.0,389.1600036621094
2015-02-02,394.9800109863281,382.0,389.0299987792969,390.0,1832700.0,390.0
2015-02-03,395.5,386.3399963378906,390.7300109863281,393.8900146484375,1779800.0,393.8900146484375
2015-02-04,394.4800109863281,381.3599853515625,388.6000061035156,391.1199951171875,2165000.0,391.1199951171875
2015-02-05,402.3999938964844,390.1099853515625,393.70001220703125,401.7900085449219,1576200.0,401.7900085449219
2015-02-06,407.94000244140625,399.0,400.29998779296875,402.0,1631200.0,402.0
2015-02-09,402.8399963378906,396.4599914550781,398.04998779296875,396.8800048828125,1440400.0,396.8800048828125
2015-02-10,400.8599853515625,394.05999755859375,398.04998779296875,395.1300048828125,1811600.0,395.1300048828125
2015-02-11,396.8599853515625,388.5299987792969,394.8599853515625,390.0,1766300.0,390.0
2015-02-12,395.0,386.1400146484375,394.69000244140625,392.1099853515625,1755100.0,392.1099853515625
2015-02-13,394.3900146484375,387.239990234375,391.67999267578125,391.6600036621094,1180000.0,391.6600036621094
2015-02-17,402.2900085449219,388.6700134277344,389.1099853515625,397.9100036621094,1321100.0,397.9100036621094
2015-02-18,401.8699951171875,396.5199890136719,396.8299865722656,401.1199951171875,778400.0,401.1199951171875
2015-02-19,408.239990234375,400.55999755859375,401.0400085449219,406.7300109863281,1143500.0,406.7300109863281
2015-02-20,409.0299987792969,403.3599853515625,406.3999938964844,408.04998779296875,945900.0,408.04998779296875
2015-02-23,411.32000732421875,406.2300109863281,408.25,408.5799865722656,954400.0,408.5799865722656
2015-02-24,410.739990234375,402.8299865722656,410.25,404.8900146484375,855200.0,404.8900146484375
2015-02-25,412.0199890136719,400.57000732421875,405.32000732421875,408.94000244140625,1114100.0,408.94000244140625
2015-02-26,411.7699890136719,406.07000732421875,408.82000732421875,410.1000061035156,863800.0,410.1000061035156
2015-02-27,411.30999755859375,405.79998779296875,410.2300109863281,409.5899963378906,1371000.0,409.5899963378906
2015-03-02,416.82000732421875,406.3999938964844,410.6700134277344,415.7900085449219,1347300.0,415.7900085449219
2015-03-03,415.1700134277344,407.1199951171875,415.0,412.7900085449219,1235300.0,412.7900085449219
2015-03-04,417.17999267578125,406.1000061035156,410.95001220703125,414.1300048828125,1523000.0,414.1300048828125
2015-03-05,425.70001220703125,417.0899963378906,417.4200134277344,425.6099853515625,1846200.0,425.6099853515625
2015-03-06,424.2300109863281,416.239990234375,424.2300109863281,417.6300048828125,1643700.0,417.6300048828125
2015-03-09,417.6499938964844,411.6000061035156,417.2300109863281,415.510009765625,1516100.0,415.510009765625
2015-03-10,420.44000244140625,409.6099853515625,409.6700134277344,414.20001220703125,1386400.0,414.20001220703125
2015-03-11,416.239990234375,407.510009765625,415.30999755859375,408.1099853515625,1426100.0,408.1099853515625
2015-03-12,411.489990234375,406.0199890136719,411.489990234375,407.6400146484375,1553200.0,407.6400146484375
2015-03-13,416.70001220703125,407.0899963378906,407.0899963378906,413.3500061035156,1744700.0,413.3500061035156
2015-03-16,422.3699951171875,414.2200012207031,415.4599914550781,421.32000732421875,1564500.0,421.32000732421875
2015-03-17,426.4800109863281,417.5,420.1000061035156,426.1199951171875,1967600.0,426.1199951171875
2015-03-18,431.0,417.04998779296875,425.0,427.92999267578125,2022200.0,427.92999267578125
2015-03-19,439.8999938964844,431.3299865722656,434.79998779296875,433.6499938964844,2471900.0,433.6499938964844
2015-03-20,480.17999267578125,456.05999755859375,475.9200134277344,475.9800109863281,10643200.0,475.9800109863281
2015-03-23,474.0,460.5,466.07000732421875,463.7300109863281,3710100.0,463.7300109863281
2015-03-24,467.6400146484375,452.010009765625,462.989990234375,452.7099914550781,2481400.0,452.7099914550781
2015-03-25,450.25,431.3900146484375,449.05999755859375,431.6300048828125,3743700.0,431.6300048828125
2015-03-26,432.8800048828125,420.4100036621094,427.79998779296875,428.92999267578125,3353800.0,428.92999267578125
2015-03-27,436.6700134277344,429.3599853515625,430.1199951171875,429.8699951171875,1855600.0,429.8699951171875
2015-03-30,437.0,428.6000061035156,433.67999267578125,431.6199951171875,1600100.0,431.6199951171875
2015-03-31,433.9800109863281,422.1000061035156,430.1600036621094,422.239990234375,1808700.0,422.239990234375
2015-04-01,423.4700012207031,407.54998779296875,423.20001220703125,413.80999755859375,2709200.0,413.80999755859375
2015-04-02,416.4800109863281,410.6400146484375,415.3999938964844,412.44000244140625,1700700.0,412.44000244140625
2015-04-06,420.0899963378906,408.2099914550781,408.75,413.4200134277344,1873800.0,413.4200134277344
2015-04-07,425.3699951171875,415.1300048828125,415.5,418.0899963378906,1571900.0,418.0899963378906
2015-04-08,427.510009765625,418.1000061035156,419.29998779296875,425.3599853515625,1540100.0,425.3599853515625
2015-04-09,431.7799987792969,419.4800109863281,424.6000061035156,426.6300048828125,1340900.0,426.6300048828125
2015-04-10,428.8299865722656,420.5,426.1600036621094,425.6499938964844,1063000.0,425.6499938964844
2015-04-13,432.4700012207031,422.5199890136719,426.70001220703125,423.3599853515625,1263300.0,423.3599853515625
2015-04-14,426.4800109863281,417.7099914550781,423.989990234375,423.57000732421875,1324000.0,423.57000732421875
2015-04-15,432.739990234375,424.57000732421875,430.760009765625,430.9599914550781,2038100.0,430.9599914550781
2015-04-16,432.8800048828125,428.0,428.1400146484375,428.6499938964844,1109000.0,428.6499938964844
2015-04-17,426.989990234375,416.8399963378906,424.0,419.44000244140625,1837600.0,419.44000244140625
2015-04-20,424.7699890136719,419.0,424.6600036621094,422.9200134277344,1175500.0,422.9200134277344
2015-04-21,426.1700134277344,420.1700134277344,425.19000244140625,422.1099853515625,1224600.0,422.1099853515625
2015-04-22,425.9599914550781,418.54998779296875,423.8800048828125,423.57000732421875,1298200.0,423.57000732421875
2015-04-23,431.8399963378906,421.0,423.0,430.2799987792969,1938200.0,430.2799987792969
2015-04-24,410.8699951171875,395.0,410.0,401.7099914550781,6084400.0,401.7099914550781
2015-04-27,403.45001220703125,388.0799865722656,401.75,389.2699890136719,3432000.0,389.2699890136719
2015-04-28,391.8699951171875,374.3599853515625,388.79998779296875,374.67999267578125,4923900.0,374.67999267578125
2015-04-29,388.45001220703125,376.0,377.9700012207031,383.7799987792969,3255600.0,383.7799987792969
2015-04-30,383.8299865722656,368.8800048828125,380.8900146484375,373.92999267578125,2685900.0,373.92999267578125
2015-05-01,388.1400146484375,377.5199890136719,377.5199890136719,386.2200012207031,2737400.0,386.2200012207031
2015-05-04,393.8900146484375,384.75,389.45001220703125,386.2200012207031,1456400.0,386.2200012207031
2015-05-05,388.45001220703125,381.0,385.0,385.79998779296875,1594800.0,385.79998779296875
2015-05-06,389.989990234375,380.4100036621094,387.25,383.55999755859375,1279700.0,383.55999755859375
2015-05-07,388.07000732421875,380.6099853515625,384.0,383.2900085449219,1298100.0,383.2900085449219
2015-05-08,399.5,390.0299987792969,390.8800048828125,398.42999267578125,2037800.0,398.42999267578125
2015-05-11,404.0,395.0,403.20001220703125,396.9100036621094,1574400.0,396.9100036621094
2015-05-12,397.7799987792969,389.0,393.20001220703125,395.29998779296875,1142500.0,395.29998779296875
2015-05-13,398.3800048828125,388.7200012207031,396.0,390.0400085449219,1169500.0,390.0400085449219
2015-05-14,395.1099853515625,387.3699951171875,392.9800109863281,394.3500061035156,1612600.0,394.3500061035156
2015-05-15,398.19000244140625,389.0799865722656,395.0,391.239990234375,1442900.0,391.239990234375
2015-05-18,396.4100036621094,389.2200012207031,389.3800048828125,395.4200134277344,995700.0,395.4200134277344
2015-05-19,400.1099853515625,393.9599914550781,396.010009765625,395.1700134277344,1347000.0,395.1700134277344
2015-05-20,403.4800109863281,391.6099853515625,394.5,401.0,1478500.0,401.0
2015-05-21,401.6499938964844,397.9700012207031,400.239990234375,401.1499938964844,859000.0,401.1499938964844
2015-05-22,401.7900085449219,397.3999938964844,399.19000244140625,398.67999267578125,829800.0,398.67999267578125
2015-05-26,399.92999267578125,391.6199951171875,397.1700134277344,392.8800048828125,899800.0,392.8800048828125
2015-05-27,403.2200012207031,391.5199890136719,393.80999755859375,402.9200134277344,1117000.0,402.9200134277344
2015-05-28,403.8500061035156,399.1000061035156,402.29998779296875,400.1000061035156,789100.0,400.1000061035156
2015-05-29,401.8900146484375,395.6400146484375,400.0899963378906,396.989990234375,1299500.0,396.989990234375
2015-06-01,399.5799865722656,391.0,398.8699951171875,393.3500061035156,1192600.0,393.3500061035156
2015-06-02,391.760009765625,384.0,391.3599853515625,387.6199951171875,1945900.0,387.6199951171875
2015-06-03,393.7900085449219,387.3299865722656,388.7699890136719,387.4800109863281,1281500.0,387.4800109863281
2015-06-04,387.5400085449219,382.5400085449219,385.5,384.3399963378906,1527600.0,384.3399963378906
2015-06-05,389.75,381.57000732421875,382.8800048828125,387.8599853515625,998800.0,387.8599853515625
2015-06-08,389.3900146484375,384.6700134277344,387.6600036621094,386.3699951171875,777000.0,386.3699951171875
2015-06-09,385.8800048828125,378.82000732421875,384.2699890136719,382.0,1260800.0,382.0
2015-06-10,390.05999755859375,378.0,382.9700012207031,388.5,1573300.0,388.5
2015-06-11,395.1499938964844,390.1600036621094,390.6000061035156,393.5400085449219,1323300.0,393.5400085449219
2015-06-12,395.79998779296875,386.25,391.260009765625,388.7699890136719,1078400.0,388.7699890136719
2015-06-15,390.42999267578125,382.0199890136719,386.6400146484375,388.2799987792969,1048000.0,388.2799987792969
2015-06-16,390.989990234375,385.4599914550781,386.5899963378906,388.2799987792969,930900.0,388.2799987792969
2015-06-17,391.8999938964844,386.30999755859375,389.3500061035156,390.8599853515625,920900.0,390.8599853515625
2015-06-18,404.8999938964844,393.3999938964844,393.4700012207031,401.54998779296875,1677400.0,401.54998779296875
2015-06-19,414.0,406.6099853515625,406.6099853515625,411.04998779296875,2951900.0,411.04998779296875
2015-06-22,420.0,414.7900085449219,415.0,417.57000732421875,1185800.0,417.57000732421875
2015-06-23,420.989990234375,414.0400085449219,419.6499938964844,416.260009765625,1081300.0,416.260009765625
2015-06-24,415.989990234375,410.2699890136719,415.42999267578125,410.6499938964844,990600.0,410.6499938964844
2015-06-25,417.67999267578125,410.05999755859375,412.9200134277344,411.2900085449219,902000.0,411.2900085449219
2015-06-26,413.70001220703125,405.7900085449219,412.239990234375,408.7300109863281,958700.0,408.7300109863281
2015-06-29,407.8599853515625,395.8999938964844,404.5,396.2099914550781,1474100.0,396.2099914550781
2015-06-30,405.0,396.6600036621094,403.54998779296875,403.94000244140625,1582200.0,403.94000244140625
2015-07-01,409.9800109863281,404.3800048828125,408.32000732421875,405.4100036621094,992500.0,405.4100036621094
2015-07-02,407.9800109863281,403.1499938964844,407.2900085449219,404.2799987792969,928600.0,404.2799987792969
2015-07-06,412.0,399.510009765625,399.8599853515625,404.6300048828125,1189700.0,404.6300048828125
2015-07-07,409.9100036621094,400.3299865722656,405.25,408.05999755859375,1488900.0,408.05999755859375
2015-07-08,406.2300109863281,396.7300109863281,405.0,397.67999267578125,1312900.0,397.67999267578125
2015-07-09,404.3599853515625,399.2900085449219,403.55999755859375,399.2900085449219,1325300.0,399.2900085449219
2015-07-10,401.44000244140625,381.8599853515625,401.0,388.2300109863281,3887500.0,388.2300109863281
2015-07-13,395.7900085449219,388.6400146484375,391.2099914550781,391.2300109863281,1517900.0,391.2300109863281
2015-07-14,403.2099914550781,393.7200012207031,396.95001220703125,400.20001220703125,1507200.0,400.20001220703125
2015-07-15,407.8299865722656,399.5299987792969,404.5899963378906,400.54998779296875,1471800.0,400.54998779296875
2015-07-16,407.30999755859375,402.04998779296875,402.7200012207031,403.7300109863281,1335500.0,403.7300109863281
2015-07-17,407.1300048828125,401.75,406.3699951171875,404.6600036621094,1890300.0,404.6600036621094
2015-07-20,409.3999938964844,403.010009765625,407.5299987792969,408.92999267578125,1816600.0,408.92999267578125
2015-07-21,412.239990234375,405.510009765625,410.3500061035156,409.5,1768700.0,409.5
2015-07-22,401.1099853515625,389.6099853515625,393.6499938964844,391.739990234375,4053500.0,391.739990234375
2015-07-23,396.2300109863281,384.510009765625,394.1700134277344,385.04998779296875,2602500.0,385.04998779296875
2015-07-24,327.0,299.760009765625,327.0,300.0299987792969,16634100.0,300.0299987792969
2015-07-27,325.0,303.760009765625,305.3999938964844,309.42999267578125,9975000.0,309.42999267578125
2015-07-28,320.510009765625,308.67999267578125,312.5199890136719,319.92999267578125,3547000.0,319.92999267578125
2015-07-29,323.0,309.1499938964844,321.9200134277344,313.3399963378906,3278000.0,313.3399963378906
2015-07-30,319.4200134277344,310.5199890136719,312.5400085449219,317.0,2303900.0,317.0
2015-07-31,322.3500061035156,312.70001220703125,319.57000732421875,318.7799987792969,2261500.0,318.7799987792969
2015-08-03,325.80999755859375,319.1099853515625,320.3299865722656,324.3800048828125,3024800.0,324.3800048828125
2015-08-04,334.79998779296875,324.5199890136719,325.8800048828125,330.3800048828125,3586200.0,330.3800048828125
2015-08-05,338.510009765625,332.80999755859375,333.0,335.4100036621094,2308000.0,335.4100036621094
2015-08-06,337.5,315.29998779296875,336.6700134277344,316.6000061035156,3830000.0,316.6000061035156
2015-08-07,316.19000244140625,305.6600036621094,316.0,309.0,4259000.0,309.0
2015-08-10,317.25,312.0,312.20001220703125,314.94000244140625,2452900.0,314.94000244140625
2015-08-11,319.1199951171875,311.7200012207031,312.55999755859375,314.8500061035156,1843300.0,314.8500061035156
2015-08-12,317.8599853515625,307.5,312.29998779296875,316.7300109863281,1962800.0,316.7300109863281
2015-08-13,319.4800109863281,313.75,316.9700012207031,313.9100036621094,1316300.0,313.9100036621094
2015-08-14,316.2699890136719,309.1400146484375,314.2200012207031,312.6099853515625,1760300.0,312.6099853515625
2015-08-17,317.6600036621094,311.0199890136719,313.489990234375,316.0799865722656,1607200.0,316.0799865722656
2015-08-18,317.1499938964844,310.6000061035156,316.79998779296875,312.1300048828125,1213400.0,312.1300048828125
2015-08-19,319.3500061035156,310.5,311.989990234375,315.82000732421875,1832400.0,315.82000732421875
2015-08-20,316.8999938964844,309.2099914550781,314.7799987792969,309.8999938964844,1913200.0,309.8999938964844
2015-08-21,312.6499938964844,295.4599914550781,305.7099914550781,295.6400146484375,3659400.0,295.6400146484375
2015-08-24,295.1499938964844,265.0,269.04998779296875,278.3500061035156,5879900.0,278.3500061035156
2015-08-25,298.0,281.5,292.6400146484375,281.75,3744200.0,281.75
2015-08-26,298.6099853515625,283.44000244140625,290.1000061035156,298.25,3133900.0,298.25
2015-08-27,308.5,299.3599853515625,301.3699951171875,304.489990234375,2498600.0,304.489990234375
2015-08-28,306.45001220703125,299.760009765625,301.0,303.69000244140625,2058700.0,303.69000244140625
2015-08-31,304.510009765625,296.4700012207031,302.1600036621094,297.29998779296875,1632300.0,297.29998779296875
2015-09-01,301.9800109863281,291.260009765625,292.2200012207031,292.5,2498500.0,292.5
2015-09-02,304.42999267578125,293.6099853515625,298.4800109863281,304.2099914550781,2271600.0,304.2099914550781
2015-09-03,309.7200012207031,300.8399963378906,306.4700012207031,301.6300048828125,1787800.0,301.6300048828125
2015-09-04,304.1400146484375,295.0299987792969,297.7200012207031,302.260009765625,1696600.0,302.260009765625
2015-09-08,309.2200012207031,302.54998779296875,306.9100036621094,308.739990234375,1840900.0,308.739990234375
2015-09-09,317.8299865722656,302.4700012207031,313.54998779296875,303.4800109863281,1618700.0,303.4800109863281
2015-09-10,315.7699890136719,302.1099853515625,302.9100036621094,312.6199951171875,2189600.0,312.6199951171875
2015-09-11,315.5,307.2099914550781,310.6700134277344,315.3699951171875,1928100.0,315.3699951171875
2015-09-14,318.20001220703125,311.94000244140625,316.8900146484375,316.2300109863281,1811700.0,316.2300109863281
2015-09-15,321.6499938964844,313.2900085449219,316.4100036621094,319.8599853515625,2058200.0,319.8599853515625
2015-09-16,322.4100036621094,315.0799865722656,319.04998779296875,319.55999755859375,1984700.0,319.55999755859375
2015-09-17,330.5400085449219,318.3800048828125,321.19000244140625,325.29998779296875,2589200.0,325.29998779296875
2015-09-18,324.1000061035156,313.0,321.05999755859375,314.6700134277344,4569000.0,314.6700134277344
2015-09-21,315.42999267578125,294.6199951171875,315.2900085449219,297.1600036621094,4161900.0,297.1600036621094
2015-09-22,300.0,289.0,292.5199890136719,299.05999755859375,4391700.0,299.05999755859375
2015-09-23,303.7900085449219,296.29998779296875,299.2699890136719,298.3399963378906,1642900.0,298.3399963378906
2015-09-24,298.1499938964844,287.1199951171875,295.5799865722656,293.010009765625,2663100.0,293.010009765625
2015-09-25,298.7799987792969,280.32000732421875,298.7799987792969,284.7900085449219,3366100.0,284.7900085449219
2015-09-28,284.0,267.0,282.5400085449219,272.2799987792969,4908200.0,272.2799987792969
2015-09-29,288.57000732421875,270.6000061035156,270.6000061035156,278.2300109863281,3819700.0,278.2300109863281
2015-09-30,292.0,283.05999755859375,283.9800109863281,291.80999755859375,2911800.0,291.80999755859375
2015-10-01,292.8900146484375,282.45001220703125,291.989990234375,287.29998779296875,2871900.0,287.29998779296875
2015-10-02,290.75,280.7200012207031,283.3800048828125,290.3500061035156,2982000.0,290.3500061035156
2015-10-05,292.4800109863281,282.760009765625,291.42999267578125,286.54998779296875,2703000.0,286.54998779296875
2015-10-06,282.9800109863281,269.0,282.4100036621094,275.989990234375,4291600.0,275.989990234375
2015-10-07,284.6199951171875,274.010009765625,279.8599853515625,279.239990234375,3469900.0,279.239990234375
2015-10-08,281.5,272.2799987792969,278.3299865722656,279.8800048828125,2558900.0,279.8800048828125
2015-10-09,280.0,267.2699890136719,279.6300048828125,269.1600036621094,4047200.0,269.1600036621094
2015-10-12,270.9200134277344,263.510009765625,270.9200134277344,264.6700134277344,3686800.0,264.6700134277344
2015-10-13,270.82000732421875,254.77999877929688,262.0,256.0400085449219,4302900.0,256.0400085449219
2015-10-14,262.8500061035156,254.39999389648438,260.44000244140625,256.7900085449219,3961400.0,256.7900085449219
2015-10-15,268.5299987792969,254.0,256.30999755859375,268.4100036621094,2750300.0,268.4100036621094
2015-10-16,272.989990234375,267.0,270.17999267578125,272.3699951171875,2849300.0,272.3699951171875
2015-10-19,276.5,268.0400085449219,270.8699951171875,273.0199890136719,2940000.0,273.0199890136719
2015-10-20,277.2900085449219,264.5799865722656,273.05999755859375,265.80999755859375,3522600.0,265.80999755859375
2015-10-21,291.010009765625,262.45001220703125,285.0,276.3399963378906,8374300.0,276.3399963378906
2015-10-22,283.4800109863281,270.07000732421875,276.3299865722656,276.8299865722656,4522700.0,276.8299865722656
2015-10-23,280.8800048828125,270.70001220703125,279.0,276.989990234375,3866400.0,276.989990234375
2015-10-26,282.1499938964844,273.3699951171875,279.82000732421875,274.6000061035156,3149200.0,274.6000061035156
2015-10-27,291.7699890136719,275.1099853515625,276.0,290.6300048828125,3722600.0,290.6300048828125
2015-10-28,294.05999755859375,285.5,291.95001220703125,293.69000244140625,3306700.0,293.69000244140625
2015-10-29,299.4100036621094,290.7699890136719,294.29998779296875,293.7200012207031,3584600.0,293.7200012207031
2015-10-30,295.0400085449219,290.0,294.0,290.510009765625,5209100.0,290.510009765625
2015-11-02,303.30999755859375,293.3299865722656,294.5199890136719,303.0799865722656,2785800.0,303.0799865722656
2015-11-03,304.3699951171875,298.239990234375,302.04998779296875,299.1400146484375,2102400.0,299.1400146484375
2015-11-04,302.3900146484375,293.04998779296875,299.8399963378906,296.57000732421875,2433900.0,296.57000732421875
2015-11-05,295.010009765625,288.5,294.1499938964844,293.0299987792969,2259900.0,293.0299987792969
2015-11-06,296.1000061035156,287.7300109863281,293.0899963378906,295.3500061035156,2449600.0,295.3500061035156
2015-11-09,298.0,291.760009765625,294.0,293.3999938964844,1786200.0,293.3999938964844
2015-11-10,298.9800109863281,291.2300109863281,294.3599853515625,297.2200012207031,1801000.0,297.2200012207031
2015-11-11,303.29998779296875,293.7900085449219,297.94000244140625,293.8900146484375,2084700.0,293.8900146484375
2015-11-12,297.2799987792969,290.9100036621094,292.5,291.3299865722656,1457200.0,291.3299865722656
2015-11-13,293.2900085449219,283.8299865722656,290.17999267578125,284.8399963378906,1926800.0,284.8399963378906
2015-11-16,286.75,278.2799987792969,285.92999267578125,283.5299987792969,1960100.0,283.5299987792969
2015-11-17,285.7699890136719,278.54998779296875,284.20001220703125,279.489990234375,2348500.0,279.489990234375
2015-11-18,292.67999267578125,279.30999755859375,280.6499938964844,291.9800109863281,2253200.0,291.9800109863281
2015-11-19,292.5,286.5299987792969,292.0,289.44000244140625,1625100.0,289.44000244140625
2015-11-20,292.42999267578125,289.9100036621094,291.8500061035156,290.1600036621094,1723700.0,290.1600036621094
2015-11-23,297.8800048828125,290.260009765625,290.3999938964844,294.25,1392000.0,294.25
2015-11-24,292.6099853515625,288.010009765625,290.9599914550781,289.1499938964844,1325400.0,289.1499938964844
2015-11-25,292.8599853515625,289.2900085449219,290.0,292.29998779296875,1140100.0,292.29998779296875
2015-11-27,294.1000061035156,290.7799987792969,292.9700012207031,293.2099914550781,465800.0,293.2099914550781
2015-11-30,294.260009765625,285.1000061035156,293.1600036621094,286.8599853515625,1679300.0,286.8599853515625
2015-12-01,290.5899963378906,285.79998779296875,289.29998779296875,290.0400085449219,1684300.0,290.0400085449219
2015-12-02,290.3900146484375,284.5799865722656,289.1400146484375,284.9599914550781,1369000.0,284.9599914550781
2015-12-03,285.5799865722656,274.2300109863281,284.2200012207031,275.44000244140625,1902700.0,275.44000244140625
2015-12-04,284.75,276.1300048828125,277.0,284.45001220703125,1917100.0,284.45001220703125
2015-12-07,284.9800109863281,279.70001220703125,283.30999755859375,281.6300048828125,1739700.0,281.6300048828125
2015-12-08,289.760009765625,278.0,279.8900146484375,288.4599914550781,1752000.0,288.4599914550781
2015-12-09,290.0899963378906,283.0199890136719,286.2099914550781,284.6099853515625,1525400.0,284.6099853515625
2015-12-10,291.2200012207031,284.67999267578125,285.3599853515625,289.8800048828125,1420300.0,289.8800048828125
2015-12-11,288.5899963378906,282.2300109863281,285.5400085449219,283.4599914550781,2029900.0,283.4599914550781
2015-12-14,285.0,276.42999267578125,283.7699890136719,282.3900146484375,1649800.0,282.3900146484375
2015-12-15,291.69000244140625,282.55999755859375,285.010009765625,289.1099853515625,1624300.0,289.1099853515625
2015-12-16,299.67999267578125,290.0,292.2300109863281,299.2900085449219,2104200.0,299.2900085449219
2015-12-17,300.8699951171875,296.3800048828125,299.0400085449219,297.1700134277344,1705300.0,297.1700134277344
2015-12-18,299.82000732421875,293.04998779296875,294.79998779296875,293.3699951171875,2790200.0,293.3699951171875
2015-12-21,297.8599853515625,293.5,294.8399963378906,297.55999755859375,1137600.0,297.55999755859375
2015-12-22,301.8399963378906,296.3500061035156,298.0,300.7699890136719,1211900.0,300.7699890136719
2015-12-23,303.7900085449219,299.1600036621094,303.7900085449219,300.19000244140625,986500.0,300.19000244140625
2015-12-24,303.8699951171875,299.5,300.2900085449219,302.2900085449219,540000.0,302.2900085449219
2015-12-28,304.9800109863281,301.5,302.0299987792969,303.8399963378906,845400.0,303.8399963378906
2015-12-29,311.6499938964844,304.7699890136719,304.989990234375,309.6700134277344,1223300.0,309.6700134277344
2015-12-30,310.2900085449219,307.0,309.9800109863281,308.3399963378906,802500.0,308.3399963378906
2015-12-31,309.3299865722656,306.1000061035156,306.1000061035156,306.3500061035156,1063800.0,306.3500061035156
2016-01-04,301.0199890136719,291.3999938964844,300.3399963378906,294.6199951171875,2451100.0,294.6199951171875
2016-01-05,298.6400146484375,293.55999755859375,295.3800048828125,296.70001220703125,1263900.0,296.70001220703125
2016-01-06,296.5799865722656,291.010009765625,292.6000061035156,293.67999267578125,1540200.0,293.67999267578125
2016-01-07,289.989990234375,283.0299987792969,286.5199890136719,284.010009765625,1844900.0,284.010009765625
2016-01-08,288.1099853515625,280.0,284.6499938964844,280.5899963378906,1808900.0,280.5899963378906
2016-01-11,283.95001220703125,271.6600036621094,280.5899963378906,278.5400085449219,2104500.0,278.5400085449219
2016-01-12,285.55999755859375,271.0,281.17999267578125,278.6700134277344,1833900.0,278.6700134277344
2016-01-13,281.989990234375,267.0,279.4200134277344,267.25,2108400.0,267.25
2016-01-14,283.29998779296875,265.3699951171875,268.57000732421875,280.57000732421875,2414300.0,280.57000732421875
2016-01-15,279.8900146484375,269.25,271.010009765625,273.3299865722656,2579900.0,273.3299865722656
2016-01-19,276.989990234375,264.7200012207031,276.9800109863281,269.8500061035156,2209600.0,269.8500061035156
2016-01-20,272.7799987792969,257.6600036621094,263.25,269.3500061035156,2368300.0,269.3500061035156
2016-01-21,271.04998779296875,261.0199890136719,269.6700134277344,262.0799865722656,2531000.0,262.0799865722656
2016-01-22,269.4800109863281,264.6199951171875,266.3599853515625,268.9200134277344,2111800.0,268.9200134277344
2016-01-25,271.2099914550781,261.29998779296875,269.4599914550781,262.1000061035156,1792400.0,262.1000061035156
2016-01-26,264.4800109863281,257.7799987792969,262.760009765625,259.8699951171875,2105800.0,259.8699951171875
2016-01-27,285.2799987792969,270.3399963378906,275.04998779296875,273.260009765625,5159600.0,273.260009765625
2016-01-28,276.9700012207031,261.70001220703125,275.7699890136719,265.9599914550781,3056500.0,265.9599914550781
2016-01-29,273.8999938964844,265.70001220703125,268.4200134277344,273.05999755859375,3080400.0,273.05999755859375
2016-02-01,275.8299865722656,269.5799865722656,270.3399963378906,273.45001220703125,1852000.0,273.45001220703125
2016-02-02,271.20001220703125,265.1600036621094,267.739990234375,266.05999755859375,1929800.0,266.05999755859375
2016-02-03,270.739990234375,261.0,267.5799865722656,270.42999267578125,2085800.0,270.42999267578125
2016-02-04,279.3800048828125,269.1099853515625,270.1600036621094,273.2699890136719,2067500.0,273.2699890136719
2016-02-05,272.6700134277344,258.4599914550781,271.1000061035156,263.8599853515625,2856900.0,263.8599853515625
2016-02-08,260.45001220703125,248.16000366210938,260.45001220703125,250.77000427246094,2758200.0,250.77000427246094
2016-02-09,255.0,243.85000610351562,246.5399932861328,249.99000549316406,2362600.0,249.99000549316406
2016-02-10,257.3699951171875,249.27999877929688,253.35000610351562,252.1999969482422,1763500.0,252.1999969482422
2016-02-11,250.02000427246094,243.02999877929688,246.30999755859375,245.11000061035156,2171200.0,245.11000061035156
2016-02-12,249.1999969482422,242.07000732421875,248.77999877929688,247.22000122070312,2119500.0,247.22000122070312
2016-02-16,257.4200134277344,249.0,249.0,256.5199890136719,2084200.0,256.5199890136719
2016-02-17,265.8599853515625,256.0799865722656,256.2900085449219,265.6300048828125,1921400.0,265.6300048828125
2016-02-18,266.9599914550781,258.510009765625,266.6000061035156,259.04998779296875,1536200.0,259.04998779296875
2016-02-19,263.0,255.1199951171875,257.3599853515625,261.3999938964844,1450100.0,261.3999938964844
2016-02-22,266.0,261.3399963378906,265.260009765625,265.8299865722656,1218100.0,265.8299865722656
2016-02-23,265.8599853515625,257.8999938964844,264.80999755859375,258.989990234375,1539200.0,258.989990234375
2016-02-24,257.67999267578125,249.00999450683594,256.3500061035156,257.2200012207031,1433700.0,257.2200012207031
2016-02-25,262.8399963378906,259.1600036621094,261.8999938964844,262.3500061035156,1516000.0,262.3500061035156
2016-02-26,266.4700012207031,260.8800048828125,264.05999755859375,264.489990234375,1603200.0,264.489990234375
2016-02-29,265.6000061035156,259.17999267578125,262.67999267578125,259.4200134277344,1790100.0,259.4200134277344
2016-03-01,271.010009765625,259.25,261.3699951171875,270.8999938964844,1928400.0,270.8999938964844
2016-03-02,274.57000732421875,268.6600036621094,270.1700134277344,273.6600036621094,1664000.0,273.6600036621094
2016-03-03,272.82000732421875,266.1400146484375,272.2200012207031,268.6400146484375,1430900.0,268.6400146484375
2016-03-04,269.67999267578125,263.1300048828125,269.6400146484375,263.94000244140625,1640800.0,263.94000244140625
2016-03-07,272.44000244140625,261.20001220703125,262.1400146484375,269.5199890136719,1678700.0,269.5199890136719
2016-03-08,269.0199890136719,260.7799987792969,267.239990234375,261.2799987792969,1552100.0,261.2799987792969
2016-03-09,263.2799987792969,252.3800048828125,261.260009765625,255.66000366210938,1892500.0,255.66000366210938
2016-03-10,260.57000732421875,251.0,257.0,251.97000122070312,1962100.0,251.97000122070312
2016-03-11,260.0400085449219,255.10000610351562,255.97999572753906,259.739990234375,1759900.0,259.739990234375
2016-03-14,259.8900146484375,256.8999938964844,258.9100036621094,257.7699890136719,1241700.0,257.7699890136719
2016-03-15,257.9200134277344,248.5399932861328,257.4700012207031,250.3300018310547,1954800.0,250.3300018310547
2016-03-16,256.19000244140625,247.61000061035156,250.4199981689453,250.83999633789062,1744800.0,250.83999633789062
2016-03-17,250.02999877929688,242.25,250.0,246.30999755859375,1895000.0,246.30999755859375
2016-03-18,251.16000366210938,243.2100067138672,247.8300018310547,250.77999877929688,3347900.0,250.77999877929688
2016-03-21,257.4100036621094,247.00999450683594,249.52000427246094,256.04998779296875,1451300.0,256.04998779296875
2016-03-22,261.3800048828125,252.1999969482422,252.6999969482422,259.4200134277344,1564600.0,259.4200134277344
2016-03-23,258.3500061035156,253.58999633789062,257.0,255.24000549316406,1545600.0,255.24000549316406
2016-03-24,257.5400085449219,251.1300048828125,253.7899932861328,254.69000244140625,1077100.0,254.69000244140625
2016-03-28,256.7099914550781,251.4499969482422,255.0500030517578,251.75999450683594,1019000.0,251.75999450683594
2016-03-29,254.97000122070312,246.74000549316406,251.67999267578125,254.67999267578125,1266500.0,254.67999267578125
2016-03-30,257.9200134277344,252.6300048828125,256.0400085449219,254.17999267578125,1161600.0,254.17999267578125
2016-03-31,261.3999938964844,254.19000244140625,255.07000732421875,260.32000732421875,1550300.0,260.32000732421875
2016-04-01,261.9599914550781,257.5,258.8299865722656,260.5400085449219,2156200.0,260.5400085449219
2016-04-04,266.0,260.0400085449219,260.55999755859375,264.010009765625,2414500.0,264.010009765625
2016-04-05,267.75,262.1499938964844,262.2799987792969,265.6199951171875,1700700.0,265.6199951171875
2016-04-06,280.5799865722656,266.1700134277344,266.3299865722656,279.57000732421875,2960600.0,279.57000732421875
2016-04-07,280.70001220703125,271.1499938964844,278.0299987792969,273.0400085449219,2006100.0,273.0400085449219
2016-04-08,275.1600036621094,267.3299865722656,275.0,270.8299865722656,2136000.0,270.8299865722656
2016-04-11,272.9800109863281,264.2099914550781,271.57000732421875,265.19000244140625,1888500.0,265.19000244140625
2016-04-12,268.67999267578125,262.2699890136719,265.0,267.6099853515625,1441400.0,267.6099853515625
2016-04-13,272.7699890136719,267.3500061035156,269.2200012207031,271.7300109863281,1395000.0,271.7300109863281
2016-04-14,272.0,269.07000732421875,270.7099914550781,270.55999755859375,905400.0,270.55999755859375
2016-04-15,271.07000732421875,265.30999755859375,270.55999755859375,268.5,1685200.0,268.5
2016-04-18,273.3699951171875,267.0400085449219,267.8500061035156,272.9200134277344,1513100.0,272.9200134277344
2016-04-19,275.9800109863281,270.2300109863281,273.1000061035156,271.0,1397400.0,271.0
2016-04-20,271.9200134277344,263.30999755859375,271.9200134277344,265.8900146484375,2522500.0,265.8900146484375
2016-04-21,280.1300048828125,268.8399963378906,268.8399963378906,279.6000061035156,3153600.0,279.6000061035156
2016-04-22,283.5400085449219,278.2099914550781,280.3999938964844,282.70001220703125,2355100.0,282.70001220703125
2016-04-25,286.32000732421875,281.55999755859375,281.57000732421875,284.8500061035156,1663600.0,284.8500061035156
2016-04-26,285.95001220703125,280.6700134277344,285.6300048828125,281.70001220703125,1473700.0,281.70001220703125
2016-04-27,282.0,278.5199890136719,281.57000732421875,280.05999755859375,1099100.0,280.05999755859375
2016-04-28,284.04998779296875,277.510009765625,278.0,281.0799865722656,1403300.0,281.0799865722656
2016-04-29,280.5299987792969,271.3999938964844,278.239990234375,274.989990234375,1941000.0,274.989990234375
2016-05-02,274.989990234375,268.8800048828125,274.739990234375,273.69000244140625,1359300.0,273.69000244140625
2016-05-03,276.6099853515625,271.0899963378906,272.82000732421875,273.7099914550781,1603600.0,273.7099914550781
2016-05-04,271.75,262.44000244140625,271.70001220703125,263.1199951171875,1788200.0,263.1199951171875
2016-05-05,265.3999938964844,262.6300048828125,263.5799865722656,264.6199951171875,1105900.0,264.6199951171875
2016-05-06,265.8699951171875,260.8900146484375,263.4700012207031,263.6099853515625,1202000.0,263.6099853515625
2016-05-09,273.1400146484375,264.1000061035156,264.7200012207031,270.1700134277344,1425800.0,270.1700134277344
2016-05-10,273.6099853515625,269.6000061035156,271.6400146484375,273.2699890136719,1029900.0,273.2699890136719
2016-05-11,273.6099853515625,267.0,272.2200012207031,267.25,971500.0,267.25
2016-05-12,270.54998779296875,259.5899963378906,268.25,262.7099914550781,1299300.0,262.7099914550781
2016-05-13,264.9800109863281,260.1000061035156,261.4100036621094,262.0299987792969,997700.0,262.0299987792969
2016-05-16,266.95001220703125,262.6000061035156,263.0299987792969,266.260009765625,1306100.0,266.260009765625
2016-05-17,267.8900146484375,263.0799865722656,265.1499938964844,263.5199890136719,1161000.0,263.5199890136719
2016-05-18,265.82000732421875,262.260009765625,262.6499938964844,264.2900085449219,1040800.0,264.2900085449219
2016-05-19,264.70001220703125,256.4200134277344,262.79998779296875,258.7200012207031,1281200.0,258.7200012207031
2016-05-20,265.54998779296875,259.0,259.30999755859375,263.6600036621094,1340400.0,263.6600036621094
2016-05-23,267.17999267578125,263.1499938964844,263.7699890136719,264.8500061035156,844300.0,264.8500061035156
2016-05-24,273.4200134277344,263.94000244140625,266.3299865722656,272.94000244140625,1560900.0,272.94000244140625
2016-05-25,280.07000732421875,273.510009765625,273.7300109863281,279.70001220703125,1796300.0,279.70001220703125
2016-05-26,284.2799987792969,279.0899963378906,279.5299987792969,282.0,1805900.0,282.0
2016-05-27,284.25,280.6099853515625,282.0,282.7900085449219,1262400.0,282.7900085449219
2016-05-31,291.6300048828125,284.6600036621094,285.0,289.7300109863281,2146500.0,289.7300109863281
2016-06-01,289.95001220703125,286.1400146484375,287.9700012207031,286.82000732421875,1418400.0,286.82000732421875
2016-06-02,289.9100036621094,286.55999755859375,286.8800048828125,289.7300109863281,1128200.0,289.7300109863281
2016-06-03,292.69000244140625,283.7900085449219,289.510009765625,290.2300109863281,1473000.0,290.2300109863281
2016-06-06,290.739990234375,285.2099914550781,290.0,289.8399963378906,1618700.0,289.8399963378906
2016-06-07,264.7300109863281,250.8699951171875,264.45001220703125,252.86000061035156,8876400.0,252.86000061035156
2016-06-08,256.7900085449219,251.41000366210938,255.02999877929688,254.1699981689453,3610400.0,254.1699981689453
2016-06-09,256.19000244140625,249.57000732421875,253.13999938964844,250.4600067138672,2860200.0,250.4600067138672
2016-06-10,249.0399932861328,244.02000427246094,248.14999389648438,246.1300048828125,2455300.0,246.1300048828125
2016-06-13,248.39999389648438,244.0399932861328,245.75999450683594,244.35000610351562,1628200.0,244.35000610351562
2016-06-14,245.00999450683594,240.16000366210938,243.35000610351562,241.6999969482422,1696700.0,241.6999969482422
2016-06-15,242.99000549316406,238.58999633789062,242.3800048828125,238.91000366210938,2101600.0,238.91000366210938
2016-06-16,243.33999633789062,236.5399932861328,236.91000366210938,242.19000244140625,1995500.0,242.19000244140625
2016-06-17,242.27000427246094,238.1999969482422,242.27000427246094,238.2100067138672,2219500.0,238.2100067138672
2016-06-20,242.5,237.1699981689453,241.0,237.38999938964844,1401100.0,237.38999938964844
2016-06-21,238.99000549316406,232.99000549316406,238.0,233.0,1955900.0,233.0
2016-06-22,238.47999572753906,232.16000366210938,233.66000366210938,234.60000610351562,2622400.0,234.60000610351562
2016-06-23,238.7899932861328,235.75999450683594,237.17999267578125,238.6199951171875,1403000.0,238.6199951171875
2016-06-24,235.3000030517578,229.0,232.0,229.02000427246094,2685000.0,229.02000427246094
2016-06-27,229.5399932861328,223.02000427246094,227.0,224.60000610351562,2913900.0,224.60000610351562
2016-06-28,229.75,225.67999267578125,225.67999267578125,228.52000427246094,2115700.0,228.52000427246094
2016-06-29,239.85000610351562,232.0,232.8699951171875,238.91000366210938,2881200.0,238.91000366210938
2016-06-30,241.89999389648438,236.6699981689453,239.30999755859375,241.82000732421875,2093200.0,241.82000732421875
2016-07-01,246.5500030517578,241.58999633789062,242.57000732421875,245.05999755859375,1465500.0,245.05999755859375
2016-07-05,244.8000030517578,240.07000732421875,244.6199951171875,242.02999877929688,1239300.0,242.02999877929688
2016-07-06,247.88999938964844,240.7100067138672,241.63999938964844,247.47999572753906,1750900.0,247.47999572753906
2016-07-07,249.66000366210938,245.22000122070312,247.24000549316406,247.27000427246094,1138800.0,247.27000427246094
2016-07-08,251.77999877929688,246.11000061035156,248.6300048828125,251.3000030517578,1295600.0,251.3000030517578
2016-07-11,255.10000610351562,251.1199951171875,253.25,252.5399932861328,1746600.0,252.5399932861328
2016-07-12,254.85000610351562,251.2899932861328,253.77999877929688,253.36000061035156,1175100.0,253.36000061035156
2016-07-13,254.27000427246094,250.82000732421875,254.24000549316406,251.19000244140625,1285400.0,251.19000244140625
2016-07-14,253.8000030517578,250.02000427246094,253.3000030517578,252.8699951171875,1295400.0,252.8699951171875
2016-07-15,260.45001220703125,253.80999755859375,254.1199951171875,260.29998779296875,2404900.0,260.29998779296875
2016-07-18,262.79998779296875,257.4700012207031,260.0400085449219,261.5,2133000.0,261.5
2016-07-19,262.489990234375,258.1600036621094,260.94000244140625,259.82000732421875,1094500.0,259.82000732421875
2016-07-20,263.1600036621094,257.57000732421875,259.8699951171875,262.4100036621094,1830200.0,262.4100036621094
2016-07-21,282.5400085449219,274.2300109863281,279.760009765625,282.45001220703125,5548000.0,282.45001220703125
2016-07-22,290.9200134277344,281.3800048828125,282.0899963378906,287.7799987792969,3394600.0,287.7799987792969
2016-07-25,290.5799865722656,285.0199890136719,287.8399963378906,287.3500061035156,1977700.0,287.3500061035156
2016-07-26,289.95001220703125,285.4700012207031,286.0,287.0400085449219,1987100.0,287.0400085449219
2016-07-27,288.7699890136719,286.0799865722656,286.8299865722656,288.3500061035156,1452600.0,288.3500061035156
2016-07-28,289.9800109863281,285.07000732421875,288.6099853515625,289.0299987792969,1454500.0,289.0299987792969
2016-07-29,290.4599914550781,286.79998779296875,288.8500061035156,289.92999267578125,1338500.0,289.92999267578125
2016-08-01,307.5,299.05999755859375,300.0,301.8299865722656,3565600.0,301.8299865722656
2016-08-02,333.6499938964844,297.6600036621094,302.8800048828125,330.1099853515625,7800000.0,330.1099853515625
2016-08-03,324.29998779296875,310.05999755859375,321.7699890136719,321.3399963378906,6040500.0,321.3399963378906
2016-08-04,320.45001220703125,314.010009765625,320.1499938964844,314.55999755859375,1997100.0,314.55999755859375
2016-08-05,318.9100036621094,313.69000244140625,316.1600036621094,315.9599914550781,1358300.0,315.9599914550781
2016-08-08,316.3500061035156,309.1600036621094,316.0199890136719,313.6499938964844,2136800.0,313.6499938964844
2016-08-09,316.239990234375,311.79998779296875,313.7200012207031,314.4200134277344,1132200.0,314.4200134277344
2016-08-10,315.0,307.1400146484375,315.0,308.8699951171875,1236300.0,308.8699951171875
2016-08-11,316.25,309.4200134277344,309.4700012207031,314.489990234375,1755400.0,314.489990234375
2016-08-12,315.2300109863281,311.6499938964844,311.989990234375,313.94000244140625,993800.0,313.94000244140625
2016-08-15,315.0799865722656,310.010009765625,313.3999938964844,313.3900146484375,929800.0,313.3900146484375
2016-08-16,316.6700134277344,312.6400146484375,313.2699890136719,313.4200134277344,946100.0,313.4200134277344
2016-08-17,314.7099914550781,311.2900085449219,314.1700134277344,313.82000732421875,852600.0,313.82000732421875
2016-08-18,313.760009765625,312.0,313.57000732421875,313.3800048828125,879000.0,313.3800048828125
2016-08-19,319.8900146484375,312.3900146484375,313.69000244140625,316.80999755859375,1393500.0,316.80999755859375
2016-08-22,320.82000732421875,315.1300048828125,316.1499938964844,316.80999755859375,1317300.0,316.80999755859375
2016-08-23,322.989990234375,315.2799987792969,316.80999755859375,318.1700134277344,1429000.0,318.1700134277344
2016-08-24,321.739990234375,306.7300109863281,318.17999267578125,309.3299865722656,1646500.0,309.3299865722656
2016-08-25,311.9700012207031,301.0199890136719,309.0299987792969,306.8500061035156,1669800.0,306.8500061035156
2016-08-26,310.739990234375,304.55999755859375,307.2099914550781,308.1700134277344,1124200.0,308.1700134277344
2016-08-29,309.1400146484375,304.7900085449219,307.8699951171875,306.1300048828125,1036400.0,306.1300048828125
2016-08-30,309.0,305.0,305.239990234375,307.8599853515625,1071000.0,307.8599853515625
2016-08-31,308.67999267578125,304.2200012207031,307.67999267578125,305.6300048828125,1045000.0,305.6300048828125
2016-09-01,309.25,305.0199890136719,307.9599914550781,306.0299987792969,1068000.0,306.0299987792969
2016-09-02,318.8800048828125,308.6600036621094,311.8299865722656,313.5899963378906,2233900.0,313.5899963378906
2016-09-06,316.4700012207031,309.1199951171875,310.42999267578125,310.6700134277344,1705400.0,310.6700134277344
2016-09-07,313.7200012207031,309.9599914550781,309.9599914550781,312.29998779296875,1155600.0,312.29998779296875
2016-09-08,312.45001220703125,307.4200134277344,311.3500061035156,307.7300109863281,1469700.0,307.7300109863281
2016-09-09,305.4800109863281,296.07000732421875,304.6199951171875,296.1000061035156,1976200.0,296.1000061035156
2016-09-12,303.8500061035156,293.8299865722656,294.1400146484375,302.6600036621094,1811000.0,302.6600036621094
2016-09-13,300.760009765625,294.739990234375,300.25,297.4100036621094,1829300.0,297.4100036621094
2016-09-14,304.1099853515625,298.2099914550781,298.3399963378906,299.7900085449219,1534200.0,299.7900085449219
2016-09-15,304.4599914550781,298.010009765625,300.0,302.82000732421875,1271400.0,302.82000732421875
2016-09-16,306.2900085449219,300.1700134277344,303.1499938964844,304.510009765625,1874500.0,304.510009765625
2016-09-19,308.0,303.1700134277344,304.8299865722656,303.5,1104800.0,303.5
2016-09-20,308.8599853515625,304.0,306.05999755859375,307.04998779296875,1100100.0,307.04998779296875
2016-09-21,312.3900146484375,304.1099853515625,309.0,312.0,1527600.0,312.0
2016-09-22,315.9800109863281,311.3699951171875,313.07000732421875,314.80999755859375,1378000.0,314.80999755859375
2016-09-23,317.32000732421875,312.1099853515625,312.5799865722656,312.5799865722656,881600.0,312.5799865722656
2016-09-26,312.0199890136719,308.67999267578125,311.70001220703125,309.82000732421875,924200.0,309.82000732421875
2016-09-27,315.0,307.5,309.7799987792969,314.5299987792969,1104500.0,314.5299987792969
2016-09-28,315.989990234375,308.739990234375,315.989990234375,310.54998779296875,1020100.0,310.54998779296875
2016-09-29,312.4700012207031,304.0400085449219,310.1700134277344,305.7799987792969,1133900.0,305.7799987792969
2016-09-30,314.3800048828125,306.0400085449219,306.5899963378906,313.0299987792969,2124800.0,313.0299987792969
2016-10-03,313.0,308.8500061035156,313.0,311.5899963378906,1001200.0,311.5899963378906
2016-10-04,314.0,309.8900146484375,311.94000244140625,311.4800109863281,914000.0,311.4800109863281
2016-10-05,313.32000732421875,308.6000061035156,313.2699890136719,309.70001220703125,977300.0,309.70001220703125
2016-10-06,309.8900146484375,303.9200134277344,308.29998779296875,305.989990234375,865100.0,305.989990234375
2016-10-07,308.0,302.2099914550781,307.30999755859375,305.5899963378906,1526000.0,305.5899963378906
2016-10-10,308.70001220703125,304.2699890136719,308.0,304.5899963378906,976500.0,304.5899963378906
2016-10-11,304.5199890136719,296.32000732421875,304.1300048828125,298.29998779296875,1494600.0,298.29998779296875
2016-10-12,299.1199951171875,291.489990234375,298.2900085449219,291.8800048828125,1823700.0,291.8800048828125
2016-10-13,296.6199951171875,288.9100036621094,289.19000244140625,294.4100036621094,1571600.0,294.4100036621094
2016-10-14,297.3399963378906,290.1300048828125,295.6300048828125,290.5,1149800.0,290.5
2016-10-17,293.4200134277344,288.25,289.8900146484375,291.6700134277344,1209700.0,291.6700134277344
2016-10-18,298.57000732421875,292.6300048828125,292.8699951171875,295.04998779296875,1151100.0,295.04998779296875
2016-10-19,296.5400085449219,292.489990234375,296.260009765625,295.1400146484375,988200.0,295.1400146484375
2016-10-20,300.32000732421875,293.7699890136719,293.8500061035156,299.6600036621094,1323700.0,299.6600036621094
2016-10-21,299.07000732421875,289.7799987792969,299.07000732421875,290.6499938964844,1567500.0,290.6499938964844
2016-10-24,293.3999938964844,290.0,292.29998779296875,290.7799987792969,1088200.0,290.7799987792969
2016-10-25,291.0799865722656,285.2699890136719,290.8399963378906,286.0,1838300.0,286.0
2016-10-26,301.3399963378906,291.29998779296875,294.9800109863281,296.4599914550781,2660100.0,296.4599914550781
2016-10-27,300.7799987792969,290.510009765625,298.0,290.8900146484375,1554300.0,290.8900146484375
2016-10-28,290.4700012207031,280.3399963378906,290.2900085449219,283.6400146484375,1884500.0,283.6400146484375
2016-10-31,285.0,279.2300109863281,284.9100036621094,280.17999267578125,1448900.0,280.17999267578125
2016-11-01,285.17999267578125,279.5299987792969,280.0299987792969,282.55999755859375,1371500.0,282.55999755859375
2016-11-02,282.30999755859375,277.0899963378906,282.30999755859375,277.260009765625,1081900.0,277.260009765625
2016-11-03,278.57000732421875,272.9800109863281,277.6499938964844,273.489990234375,1407900.0,273.489990234375
2016-11-04,279.92999267578125,268.0,269.3900146484375,277.0,1307600.0,277.0
2016-11-07,297.2699890136719,289.2300109863281,290.6400146484375,295.6199951171875,2190000.0,295.6199951171875
2016-11-08,299.07000732421875,292.54998779296875,295.20001220703125,295.6000061035156,1031000.0,295.6000061035156
2016-11-09,328.9800109863281,309.67999267578125,312.0,319.8599853515625,4271700.0,319.8599853515625
2016-11-10,329.8299865722656,319.489990234375,321.95001220703125,324.3999938964844,2665700.0,324.3999938964844
2016-11-11,322.6400146484375,314.4700012207031,320.2900085449219,319.17999267578125,1619500.0,319.17999267578125
2016-11-14,324.8299865722656,317.5400085449219,319.7300109863281,321.489990234375,1564700.0,321.489990234375
2016-11-15,323.1499938964844,314.6099853515625,321.54998779296875,322.5799865722656,1685100.0,322.5799865722656
2016-11-16,325.29998779296875,317.3900146484375,323.1499938964844,317.6499938964844,1123900.0,317.6499938964844
2016-11-17,320.239990234375,315.3500061035156,318.2300109863281,319.29998779296875,1459500.0,319.29998779296875
2016-11-18,321.0,313.30999755859375,318.8599853515625,317.0,1298400.0,317.0
2016-11-21,320.30999755859375,316.5199890136719,318.3599853515625,318.32000732421875,1331100.0,318.32000732421875
2016-11-22,321.0,314.0199890136719,320.7900085449219,318.1099853515625,1522200.0,318.1099853515625
2016-11-23,308.8800048828125,293.79998779296875,293.82000732421875,305.92999267578125,5377500.0,305.92999267578125
2016-11-25,307.1499938964844,302.3900146484375,306.4599914550781,305.20001220703125,740900.0,305.20001220703125
2016-11-28,305.8399963378906,301.29998779296875,304.3599853515625,303.7799987792969,1247900.0,303.7799987792969
2016-11-29,307.4200134277344,302.5299987792969,304.7300109863281,302.7699890136719,1389500.0,302.7699890136719
2016-11-30,304.29998779296875,293.95001220703125,303.3399963378906,294.07000732421875,2164900.0,294.07000732421875
2016-12-01,296.6499938964844,293.1099853515625,296.32000732421875,295.7799987792969,1684800.0,295.7799987792969
2016-12-02,299.95001220703125,293.0400085449219,296.5299987792969,297.19000244140625,1429400.0,297.19000244140625
2016-12-05,299.8900146484375,289.4800109863281,298.94000244140625,290.2200012207031,1870700.0,290.2200012207031
2016-12-06,294.45001220703125,290.0,291.75,291.1600036621094,1572600.0,291.1600036621094
2016-12-07,288.9700012207031,280.5,285.5,285.29998779296875,1967400.0,285.29998779296875
2016-12-08,292.9700012207031,278.5799865722656,285.79998779296875,289.5400085449219,4771300.0,289.5400085449219
2016-12-09,306.9800109863281,281.7900085449219,305.239990234375,287.7699890136719,6257700.0,287.7699890136719
2016-12-12,290.95001220703125,284.07000732421875,289.20001220703125,286.489990234375,1776200.0,286.489990234375
2016-12-13,289.5,284.80999755859375,286.75,287.3800048828125,1596200.0,287.3800048828125
2016-12-14,289.9599914550781,285.239990234375,288.2099914550781,286.25,1299300.0,286.25
2016-12-15,288.5299987792969,285.0199890136719,287.1600036621094,286.9700012207031,1706500.0,286.9700012207031
2016-12-16,289.0899963378906,286.0,287.6199951171875,286.3999938964844,2264700.0,286.3999938964844
2016-12-19,290.510009765625,272.9599914550781,286.5899963378906,278.7699890136719,2553500.0,278.7699890136719
2016-12-20,286.6700134277344,279.1300048828125,280.9800109863281,285.5899963378906,2219600.0,285.5899963378906
2016-12-21,285.6499938964844,281.0,285.05999755859375,283.1099853515625,1377800.0,283.1099853515625
2016-12-22,283.1700134277344,280.0199890136719,281.8299865722656,283.07000732421875,1061800.0,283.07000732421875
2016-12-23,288.3800048828125,281.80999755859375,283.04998779296875,287.5299987792969,1110500.0,287.5299987792969
2016-12-27,296.3800048828125,290.75,295.1700134277344,291.1199951171875,1453100.0,291.1199951171875
2016-12-28,292.1099853515625,288.5,291.989990234375,289.25,1036200.0,289.25
2016-12-29,290.4100036621094,285.2300109863281,288.9599914550781,287.0299987792969,1119800.0,287.0299987792969
2016-12-30,288.55999755859375,282.6400146484375,287.7900085449219,283.5799865722656,1327200.0,283.5799865722656
2017-01-03,293.20001220703125,284.8599853515625,285.82000732421875,291.7099914550781,1763400.0,291.7099914550781
2017-01-04,296.8299865722656,290.0400085449219,291.5899963378906,294.04998779296875,1273500.0,294.04998779296875
2017-01-05,296.32000732421875,292.2200012207031,294.80999755859375,293.57000732421875,1318600.0,293.57000732421875
2017-01-06,296.4100036621094,292.3900146484375,294.5899963378906,295.0,1082500.0,295.0
2017-01-09,300.0,294.4100036621094,295.3900146484375,299.0199890136719,1429100.0,299.0199890136719
2017-01-10,301.4200134277344,296.42999267578125,300.4200134277344,297.7900085449219,1408400.0,297.7900085449219
2017-01-11,297.8999938964844,285.0,296.95001220703125,287.1099853515625,2450500.0,287.1099853515625
2017-01-12,288.989990234375,285.0400085449219,286.6099853515625,287.7699890136719,1354700.0,287.7699890136719
2017-01-13,289.8599853515625,284.25,288.07000732421875,284.75,1711500.0,284.75
2017-01-17,286.3500061035156,281.0799865722656,284.2799987792969,283.010009765625,1966100.0,283.010009765625
2017-01-18,286.1600036621094,282.8699951171875,284.7900085449219,283.6099853515625,1079700.0,283.6099853515625
2017-01-19,284.8399963378906,279.2300109863281,282.739990234375,280.3500061035156,1421500.0,280.3500061035156
2017-01-20,282.55999755859375,279.4100036621094,282.07000732421875,280.6600036621094,1979100.0,280.6600036621094
2017-01-23,282.7200012207031,275.489990234375,280.3500061035156,276.0199890136719,1858000.0,276.0199890136719
2017-01-24,278.3999938964844,271.4700012207031,275.739990234375,273.82000732421875,1975200.0,273.82000732421875
2017-01-25,277.7799987792969,271.42999267578125,274.5400085449219,273.239990234375,2506100.0,273.239990234375
2017-01-26,285.7799987792969,277.0,278.0,278.8900146484375,2419000.0,278.8900146484375
2017-01-27,281.9800109863281,277.2900085449219,280.4599914550781,278.2099914550781,1353400.0,278.2099914550781
2017-01-30,278.8999938964844,274.2200012207031,278.2699890136719,276.05999755859375,1300300.0,276.05999755859375
2017-01-31,278.0,271.8999938964844,275.010009765625,277.239990234375,1856400.0,277.239990234375
2017-02-01,282.07000732421875,277.510009765625,278.9800109863281,281.69000244140625,1699500.0,281.69000244140625
2017-02-02,264.5199890136719,260.5,263.760009765625,264.2300109863281,2733900.0,264.2300109863281
2017-02-03,266.0,261.760009765625,264.9800109863281,264.6700134277344,1537500.0,264.6700134277344
2017-02-06,265.7300109863281,263.17999267578125,264.4599914550781,264.9100036621094,1619100.0,264.9100036621094
2017-02-07,269.6700134277344,264.55999755859375,269.4700012207031,266.1099853515625,1546900.0,266.1099853515625
2017-02-08,269.010009765625,265.42999267578125,265.42999267578125,268.739990234375,1922600.0,268.739990234375
2017-02-09,271.1600036621094,267.739990234375,268.239990234375,270.44000244140625,1399100.0,270.44000244140625
2017-02-10,276.4100036621094,269.9800109863281,270.67999267578125,274.760009765625,1648900.0,274.760009765625
2017-02-13,279.760009765625,275.1600036621094,276.2799987792969,278.9100036621094,1795500.0,278.9100036621094
2017-02-14,286.05999755859375,279.010009765625,279.8599853515625,285.1400146484375,2402800.0,285.1400146484375
2017-02-15,292.8900146484375,284.239990234375,284.57000732421875,292.6400146484375,2601200.0,292.6400146484375
2017-02-16,293.9800109863281,287.760009765625,292.5,290.1300048828125,1834900.0,290.1300048828125
2017-02-17,291.8999938964844,287.760009765625,290.0,288.94000244140625,2022900.0,288.94000244140625
2017-02-21,289.9100036621094,286.2200012207031,289.1600036621094,286.8999938964844,1471200.0,286.8999938964844
2017-02-22,289.42999267578125,285.2200012207031,287.75,287.6300048828125,1046000.0,287.6300048828125
2017-02-23,288.1099853515625,283.3599853515625,287.75,284.75,1418900.0,284.75
2017-02-24,285.80999755859375,266.0,285.010009765625,285.1300048828125,1768500.0,285.1300048828125
2017-02-27,291.25,284.2699890136719,285.3900146484375,291.1300048828125,1295100.0,291.1300048828125
2017-02-28,291.4200134277344,287.19000244140625,290.1300048828125,288.6000061035156,1251300.0,288.6000061035156
2017-03-01,294.1700134277344,289.1400146484375,290.07000732421875,293.260009765625,1319700.0,293.260009765625
2017-03-02,296.92999267578125,291.0,293.6400146484375,293.5899963378906,1282400.0,293.5899963378906
2017-03-03,298.0,293.1199951171875,293.1199951171875,297.8500061035156,1170700.0,297.8500061035156
2017-03-06,297.8999938964844,294.3999938964844,297.0899963378906,295.6600036621094,1395600.0,295.6600036621094
2017-03-07,293.8900146484375,290.6700134277344,293.8900146484375,291.1000061035156,1298400.0,291.1000061035156
2017-03-08,294.82000732421875,288.7200012207031,290.17999267578125,294.0899963378906,1243600.0,294.0899963378906
2017-03-09,294.9200134277344,290.44000244140625,291.2699890136719,293.05999755859375,1281200.0,293.05999755859375
2017-03-10,293.8999938964844,289.45001220703125,293.30999755859375,292.239990234375,1303700.0,292.239990234375
2017-03-13,293.8500061035156,290.1499938964844,291.54998779296875,292.95001220703125,1291500.0,292.95001220703125
2017-03-14,293.3900146484375,290.17999267578125,292.2699890136719,292.4700012207031,797700.0,292.4700012207031
2017-03-15,294.55999755859375,289.3900146484375,293.1400146484375,292.6400146484375,1376000.0,292.6400146484375
2017-03-16,285.42999267578125,275.70001220703125,285.010009765625,278.9599914550781,3870900.0,278.9599914550781
2017-03-17,280.6099853515625,274.6099853515625,276.07000732421875,276.0899963378906,3140200.0,276.0899963378906
2017-03-20,278.6099853515625,272.9700012207031,276.8599853515625,274.79998779296875,1666900.0,274.79998779296875
2017-03-21,284.7099914550781,274.5400085449219,276.3999938964844,275.7900085449219,3841600.0,275.7900085449219
2017-03-22,278.5400085449219,274.92999267578125,276.42999267578125,277.8699951171875,1333600.0,277.8699951171875
2017-03-23,279.3900146484375,274.69000244140625,277.0299987792969,275.4100036621094,1605000.0,275.4100036621094
2017-03-24,278.1000061035156,272.8699951171875,277.0799865722656,274.82000732421875,1368200.0,274.82000732421875
2017-03-27,276.7099914550781,272.3399963378906,272.54998779296875,275.2300109863281,1132900.0,275.2300109863281
2017-03-28,276.7099914550781,272.5,275.5899963378906,274.1099853515625,1149400.0,274.1099853515625
2017-03-29,273.9100036621094,268.20001220703125,273.9100036621094,268.5299987792969,2632200.0,268.5299987792969
2017-03-30,270.07000732421875,267.739990234375,268.69000244140625,269.05999755859375,1448700.0,269.05999755859375
2017-03-31,275.0,268.0199890136719,269.29998779296875,273.4200134277344,2747400.0,273.4200134277344
2017-04-03,274.7900085449219,271.2900085449219,274.0799865722656,272.69000244140625,1589000.0,272.69000244140625
2017-04-04,274.7300109863281,272.57000732421875,273.0,274.239990234375,1086200.0,274.239990234375
2017-04-05,274.6499938964844,270.07000732421875,274.4800109863281,270.44000244140625,1340200.0,270.44000244140625
2017-04-06,272.6000061035156,269.3399963378906,270.1400146484375,270.94000244140625,1622600.0,270.94000244140625
2017-04-07,270.8399963378906,267.32000732421875,270.6000061035156,268.7300109863281,1677600.0,268.7300109863281
2017-04-10,270.3999938964844,268.1400146484375,268.67999267578125,269.29998779296875,861000.0,269.29998779296875
2017-04-11,270.0,267.1000061035156,269.0799865722656,268.6499938964844,1247200.0,268.6499938964844
2017-04-12,270.6400146484375,267.7699890136719,270.3699951171875,268.9200134277344,1058100.0,268.9200134277344
2017-04-13,273.1400146484375,267.510009765625,269.0899963378906,271.8800048828125,1173800.0,271.8800048828125
2017-04-17,274.6400146484375,271.0,271.5,274.04998779296875,1025800.0,274.04998779296875
2017-04-18,275.17999267578125,269.7200012207031,273.92999267578125,271.1600036621094,1379500.0,271.1600036621094
2017-04-19,274.0,271.0799865722656,272.7200012207031,271.94000244140625,1190300.0,271.94000244140625
2017-04-20,273.6300048828125,270.7799987792969,272.20001220703125,272.4599914550781,981200.0,272.4599914550781
2017-04-21,274.8999938964844,271.6199951171875,272.7200012207031,272.94000244140625,1127600.0,272.94000244140625
2017-04-24,278.69000244140625,274.6099853515625,274.92999267578125,276.8599853515625,2007300.0,276.8599853515625
2017-04-25,291.8999938964844,285.8999938964844,290.0,286.8900146484375,3126300.0,286.8900146484375
2017-04-26,286.6199951171875,279.57000732421875,285.2799987792969,279.9800109863281,2146700.0,279.9800109863281
2017-04-27,281.2200012207031,275.6000061035156,279.57000732421875,276.57000732421875,2268500.0,276.57000732421875
2017-04-28,277.2799987792969,271.05999755859375,277.0899963378906,271.2099914550781,1800900.0,271.2099914550781
2017-05-01,273.80999755859375,270.5,271.3500061035156,271.0299987792969,1151100.0,271.0299987792969
2017-05-02,273.25,269.7200012207031,271.510009765625,271.3399963378906,1384300.0,271.3399963378906
2017-05-03,272.5,270.0899963378906,271.44000244140625,271.3599853515625,929000.0,271.3599853515625
2017-05-04,272.5299987792969,267.6099853515625,271.1300048828125,268.6000061035156,1143400.0,268.6000061035156
2017-05-05,269.5,261.0,268.32000732421875,262.1499938964844,1914100.0,262.1499938964844
2017-05-08,263.6000061035156,259.989990234375,262.5199890136719,260.4200134277344,1985500.0,260.4200134277344
2017-05-09,263.6600036621094,260.2799987792969,260.989990234375,261.2799987792969,1159200.0,261.2799987792969
2017-05-10,262.29998779296875,257.0199890136719,260.6300048828125,257.9200134277344,1503600.0,257.9200134277344
2017-05-11,258.19000244140625,252.69000244140625,257.2699890136719,254.14999389648438,1850600.0,254.14999389648438
2017-05-12,256.29998779296875,253.3000030517578,255.41000366210938,254.83999633789062,1119800.0,254.83999633789062
2017-05-15,259.95001220703125,253.97000122070312,253.97000122070312,258.5299987792969,1653600.0,258.5299987792969
2017-05-16,260.6199951171875,256.6000061035156,259.44000244140625,257.6400146484375,1049700.0,257.6400146484375
2017-05-17,256.1400146484375,251.1699981689453,255.3800048828125,251.33999633789062,1413500.0,251.33999633789062
2017-05-18,254.14999389648438,251.58999633789062,252.22999572753906,252.80999755859375,1242600.0,252.80999755859375
2017-05-19,254.82000732421875,249.7100067138672,253.41000366210938,250.08999633789062,1989800.0,250.08999633789062
2017-05-22,251.0,249.00999450683594,250.69000244140625,250.0399932861328,1331200.0,250.0399932861328
2017-05-23,250.97000122070312,247.97000122070312,250.97000122070312,248.10000610351562,1006000.0,248.10000610351562
2017-05-24,254.3699951171875,246.1199951171875,249.3000030517578,253.3300018310547,2225100.0,253.3300018310547
2017-05-25,254.4499969482422,252.0,252.64999389648438,252.97000122070312,1552300.0,252.97000122070312
2017-05-26,253.6199951171875,250.50999450683594,252.58999633789062,250.8000030517578,833100.0,250.8000030517578
2017-05-30,251.5500030517578,246.33999633789062,250.39999389648438,246.5399932861328,1366800.0,246.5399932861328
2017-05-31,247.97999572753906,244.27999877929688,247.30999755859375,247.77000427246094,1893500.0,247.77000427246094
2017-06-01,253.11000061035156,248.61000061035156,250.02999877929688,252.3800048828125,1548100.0,252.3800048828125
2017-06-02,258.260009765625,252.13999938964844,252.97999572753906,256.6499938964844,1731800.0,256.6499938964844
2017-06-05,259.239990234375,255.72999572753906,257.3699951171875,258.5,1579600.0,258.5
2017-06-06,258.29998779296875,254.9600067138672,257.05999755859375,257.1600036621094,1080700.0,257.1600036621094
2017-06-07,258.57000732421875,255.11000061035156,257.7099914550781,255.42999267578125,1153200.0,255.42999267578125
2017-06-08,258.1099853515625,254.52000427246094,255.25,257.1700134277344,1135800.0,257.1700134277344
2017-06-09,262.3699951171875,254.8699951171875,256.30999755859375,259.8900146484375,1575900.0,259.8900146484375
2017-06-12,265.4800109863281,259.57000732421875,260.2300109863281,262.1099853515625,1576700.0,262.1099853515625
2017-06-13,262.1199951171875,259.54998779296875,261.9700012207031,261.4200134277344,1312400.0,261.4200134277344
2017-06-14,257.3800048828125,250.8800048828125,255.55999755859375,253.3699951171875,3067600.0,253.3699951171875
2017-06-15,255.75999450683594,253.14999389648438,253.60000610351562,255.02000427246094,1443700.0,255.02000427246094
2017-06-16,256.7699890136719,250.88999938964844,255.49000549316406,251.74000549316406,2427200.0,251.74000549316406
2017-06-19,262.2799987792969,252.94000244140625,253.22999572753906,260.5400085449219,1956200.0,260.5400085449219
2017-06-20,269.0,259.6099853515625,260.82000732421875,266.0,2250200.0,266.0
2017-06-21,279.80999755859375,266.1099853515625,266.1099853515625,278.6000061035156,3158500.0,278.6000061035156
2017-06-22,284.2099914550781,278.29998779296875,279.8599853515625,280.57000732421875,2838900.0,280.57000732421875
2017-06-23,284.4599914550781,277.5799865722656,282.3299865722656,280.32000732421875,2439600.0,280.32000732421875
2017-06-26,282.8900146484375,277.6400146484375,281.739990234375,279.80999755859375,1279500.0,279.80999755859375
2017-06-27,279.3999938964844,271.20001220703125,279.0,271.25,1731500.0,271.25
2017-06-28,275.510009765625,269.0899963378906,271.25,274.6400146484375,1171900.0,274.6400146484375
2017-06-29,275.20001220703125,268.9100036621094,275.0,271.8800048828125,1035300.0,271.8800048828125
2017-06-30,276.0899963378906,269.5799865722656,273.70001220703125,271.3599853515625,1373000.0,271.3599853515625
2017-07-03,275.1099853515625,272.1199951171875,272.6199951171875,272.5199890136719,612500.0,272.5199890136719
2017-07-05,278.3699951171875,272.6099853515625,272.9700012207031,277.7099914550781,1326300.0,277.7099914550781
2017-07-06,276.8900146484375,271.0,275.57000732421875,271.9599914550781,1309700.0,271.9599914550781
2017-07-07,274.8599853515625,270.79998779296875,271.8999938964844,273.92999267578125,906300.0,273.92999267578125
2017-07-10,274.0799865722656,270.30999755859375,273.5,273.5799865722656,942200.0,273.5799865722656
2017-07-11,274.1000061035156,269.5,273.1000061035156,271.760009765625,922700.0,271.760009765625
2017-07-12,276.45001220703125,272.3299865722656,274.1499938964844,275.0799865722656,1406500.0,275.0799865722656
2017-07-13,280.75,272.6099853515625,276.0400085449219,278.3599853515625,1422500.0,278.3599853515625
2017-07-14,281.3399963378906,277.7699890136719,279.739990234375,280.80999755859375,921000.0,280.80999755859375
2017-07-17,284.30999755859375,279.510009765625,280.1000061035156,282.6499938964844,1531200.0,282.6499938964844
2017-07-18,283.67999267578125,280.30999755859375,283.010009765625,282.6000061035156,1126700.0,282.6000061035156
2017-07-19,285.8399963378906,280.510009765625,283.5199890136719,281.95001220703125,1103500.0,281.95001220703125
2017-07-20,284.32000732421875,280.75,282.17999267578125,281.44000244140625,1049200.0,281.44000244140625
2017-07-21,283.0,280.0199890136719,280.25,282.9200134277344,985400.0,282.9200134277344
2017-07-24,285.3500061035156,280.010009765625,283.0,284.70001220703125,1476200.0,284.70001220703125
2017-07-25,291.9100036621094,280.239990234375,290.010009765625,282.9599914550781,3110000.0,282.9599914550781
2017-07-26,296.95001220703125,285.0199890136719,288.54998779296875,295.6099853515625,3014600.0,295.6099853515625
2017-07-27,296.79998779296875,285.0299987792969,295.1400146484375,287.95001220703125,1721500.0,287.95001220703125
2017-07-28,289.29998779296875,284.0,287.4800109863281,287.44000244140625,869200.0,287.44000244140625
2017-07-31,290.9599914550781,287.5899963378906,287.6000061035156,289.5899963378906,1272200.0,289.5899963378906
2017-08-01,291.8599853515625,289.54998779296875,290.79998779296875,291.1499938964844,1195400.0,291.1499938964844
2017-08-02,291.6199951171875,287.1700134277344,290.1499938964844,288.0,1279400.0,288.0
2017-08-03,289.010009765625,285.0,288.8500061035156,286.0899963378906,882800.0,286.0899963378906
2017-08-04,288.6300048828125,284.45001220703125,286.8900146484375,288.2699890136719,746000.0,288.2699890136719
2017-08-07,291.1700134277344,288.1700134277344,289.17999267578125,291.010009765625,1035600.0,291.010009765625
2017-08-08,291.70001220703125,288.5,291.17999267578125,289.260009765625,931200.0,289.260009765625
2017-08-09,289.4700012207031,285.7300109863281,285.7900085449219,288.739990234375,777500.0,288.739990234375
2017-08-10,287.1099853515625,280.8800048828125,286.7200012207031,281.1499938964844,1378000.0,281.1499938964844
2017-08-11,285.8999938964844,281.2900085449219,282.3999938964844,283.67999267578125,727200.0,283.67999267578125
2017-08-14,286.5799865722656,284.0,285.0799865722656,286.04998779296875,786800.0,286.04998779296875
2017-08-15,289.7099914550781,285.510009765625,287.1000061035156,287.9200134277344,861700.0,287.9200134277344
2017-08-16,296.9100036621094,290.2900085449219,291.1600036621094,294.0799865722656,1684300.0,294.0799865722656
2017-08-17,294.0,284.2900085449219,293.07000732421875,284.4200134277344,1590600.0,284.4200134277344
2017-08-18,285.6700134277344,281.6499938964844,283.30999755859375,281.7699890136719,814100.0,281.7699890136719
2017-08-21,284.04998779296875,280.6000061035156,280.95001220703125,283.1499938964844,850300.0,283.1499938964844
2017-08-22,288.1499938964844,283.1099853515625,284.1300048828125,286.7200012207031,945000.0,286.7200012207031
2017-08-23,286.0,282.260009765625,286.0,282.6400146484375,1047400.0,282.6400146484375
2017-08-24,285.79998779296875,281.79998779296875,283.6600036621094,285.45001220703125,801500.0,285.45001220703125
2017-08-25,289.8500061035156,284.8900146484375,287.30999755859375,285.05999755859375,900500.0,285.05999755859375
2017-08-28,295.5,287.0,288.1199951171875,292.29998779296875,1447800.0,292.29998779296875
2017-08-29,293.79998779296875,289.3599853515625,289.3599853515625,293.5799865722656,903300.0,293.5799865722656
2017-08-30,305.489990234375,291.4599914550781,291.4599914550781,303.75,1916800.0,303.75
2017-08-31,316.8500061035156,304.19000244140625,304.5899963378906,316.55999755859375,2503600.0,316.55999755859375
2017-09-01,322.1199951171875,313.67999267578125,317.1600036621094,321.010009765625,2083900.0,321.010009765625
2017-09-05,319.82000732421875,312.5400085449219,318.6300048828125,315.8299865722656,1660500.0,315.8299865722656
2017-09-06,321.8999938964844,314.2799987792969,317.4800109863281,317.3599853515625,1535300.0,317.3599853515625
2017-09-07,325.7699890136719,315.0,317.3599853515625,323.8999938964844,1571600.0,323.8999938964844
2017-09-08,329.8399963378906,323.69000244140625,326.7300109863281,326.3299865722656,1429800.0,326.3299865722656
2017-09-11,329.95001220703125,322.82000732421875,329.6000061035156,326.5400085449219,1301300.0,326.5400085449219
2017-09-12,329.82000732421875,324.44000244140625,326.82000732421875,329.69000244140625,1045600.0,329.69000244140625
2017-09-13,330.0,323.3999938964844,329.57000732421875,324.04998779296875,1160900.0,324.04998779296875
2017-09-14,326.20001220703125,319.5899963378906,323.07000732421875,323.6600036621094,1136400.0,323.6600036621094
2017-09-15,325.989990234375,320.3699951171875,324.9100036621094,321.260009765625,2235400.0,321.260009765625
2017-09-18,321.80999755859375,317.6000061035156,321.5,318.17999267578125,1001800.0,318.17999267578125
2017-09-19,319.44000244140625,316.4599914550781,318.42999267578125,317.92999267578125,779300.0,317.92999267578125
2017-09-20,321.6000061035156,316.5199890136719,318.6099853515625,319.0,849500.0,319.0
2017-09-21,317.9599914550781,314.44000244140625,316.3900146484375,315.0299987792969,934700.0,315.0299987792969
2017-09-22,319.3399963378906,311.29998779296875,311.29998779296875,318.4599914550781,988100.0,318.4599914550781
2017-09-25,321.5,316.9599914550781,318.2799987792969,317.510009765625,1284600.0,317.510009765625
2017-09-26,320.5,314.0,318.2099914550781,317.05999755859375,944300.0,317.05999755859375
2017-09-27,318.75,311.7300109863281,318.57000732421875,312.79998779296875,1086400.0,312.79998779296875
2017-09-28,314.57000732421875,308.8800048828125,312.75,310.0,957200.0,310.0
2017-09-29,313.6000061035156,303.0,309.0899963378906,313.1199951171875,1647600.0,313.1199951171875
2017-10-02,317.1300048828125,313.1199951171875,315.19000244140625,316.1700134277344,1674000.0,316.1700134277344
2017-10-03,317.79998779296875,313.9100036621094,317.1099853515625,317.3900146484375,850900.0,317.3900146484375
2017-10-04,316.54998779296875,306.0,313.57000732421875,314.9200134277344,1067600.0,314.9200134277344
2017-10-05,330.9800109863281,320.2799987792969,320.7200012207031,326.739990234375,2159800.0,326.739990234375
2017-10-06,328.5,324.6000061035156,325.2099914550781,327.4800109863281,1039000.0,327.4800109863281
2017-10-09,332.239990234375,326.3299865722656,327.4599914550781,329.010009765625,902400.0,329.010009765625
2017-10-10,332.8699951171875,328.25,328.54998779296875,332.8299865722656,1004000.0,332.8299865722656
2017-10-11,333.3299865722656,329.2699890136719,332.1199951171875,333.19000244140625,938900.0,333.19000244140625
2017-10-12,334.32000732421875,330.0400085449219,332.92999267578125,333.30999755859375,1120200.0,333.30999755859375
2017-10-13,338.94000244140625,332.07000732421875,333.260009765625,337.6400146484375,1360300.0,337.6400146484375
2017-10-16,344.3699951171875,333.1700134277344,337.7300109863281,335.67999267578125,1176600.0,335.67999267578125
2017-10-17,348.6499938964844,339.69000244140625,343.1199951171875,344.4700012207031,1616300.0,344.4700012207031
2017-10-18,348.8399963378906,343.5400085449219,346.55999755859375,344.5799865722656,1246700.0,344.5799865722656
2017-10-19,346.1099853515625,338.1099853515625,343.3999938964844,342.4200134277344,1291800.0,342.4200134277344
2017-10-20,343.30999755859375,333.92999267578125,343.0,338.1000061035156,1909300.0,338.1000061035156
2017-10-23,335.510009765625,327.8299865722656,335.25,328.54998779296875,1885200.0,328.54998779296875
2017-10-24,321.1099853515625,301.80999755859375,319.0,315.7300109863281,5849300.0,315.7300109863281
2017-10-25,320.25,313.0,317.9599914550781,314.6400146484375,1879900.0,314.6400146484375
2017-10-26,313.57000732421875,305.1199951171875,310.0,307.6400146484375,1905300.0,307.6400146484375
2017-10-27,309.6000061035156,305.0,307.45001220703125,307.739990234375,1679800.0,307.739990234375
2017-10-30,317.6700134277344,307.20001220703125,307.739990234375,315.79998779296875,1469600.0,315.79998779296875
2017-10-31,316.8599853515625,310.5,315.17999267578125,311.6600036621094,1201600.0,311.6600036621094
2017-11-01,319.95001220703125,311.57000732421875,312.75,315.7300109863281,1386200.0,315.7300109863281
2017-11-02,319.2200012207031,308.5899963378906,316.0,309.3999938964844,1570900.0,309.3999938964844
2017-11-03,314.2099914550781,308.2099914550781,309.7900085449219,314.1400146484375,828000.0,314.1400146484375
2017-11-06,319.3999938964844,314.1400146484375,314.3900146484375,315.4700012207031,1065200.0,315.4700012207031
2017-11-07,315.9800109863281,310.4599914550781,315.94000244140625,313.57000732421875,887500.0,313.57000732421875
2017-11-08,314.80999755859375,311.6400146484375,314.80999755859375,312.5799865722656,1231900.0,312.5799865722656
2017-11-09,313.9700012207031,308.8999938964844,312.0,309.9599914550781,895400.0,309.9599914550781
2017-11-10,311.70001220703125,306.3900146484375,310.1000061035156,310.44000244140625,820700.0,310.44000244140625
2017-11-13,316.07000732421875,308.57000732421875,310.4700012207031,315.7099914550781,1186800.0,315.7099914550781
2017-11-14,314.44000244140625,307.5,313.3399963378906,309.69000244140625,1214300.0,309.69000244140625
2017-11-15,313.19000244140625,308.0,309.69000244140625,310.2799987792969,1294000.0,310.2799987792969
2017-11-16,314.6199951171875,309.67999267578125,310.7200012207031,313.9800109863281,731700.0,313.9800109863281
2017-11-17,316.0,310.17999267578125,313.4700012207031,313.9700012207031,907400.0,313.9700012207031
2017-11-20,315.760009765625,309.1700134277344,313.6000061035156,309.4599914550781,667200.0,309.4599914550781
2017-11-21,311.2200012207031,306.1099853515625,310.8699951171875,309.05999755859375,1281600.0,309.05999755859375
2017-11-22,311.1099853515625,307.1499938964844,308.9100036621094,309.79998779296875,732500.0,309.79998779296875
2017-11-24,310.3500061035156,307.2699890136719,308.5,308.9700012207031,514100.0,308.9700012207031
2017-11-27,312.45001220703125,307.010009765625,310.07000732421875,311.7300109863281,1353300.0,311.7300109863281
2017-11-28,317.3900146484375,312.1000061035156,314.1199951171875,317.1400146484375,1100700.0,317.1400146484375
2017-11-29,321.2900085449219,316.2300109863281,317.5,319.9599914550781,1360800.0,319.9599914550781
2017-11-30,323.69000244140625,317.760009765625,320.69000244140625,322.1700134277344,1186200.0,322.1700134277344
2017-12-01,323.07000732421875,314.7699890136719,320.70001220703125,319.3500061035156,1207500.0,319.3500061035156
2017-12-04,321.75,315.55999755859375,319.20001220703125,317.3999938964844,908700.0,317.3999938964844
2017-12-05,322.25,317.6600036621094,317.6600036621094,319.8699951171875,915600.0,319.8699951171875
2017-12-06,320.5799865722656,311.75,319.0,314.6600036621094,938800.0,314.6600036621094
2017-12-07,319.9100036621094,311.95001220703125,315.4200134277344,319.57000732421875,987100.0,319.57000732421875
2017-12-08,327.54998779296875,319.8500061035156,321.0,325.7699890136719,1133900.0,325.7699890136719
2017-12-11,330.6099853515625,322.6600036621094,327.0899963378906,328.0299987792969,1142800.0,328.0299987792969
2017-12-12,327.8999938964844,323.8399963378906,325.20001220703125,327.75,747400.0,327.75
2017-12-13,332.8500061035156,327.25,328.2099914550781,330.7099914550781,1129200.0,330.7099914550781
2017-12-14,332.0,321.1099853515625,332.0,323.54998779296875,1173900.0,323.54998779296875
2017-12-15,330.1199951171875,321.7300109863281,328.6099853515625,327.94000244140625,2023500.0,327.94000244140625
2017-12-18,330.4200134277344,324.5400085449219,329.6700134277344,325.95001220703125,990800.0,325.95001220703125
2017-12-19,328.3900146484375,324.0,326.1300048828125,327.0199890136719,866700.0,327.0199890136719
2017-12-20,335.79998779296875,329.29998779296875,330.75,333.4700012207031,1276500.0,333.4700012207031
2017-12-21,328.6000061035156,319.04998779296875,319.75,322.5199890136719,2212900.0,322.5199890136719
2017-12-22,323.5,318.7699890136719,323.1600036621094,319.5,887000.0,319.5
2017-12-26,320.1400146484375,316.25,319.45001220703125,319.7799987792969,653600.0,319.7799987792969
2017-12-27,322.25,318.8699951171875,319.92999267578125,320.07000732421875,600900.0,320.07000732421875
2017-12-28,322.3800048828125,319.260009765625,320.6000061035156,320.3299865722656,660000.0,320.3299865722656
2017-12-29,322.75,318.239990234375,320.54998779296875,318.57000732421875,619500.0,318.57000732421875
2018-01-02,335.42999267578125,318.3299865722656,321.1499938964844,334.1700134277344,1422500.0,334.1700134277344
2018-01-03,340.45001220703125,332.7099914550781,333.4599914550781,339.8500061035156,1121700.0,339.8500061035156
2018-01-04,341.3999938964844,335.4599914550781,339.7300109863281,339.989990234375,967100.0,339.989990234375
2018-01-05,344.1199951171875,339.05999755859375,342.0,342.489990234375,1486400.0,342.489990234375
2018-01-08,341.94000244140625,327.260009765625,341.45001220703125,329.6499938964844,1438800.0,329.6499938964844
2018-01-09,339.489990234375,329.05999755859375,329.6499938964844,336.3599853515625,1326400.0,336.3599853515625
2018-01-10,339.94000244140625,331.8399963378906,334.5899963378906,336.7200012207031,973400.0,336.7200012207031
2018-01-11,338.5400085449219,329.3399963378906,338.010009765625,333.07000732421875,1002000.0,333.07000732421875
2018-01-12,336.6099853515625,331.510009765625,333.30999755859375,335.95001220703125,885500.0,335.95001220703125
2018-01-16,344.8699951171875,336.55999755859375,337.6300048828125,338.8500061035156,1256800.0,338.8500061035156
2018-01-17,347.7799987792969,337.2799987792969,339.7200012207031,344.8699951171875,1418600.0,344.8699951171875
2018-01-18,345.0,337.5,343.989990234375,344.44000244140625,1302500.0,344.44000244140625
2018-01-19,347.57000732421875,341.82000732421875,347.57000732421875,342.4100036621094,1232200.0,342.4100036621094
2018-01-22,347.82000732421875,342.0299987792969,343.5899963378906,347.6400146484375,1195200.0,347.6400146484375
2018-01-23,354.2799987792969,345.739990234375,348.0,346.75,1186200.0,346.75
2018-01-24,350.1199951171875,342.29998779296875,348.8900146484375,346.5,1512600.0,346.5
2018-01-25,358.0,341.2099914550781,358.0,353.739990234375,1863000.0,353.739990234375
2018-01-26,370.57000732421875,356.04998779296875,356.1700134277344,367.9100036621094,2232700.0,367.9100036621094
2018-01-29,367.8999938964844,357.4700012207031,365.1499938964844,358.4800109863281,1317200.0,358.4800109863281
2018-01-30,357.75,351.1300048828125,355.4700012207031,352.5899963378906,1127800.0,352.5899963378906
2018-01-31,359.6099853515625,345.7200012207031,357.3399963378906,347.80999755859375,1398000.0,347.80999755859375
2018-02-01,352.3800048828125,344.5799865722656,348.17999267578125,346.0,1372900.0,346.0
2018-02-02,348.69000244140625,342.30999755859375,343.9800109863281,343.8299865722656,1095000.0,343.8299865722656
2018-02-05,348.3399963378906,328.30999755859375,344.5799865722656,328.30999755859375,1541300.0,328.30999755859375
2018-02-06,332.95001220703125,321.1099853515625,322.5199890136719,332.8599853515625,1768200.0,332.8599853515625
2018-02-07,333.5899963378906,326.25,329.8999938964844,326.8900146484375,1237300.0,326.8900146484375
2018-02-08,328.70001220703125,311.5,326.6700134277344,311.7900085449219,1414600.0,311.7900085449219
2018-02-09,319.92999267578125,302.2799987792969,313.2699890136719,316.7799987792969,2180400.0,316.7799987792969
2018-02-12,323.17999267578125,315.5,319.25,316.6300048828125,1331000.0,316.6300048828125
2018-02-13,319.0,312.3500061035156,315.010009765625,316.989990234375,732900.0,316.989990234375
2018-02-14,316.45001220703125,288.0,315.3599853515625,296.0799865722656,5426400.0,296.0799865722656
2018-02-15,300.75,289.2699890136719,298.8500061035156,299.3800048828125,3040900.0,299.3800048828125
2018-02-16,298.5,290.8800048828125,297.75,291.8699951171875,2943100.0,291.8699951171875
2018-02-20,294.8800048828125,286.510009765625,292.0,287.45001220703125,2004500.0,287.45001220703125
2018-02-21,290.6600036621094,285.1099853515625,287.55999755859375,286.1000061035156,1922400.0,286.1000061035156
2018-02-22,291.9100036621094,283.9700012207031,287.70001220703125,284.80999755859375,2484700.0,284.80999755859375
2018-02-23,294.239990234375,285.6000061035156,287.5899963378906,292.7799987792969,2541500.0,292.7799987792969
2018-02-26,296.1000061035156,288.79998779296875,294.0,290.010009765625,1448300.0,290.010009765625
2018-02-27,294.0299987792969,289.4200134277344,290.8299865722656,290.1000061035156,1697400.0,290.1000061035156
2018-02-28,292.8999938964844,287.3900146484375,291.260009765625,288.989990234375,1742400.0,288.989990234375
2018-03-01,291.44000244140625,281.3599853515625,288.1099853515625,282.3500061035156,2339200.0,282.3500061035156
2018-03-02,288.0,277.0,278.2200012207031,286.9599914550781,1511900.0,286.9599914550781
2018-03-05,288.1300048828125,282.5899963378906,284.1600036621094,286.95001220703125,904300.0,286.95001220703125
2018-03-06,288.67999267578125,283.760009765625,286.8599853515625,285.9800109863281,881700.0,285.9800109863281
2018-03-07,285.8299865722656,282.0,285.4700012207031,284.5400085449219,1404900.0,284.5400085449219
2018-03-08,286.82000732421875,283.2300109863281,285.4700012207031,284.69000244140625,1313700.0,284.69000244140625
2018-03-09,286.760009765625,281.70001220703125,285.8699951171875,286.1000061035156,1715000.0,286.1000061035156
2018-03-12,286.67999267578125,279.2900085449219,286.0,279.8999938964844,2349000.0,279.8999938964844
2018-03-13,286.5400085449219,280.5199890136719,282.2099914550781,283.239990234375,2258600.0,283.239990234375
2018-03-14,289.1700134277344,282.7099914550781,285.0299987792969,285.7200012207031,2039500.0,285.7200012207031
2018-03-15,288.260009765625,285.1300048828125,286.4800109863281,286.70001220703125,1342900.0,286.70001220703125
2018-03-16,292.29998779296875,287.4700012207031,289.3999938964844,287.6199951171875,2294200.0,287.6199951171875
2018-03-19,286.489990234375,276.42999267578125,285.8299865722656,278.3699951171875,1530400.0,278.3699951171875
2018-03-20,281.3999938964844,276.510009765625,278.6600036621094,279.67999267578125,1313400.0,279.67999267578125
2018-03-21,280.9800109863281,275.8599853515625,279.6099853515625,277.2900085449219,1340000.0,277.2900085449219
2018-03-22,278.3699951171875,271.6300048828125,275.4599914550781,271.8900146484375,1748600.0,271.8900146484375
2018-03-23,273.25,259.760009765625,272.95001220703125,260.1300048828125,3039600.0,260.1300048828125
2018-03-26,270.20001220703125,262.4800109863281,263.239990234375,268.20001220703125,2226800.0,268.20001220703125
2018-03-27,273.3699951171875,263.4100036621094,269.75,265.1600036621094,1880500.0,265.1600036621094
2018-03-28,275.0,265.69000244140625,266.3800048828125,271.82000732421875,1991800.0,271.82000732421875
2018-03-29,276.44000244140625,271.0,273.1099853515625,273.82000732421875,1237800.0,273.82000732421875
2018-04-02,272.5400085449219,261.0,272.0199890136719,266.8900146484375,1550300.0,266.8900146484375
2018-04-03,270.82000732421875,262.489990234375,267.9700012207031,266.4800109863281,1456600.0,266.4800109863281
2018-04-04,273.30999755859375,263.6199951171875,263.6300048828125,272.3999938964844,1603100.0,272.3999938964844
2018-04-05,272.989990234375,263.8399963378906,271.8299865722656,264.9800109863281,1804300.0,264.9800109863281
2018-04-06,266.1600036621094,256.7699890136719,263.510009765625,257.6499938964844,1954000.0,257.6499938964844
2018-04-09,264.4599914550781,254.3300018310547,258.2900085449219,257.5199890136719,2235500.0,257.5199890136719
2018-04-10,267.5799865722656,259.44000244140625,261.510009765625,265.0899963378906,1983200.0,265.0899963378906
2018-04-11,269.95001220703125,262.0,263.3599853515625,265.989990234375,1771500.0,265.989990234375
2018-04-12,270.17999267578125,266.2699890136719,268.6700134277344,267.44000244140625,1238300.0,267.44000244140625
2018-04-13,269.489990234375,264.1499938964844,269.2699890136719,265.3900146484375,1197100.0,265.3900146484375
2018-04-16,269.260009765625,262.2099914550781,267.44000244140625,263.1099853515625,1323300.0,263.1099853515625
2018-04-17,268.760009765625,263.7799987792969,265.7699890136719,264.75,1863000.0,264.75
2018-04-18,270.739990234375,265.5,265.5,268.0299987792969,1382200.0,268.0299987792969
2018-04-19,271.04998779296875,264.82000732421875,267.69000244140625,266.0199890136719,910900.0,266.0199890136719
2018-04-20,267.6600036621094,261.20001220703125,266.0299987792969,263.0199890136719,1584500.0,263.0199890136719
2018-04-23,264.4800109863281,258.0,263.1400146484375,259.29998779296875,1922300.0,259.29998779296875
2018-04-24,266.7300109863281,249.1699981689453,253.7100067138672,262.1499938964844,3619800.0,262.1499938964844
2018-04-25,274.3999938964844,262.2699890136719,262.70001220703125,269.45001220703125,2765700.0,269.45001220703125
2018-04-26,277.42999267578125,270.5199890136719,271.1000061035156,273.8599853515625,2084800.0,273.8599853515625
2018-04-27,279.44000244140625,274.010009765625,275.6000061035156,276.79998779296875,1955600.0,276.79998779296875
2018-04-30,280.30999755859375,273.45001220703125,277.5799865722656,273.6000061035156,2083300.0,273.6000061035156
2018-05-01,279.7200012207031,271.69000244140625,274.8900146484375,274.6099853515625,1910300.0,274.6099853515625
2018-05-02,277.57000732421875,264.0299987792969,273.0,274.1300048828125,3616700.0,274.1300048828125
2018-05-03,275.0400085449219,264.510009765625,272.8399963378906,266.44000244140625,1999000.0,266.44000244140625
2018-05-04,272.5799865722656,264.989990234375,264.989990234375,270.3399963378906,1937800.0,270.3399963378906
2018-05-07,273.7799987792969,269.0199890136719,271.1499938964844,269.70001220703125,1296800.0,269.70001220703125
2018-05-08,271.45001220703125,267.8900146484375,271.1099853515625,269.7300109863281,1303300.0,269.7300109863281
2018-05-09,275.7200012207031,269.07000732421875,269.75,274.0299987792969,1377300.0,274.0299987792969
2018-05-10,276.260009765625,272.1000061035156,272.6499938964844,274.0,1416600.0,274.0
2018-05-11,283.5899963378906,274.3599853515625,274.3599853515625,282.3900146484375,1908700.0,282.3900146484375
2018-05-14,285.5199890136719,281.0199890136719,282.3399963378906,282.3399963378906,2027100.0,282.3399963378906
2018-05-15,281.7300109863281,275.0,280.1600036621094,276.05999755859375,1729000.0,276.05999755859375
2018-05-16,283.54998779296875,276.94000244140625,277.3299865722656,281.510009765625,1515700.0,281.510009765625
2018-05-17,281.6199951171875,277.260009765625,280.260009765625,280.57000732421875,1830700.0,280.57000732421875
2018-05-18,282.7300109863281,280.0199890136719,281.010009765625,280.3999938964844,1639700.0,280.3999938964844
2018-05-21,282.1000061035156,276.4200134277344,281.3599853515625,277.6700134277344,1628100.0,277.6700134277344
2018-05-22,281.0400085449219,278.010009765625,278.2099914550781,279.69000244140625,1320200.0,279.69000244140625
2018-05-23,284.0,276.6499938964844,277.1400146484375,283.75,1355500.0,283.75
2018-05-24,285.4700012207031,281.79998779296875,283.44000244140625,284.4100036621094,1057500.0,284.4100036621094
2018-05-25,289.6099853515625,283.8500061035156,284.2900085449219,286.2099914550781,1464200.0,286.2099914550781
2018-05-29,289.8900146484375,282.1000061035156,283.6199951171875,287.0899963378906,1558000.0,287.0899963378906
2018-05-30,297.5,287.9599914550781,288.489990234375,294.3999938964844,1987500.0,294.3999938964844
2018-05-31,301.2200012207031,291.82000732421875,298.07000732421875,293.9599914550781,2081900.0,293.9599914550781
2018-06-01,298.3599853515625,293.0199890136719,294.94000244140625,297.0899963378906,1210000.0,297.0899963378906
2018-06-04,301.510009765625,296.1199951171875,297.0400085449219,298.9100036621094,1027100.0,298.9100036621094
2018-06-05,301.70001220703125,295.760009765625,299.3900146484375,298.6400146484375,1206300.0,298.6400146484375
2018-06-06,303.94000244140625,298.8900146484375,299.1499938964844,303.75,1371200.0,303.75
2018-06-07,307.9100036621094,303.05999755859375,304.3299865722656,305.3699951171875,1392900.0,305.3699951171875
2018-06-08,304.989990234375,300.3599853515625,304.67999267578125,303.2900085449219,1519800.0,303.2900085449219
2018-06-11,308.9800109863281,302.739990234375,302.760009765625,306.67999267578125,1178900.0,306.67999267578125
2018-06-12,308.8800048828125,304.2699890136719,306.260009765625,306.19000244140625,1085200.0,306.19000244140625
2018-06-13,310.9100036621094,305.5799865722656,306.4700012207031,306.9100036621094,1180300.0,306.9100036621094
2018-06-14,309.6000061035156,304.6700134277344,307.4700012207031,305.67999267578125,1344600.0,305.67999267578125
2018-06-15,309.5,303.4200134277344,306.04998779296875,305.0299987792969,1882400.0,305.0299987792969
2018-06-18,294.9700012207031,283.239990234375,294.04998779296875,289.1199951171875,3409000.0,289.1199951171875
2018-06-19,296.010009765625,286.0400085449219,286.1400146484375,292.0400085449219,1706200.0,292.0400085449219
2018-06-20,298.44000244140625,292.3699951171875,293.1000061035156,296.8599853515625,1273600.0,296.8599853515625
2018-06-21,298.04998779296875,294.6300048828125,296.2099914550781,297.3399963378906,1206700.0,297.3399963378906
2018-06-22,298.3800048828125,295.0,298.0,296.0400085449219,1334600.0,296.0400085449219
2018-06-25,297.1499938964844,289.20001220703125,295.9200134277344,292.19000244140625,1685500.0,292.19000244140625
2018-06-26,293.57000732421875,288.45001220703125,291.67999267578125,291.9200134277344,943300.0,291.9200134277344
2018-06-27,293.4800109863281,287.80999755859375,292.20001220703125,287.92999267578125,1116200.0,287.92999267578125
2018-06-28,290.3299865722656,285.32000732421875,289.32000732421875,288.75,1405900.0,288.75
2018-06-29,292.67999267578125,287.80999755859375,290.0799865722656,290.239990234375,1394300.0,290.239990234375
2018-07-02,296.1199951171875,288.1300048828125,290.29998779296875,295.7699890136719,1116400.0,295.7699890136719
2018-07-03,296.9200134277344,292.6400146484375,296.05999755859375,293.510009765625,452900.0,293.510009765625
2018-07-05,299.7300109863281,294.7799987792969,295.7699890136719,298.80999755859375,746300.0,298.80999755859375
2018-07-06,367.8900146484375,340.54998779296875,347.04998779296875,357.4800109863281,12857000.0,357.4800109863281
2018-07-09,360.3500061035156,347.510009765625,357.92999267578125,354.0,3872800.0,354.0
2018-07-10,347.8999938964844,339.1499938964844,347.5400085449219,344.82000732421875,3425600.0,344.82000732421875
2018-07-11,346.20001220703125,340.0,341.8399963378906,344.1000061035156,1786600.0,344.1000061035156
2018-07-12,348.07000732421875,343.54998779296875,347.0299987792969,347.6600036621094,1304400.0,347.6600036621094
2018-07-13,351.6700134277344,344.04998779296875,347.010009765625,348.4800109863281,1168600.0,348.4800109863281
2018-07-16,353.20001220703125,346.1000061035156,348.79998779296875,353.0299987792969,1460100.0,353.0299987792969
2018-07-17,356.0199890136719,351.5199890136719,352.20001220703125,354.9800109863281,1486100.0,354.9800109863281
2018-07-18,358.75,350.2900085449219,353.80999755859375,358.510009765625,1247170.0,358.510009765625
