Date,High,Low,Open,Close,Volume,Adj Close
2014-11-18,19.799999237060547,19.25,19.649999618530273,19.5,10252800.0,16.47086524963379
2014-11-19,19.899999618530273,19.5,19.5,19.780000686645508,1367100.0,16.70737075805664
2014-11-20,19.950000762939453,19.639999389648438,19.8799991607666,19.860000610351562,577400.0,16.774944305419922
2014-11-21,19.950000762939453,19.75,19.8799991607666,19.850000381469727,283600.0,16.76650047302246
2014-11-24,19.989999771118164,19.700000762939453,19.790000915527344,19.979999542236328,712200.0,16.876300811767578
2014-11-25,20.18000030517578,19.770000457763672,19.950000762939453,20.0,481100.0,16.893198013305664
2014-11-26,20.690000534057617,20.020000457763672,20.09000015258789,20.59000015258789,486400.0,17.391544342041016
2014-11-28,21.069000244140625,20.469999313354492,20.790000915527344,20.860000610351562,339100.0,17.61960220336914
2014-12-01,21.1299991607666,20.06999969482422,21.049999237060547,20.350000381469727,376200.0,17.188827514648438
2014-12-02,20.8799991607666,20.420000076293945,20.420000076293945,20.5,519400.0,17.315526962280273
2014-12-03,20.600000381469727,20.030000686645508,20.59000015258789,20.1299991607666,654800.0,17.003002166748047
2014-12-04,20.40999984741211,19.75,19.899999618530273,20.270000457763672,569300.0,17.121253967285156
2014-12-05,20.489999771118164,20.010000228881836,20.489999771118164,20.299999237060547,306500.0,17.146595001220703
2014-12-08,20.341999053955078,19.850000381469727,20.15999984741211,20.1200008392334,736400.0,16.994558334350586
2014-12-09,20.530000686645508,19.979999542236328,20.34000015258789,20.510000228881836,292600.0,17.323970794677734
2014-12-10,21.014999389648438,20.030000686645508,20.530000686645508,20.239999771118164,297000.0,17.095911026000977
2014-12-11,20.530000686645508,20.100000381469727,20.260000228881836,20.420000076293945,306500.0,17.247955322265625
2014-12-12,20.979999542236328,20.229999542236328,20.229999542236328,20.399999618530273,431500.0,17.231060028076172
2014-12-15,20.780000686645508,20.34000015258789,20.540000915527344,20.56999969482422,535500.0,17.374650955200195
2014-12-16,20.860000610351562,20.389999389648438,20.389999389648438,20.56999969482422,794700.0,17.374650955200195
2014-12-17,21.440000534057617,20.31999969482422,20.510000228881836,21.190000534057617,615000.0,17.89834213256836
2014-12-18,22.46299934387207,20.450000762939453,21.43000030517578,21.389999389648438,646400.0,18.06727409362793
2014-12-19,21.5,20.795000076293945,21.290000915527344,21.059999465942383,3087500.0,17.788536071777344
2014-12-22,21.579999923706055,20.829999923706055,21.079999923706055,21.479999542236328,842500.0,18.143295288085938
2014-12-23,21.6299991607666,21.19499969482422,21.59000015258789,21.520000457763672,179400.0,18.177082061767578
2014-12-24,21.875,21.3700008392334,21.68000030517578,21.579999923706055,54000.0,18.227754592895508
2014-12-26,22.170000076293945,21.239999771118164,21.6299991607666,21.799999237060547,189100.0,18.413583755493164
2014-12-29,21.90999984741211,21.1200008392334,21.719999313354492,21.780000686645508,220000.0,18.493314743041992
2014-12-30,22.242000579833984,21.6299991607666,21.760000228881836,22.040000915527344,186500.0,18.714078903198242
2014-12-31,22.290000915527344,21.600000381469727,22.09000015258789,21.610000610351562,194700.0,18.34896469116211
2015-01-02,21.65999984741211,21.18000030517578,21.65999984741211,21.43000030517578,271300.0,18.196128845214844
2015-01-05,21.75,21.229999542236328,21.350000381469727,21.479999542236328,435200.0,18.23858642578125
2015-01-06,21.742000579833984,20.799999237060547,21.40999984741211,21.200000762939453,1020700.0,18.000839233398438
2015-01-07,22.0,21.139999389648438,21.360000610351562,21.940000534057617,375300.0,18.629169464111328
2015-01-08,22.09000015258789,21.760000228881836,22.040000915527344,21.950000762939453,188600.0,18.637662887573242
2015-01-09,22.040000915527344,21.799999237060547,21.8799991607666,21.8700008392334,290700.0,18.569732666015625
2015-01-12,22.93000030517578,21.799999237060547,21.940000534057617,22.049999237060547,253100.0,18.722566604614258
2015-01-13,22.420000076293945,21.549999237060547,22.200000762939453,22.09000015258789,333600.0,18.756534576416016
2015-01-14,22.8700008392334,21.81999969482422,21.959999084472656,22.760000228881836,231500.0,19.325429916381836
2015-01-15,22.889999389648438,22.450000762939453,22.829999923706055,22.799999237060547,407200.0,19.359392166137695
2015-01-16,23.229999542236328,22.399999618530273,22.81999969482422,23.1299991607666,251200.0,19.639591217041016
2015-01-20,23.149999618530273,22.420000076293945,23.06999969482422,22.690000534057617,204300.0,19.265987396240234
2015-01-21,22.90999984741211,22.290000915527344,22.579999923706055,22.440000534057617,499400.0,19.05371856689453
2015-01-22,22.915000915527344,22.448999404907227,22.530000686645508,22.90999984741211,676600.0,19.452791213989258
2015-01-23,23.31399917602539,22.90999984741211,22.989999771118164,22.969999313354492,198700.0,19.50373649597168
2015-01-26,23.329999923706055,22.93000030517578,22.989999771118164,23.200000762939453,192000.0,19.69902801513672
2015-01-27,23.3799991607666,23.049999237060547,23.149999618530273,23.270000457763672,221100.0,19.75846290588379
2015-01-28,23.3700008392334,22.920000076293945,23.299999237060547,23.209999084472656,323100.0,19.707523345947266
2015-01-29,23.594999313354492,23.010000228881836,23.190000534057617,23.540000915527344,372800.0,19.987722396850586
2015-01-30,23.670000076293945,22.709999084472656,23.389999389648438,22.959999084472656,455200.0,19.495243072509766
2015-02-02,22.959999084472656,21.97100067138672,22.920000076293945,22.479999542236328,602400.0,19.08768653869629
2015-02-03,23.360000610351562,22.56999969482422,22.670000076293945,23.350000381469727,809100.0,19.82639503479004
2015-02-04,23.229999542236328,22.84000015258789,23.190000534057617,22.93000030517578,231300.0,19.469776153564453
2015-02-05,23.290000915527344,22.79400062561035,23.0,23.06999969482422,255500.0,19.588645935058594
2015-02-06,23.167999267578125,22.15999984741211,23.010000228881836,22.200000762939453,264600.0,18.84993553161621
2015-02-09,22.479999542236328,22.042999267578125,22.18000030517578,22.149999618530273,268900.0,18.807479858398438
2015-02-10,22.34000015258789,21.809999465942383,22.299999237060547,22.15999984741211,402900.0,18.81597328186035
2015-02-11,22.43000030517578,21.8799991607666,22.079999923706055,22.299999237060547,464300.0,18.934846878051758
2015-02-12,22.93000030517578,22.219999313354492,22.3700008392334,22.670000076293945,548200.0,19.24901008605957
2015-02-13,22.81999969482422,22.209999084472656,22.690000534057617,22.399999618530273,308100.0,19.019750595092773
2015-02-17,22.780000686645508,22.290000915527344,22.420000076293945,22.670000076293945,305800.0,19.24901008605957
2015-02-18,22.940000534057617,22.469999313354492,22.6299991607666,22.84000015258789,482400.0,19.39335823059082
2015-02-19,22.940000534057617,22.260000228881836,22.719999313354492,22.34000015258789,245600.0,18.96880531311035
2015-02-20,22.8700008392334,22.16200065612793,22.270000457763672,22.299999237060547,430600.0,18.934846878051758
2015-02-23,22.760000228881836,22.239999771118164,22.309999465942383,22.610000610351562,430300.0,19.19806671142578
2015-02-24,22.68000030517578,21.989999771118164,22.610000610351562,22.059999465942383,407700.0,18.731060028076172
2015-02-25,22.709999084472656,22.04800033569336,22.110000610351562,22.209999084472656,388500.0,18.858421325683594
2015-02-26,23.020000457763672,22.18000030517578,22.6200008392334,22.25,706800.0,18.89238929748535
2015-02-27,22.760000228881836,22.229999542236328,22.229999542236328,22.639999389648438,544300.0,19.22353744506836
2015-03-02,23.030000686645508,22.520000457763672,22.639999389648438,22.600000381469727,463200.0,19.189571380615234
2015-03-03,22.5,21.979999542236328,22.5,22.079999923706055,549600.0,18.748044967651367
2015-03-04,22.31999969482422,21.829999923706055,21.950000762939453,21.850000381469727,268000.0,18.552749633789062
2015-03-05,22.1200008392334,21.68000030517578,21.829999923706055,22.040000915527344,182200.0,18.714078903198242
2015-03-06,21.850000381469727,21.09000015258789,21.84000015258789,21.290000915527344,397300.0,18.077259063720703
2015-03-09,21.645000457763672,21.25,21.34000015258789,21.440000534057617,640600.0,18.204618453979492
2015-03-10,21.579999923706055,21.260000228881836,21.280000686645508,21.280000686645508,415100.0,18.06876564025879
2015-03-11,21.780000686645508,21.290000915527344,21.3700008392334,21.489999771118164,337100.0,18.2470760345459
2015-03-12,22.06999969482422,21.450000762939453,21.6299991607666,21.760000228881836,270300.0,18.476329803466797
2015-03-13,21.90999984741211,21.5,21.780000686645508,21.579999923706055,254400.0,18.323495864868164
2015-03-16,22.020000457763672,21.459999084472656,21.780000686645508,22.010000228881836,548900.0,18.688608169555664
2015-03-17,22.200000762939453,21.610000610351562,21.969999313354492,21.829999923706055,346400.0,18.535768508911133
2015-03-18,22.510000228881836,21.700000762939453,21.850000381469727,22.3700008392334,396400.0,18.994281768798828
2015-03-19,22.770000457763672,22.149999618530273,22.260000228881836,22.670000076293945,330400.0,19.24901008605957
2015-03-20,23.829999923706055,22.600000381469727,22.639999389648438,23.549999237060547,2726600.0,19.9962158203125
2015-03-23,24.059999465942383,23.239999771118164,23.549999237060547,23.540000915527344,601800.0,19.987722396850586
2015-03-24,23.8799991607666,23.059999465942383,23.690000534057617,23.15999984741211,517700.0,19.665067672729492
2015-03-25,23.469999313354492,22.68000030517578,23.139999389648438,22.799999237060547,335200.0,19.359392166137695
2015-03-26,23.059999465942383,22.57200050354004,22.739999771118164,22.920000076293945,846200.0,19.46128273010254
2015-03-27,23.350000381469727,22.6560001373291,22.65999984741211,23.18000030517578,727800.0,19.899099349975586
2015-03-30,23.520000457763672,23.110000610351562,23.350000381469727,23.420000076293945,539100.0,20.10512924194336
2015-03-31,23.700000762939453,23.239999771118164,23.459999084472656,23.350000381469727,611500.0,20.045034408569336
2015-04-01,23.440000534057617,23.110000610351562,23.260000228881836,23.34000015258789,278700.0,20.036453247070312
2015-04-02,23.559999465942383,23.200000762939453,23.31999969482422,23.5,254900.0,20.173805236816406
2015-04-06,23.895000457763672,23.34000015258789,23.469999313354492,23.770000457763672,541900.0,20.405590057373047
2015-04-07,23.81999969482422,23.469999313354492,23.739999771118164,23.549999237060547,337800.0,20.21673011779785
2015-04-08,23.780000686645508,23.459999084472656,23.5,23.670000076293945,341100.0,20.319744110107422
2015-04-09,23.68000030517578,23.139999389648438,23.579999923706055,23.229999542236328,439600.0,19.9420223236084
2015-04-10,23.760000228881836,23.219999313354492,23.579999923706055,23.360000610351562,671000.0,20.05362319946289
2015-04-13,23.690000534057617,23.290000915527344,23.450000762939453,23.3799991607666,195800.0,20.07078742980957
2015-04-14,23.969999313354492,23.299999237060547,23.530000686645508,23.43000030517578,456000.0,20.113712310791016
2015-04-15,23.59000015258789,23.31999969482422,23.559999465942383,23.360000610351562,516200.0,20.05362319946289
2015-04-16,23.489999771118164,23.049999237060547,23.34000015258789,23.290000915527344,541700.0,19.993528366088867
2015-04-17,23.309999465942383,22.75,23.139999389648438,22.790000915527344,548600.0,19.564300537109375
2015-04-20,22.989999771118164,22.700000762939453,22.8799991607666,22.709999084472656,288600.0,19.495620727539062
2015-04-21,22.969999313354492,22.709999084472656,22.84000015258789,22.790000915527344,379800.0,19.564300537109375
2015-04-22,22.874000549316406,22.389999389648438,22.860000610351562,22.399999618530273,403700.0,19.229496002197266
2015-04-23,22.5,21.790000915527344,22.3799991607666,21.8799991607666,708800.0,18.783103942871094
2015-04-24,22.124000549316406,21.649999618530273,21.860000610351562,21.959999084472656,862500.0,18.851774215698242
2015-04-27,22.094999313354492,21.639999389648438,22.0,21.790000915527344,386000.0,18.705839157104492
2015-04-28,21.850000381469727,21.600000381469727,21.799999237060547,21.690000534057617,507700.0,18.619997024536133
2015-04-29,21.56999969482422,21.214000701904297,21.479999542236328,21.329999923706055,464600.0,18.31094741821289
2015-04-30,21.350000381469727,20.84000015258789,21.350000381469727,21.0,392500.0,18.027652740478516
2015-05-01,21.200000762939453,20.790000915527344,21.040000915527344,21.0,587700.0,18.027652740478516
2015-05-04,21.3700008392334,20.969999313354492,21.145000457763672,21.100000381469727,1028700.0,18.113502502441406
2015-05-05,21.100000381469727,20.760000228881836,21.010000228881836,20.790000915527344,469100.0,17.84737777709961
2015-05-06,20.90399932861328,20.479999542236328,20.799999237060547,20.719999313354492,202300.0,17.787282943725586
2015-05-07,21.079999923706055,20.56999969482422,20.719999313354492,21.020000457763672,211300.0,18.044828414916992
2015-05-08,21.639999389648438,21.209999084472656,21.260000228881836,21.56999969482422,469800.0,18.516979217529297
2015-05-11,21.739999771118164,21.299999237060547,21.469999313354492,21.469999313354492,827100.0,18.43113136291504
2015-05-12,21.579999923706055,20.8799991607666,21.309999465942383,21.489999771118164,454700.0,18.448299407958984
2015-05-13,21.959999084472656,21.329999923706055,21.59000015258789,21.43000030517578,708000.0,18.396791458129883
2015-05-14,21.940000534057617,21.229999542236328,21.760000228881836,21.75,791500.0,18.67150115966797
2015-05-15,22.049999237060547,21.690000534057617,21.75,22.020000457763672,1077500.0,18.90328598022461
2015-05-18,22.170000076293945,21.829999923706055,21.940000534057617,22.149999618530273,485600.0,19.01488494873047
2015-05-19,21.969999313354492,21.670000076293945,21.889999389648438,21.829999923706055,363800.0,18.740177154541016
2015-05-20,21.899999618530273,21.579999923706055,21.809999465942383,21.6200008392334,263000.0,18.559900283813477
2015-05-21,21.719999313354492,21.3700008392334,21.6299991607666,21.489999771118164,229200.0,18.448299407958984
2015-05-22,21.68000030517578,21.325000762939453,21.479999542236328,21.610000610351562,242400.0,18.551315307617188
2015-05-26,21.635000228881836,21.3700008392334,21.59000015258789,21.479999542236328,373800.0,18.439714431762695
2015-05-27,21.6299991607666,21.40999984741211,21.479999542236328,21.530000686645508,322500.0,18.482641220092773
2015-05-28,21.524999618530273,21.149999618530273,21.489999771118164,21.260000228881836,280200.0,18.250856399536133
2015-05-29,21.524999618530273,20.799999237060547,21.25,20.860000610351562,2518700.0,17.907472610473633
2015-06-01,21.149999618530273,20.760000228881836,20.899999618530273,21.040000915527344,495300.0,18.061994552612305
2015-06-02,20.989999771118164,20.600000381469727,20.889999389648438,20.979999542236328,572700.0,18.010486602783203
2015-06-03,20.899999618530273,20.315000534057617,20.899999618530273,20.3700008392334,1060900.0,17.486825942993164
2015-06-04,20.84000015258789,19.959999084472656,20.19499969482422,20.700000762939453,8698000.0,17.770118713378906
2015-06-05,20.94499969482422,20.350000381469727,20.350000381469727,20.799999237060547,1792300.0,17.855966567993164
2015-06-08,20.79800033569336,20.559999465942383,20.719999313354492,20.6200008392334,866000.0,17.701444625854492
2015-06-09,20.670000076293945,20.280000686645508,20.559999465942383,20.350000381469727,603900.0,17.46965789794922
2015-06-10,20.59000015258789,20.299999237060547,20.3799991607666,20.469999313354492,589800.0,17.57267189025879
2015-06-11,20.81999969482422,20.469999313354492,20.559999465942383,20.75,737400.0,17.81304359436035
2015-06-12,21.09000015258789,20.704999923706055,20.709999084472656,20.860000610351562,1367600.0,17.907472610473633
2015-06-15,20.90999984741211,20.700000762939453,20.770000457763672,20.829999923706055,384100.0,17.8817138671875
2015-06-16,20.988000869750977,20.809999465942383,20.959999084472656,20.850000381469727,546400.0,17.898887634277344
2015-06-17,21.059999465942383,20.729999542236328,20.90999984741211,21.010000228881836,386500.0,18.036237716674805
2015-06-18,21.440000534057617,20.979999542236328,21.0,21.360000610351562,427900.0,18.336700439453125
2015-06-19,21.399999618530273,21.079999923706055,21.3700008392334,21.260000228881836,653100.0,18.250856399536133
2015-06-22,21.360000610351562,21.030000686645508,21.280000686645508,21.040000915527344,417900.0,18.061994552612305
2015-06-23,21.03499984741211,20.639999389648438,21.0,20.649999618530273,690200.0,17.727195739746094
2015-06-24,20.780000686645508,20.5,20.68000030517578,20.559999465942383,904100.0,17.64993667602539
2015-06-25,20.65999984741211,20.440000534057617,20.559999465942383,20.469999313354492,1228700.0,17.57267189025879
2015-06-26,20.5,20.06999969482422,20.219999313354492,20.5,368100.0,17.816011428833008
2015-06-29,20.700000762939453,20.200000762939453,20.450000762939453,20.260000228881836,575400.0,17.607439041137695
2015-06-30,20.440000534057617,19.979999542236328,20.440000534057617,20.100000381469727,494500.0,17.4683837890625
2015-07-01,20.399999618530273,19.90999984741211,20.110000610351562,20.3799991607666,425100.0,17.71172332763672
2015-07-02,20.520000457763672,20.020000457763672,20.350000381469727,20.15999984741211,1042000.0,17.52052879333496
2015-07-06,20.5,20.010000228881836,20.100000381469727,20.350000381469727,732800.0,17.685651779174805
2015-07-07,20.6299991607666,20.290000915527344,20.399999618530273,20.56999969482422,883500.0,17.876846313476562
2015-07-08,20.6200008392334,20.399999618530273,20.459999084472656,20.579999923706055,616000.0,17.885540008544922
2015-07-09,20.739999771118164,20.489999771118164,20.709999084472656,20.5,345900.0,17.816011428833008
2015-07-10,20.780000686645508,20.56999969482422,20.600000381469727,20.719999313354492,228000.0,18.007205963134766
2015-07-13,21.020000457763672,20.559999465942383,20.75,20.690000534057617,267600.0,17.981138229370117
2015-07-14,20.799999237060547,20.6200008392334,20.68000030517578,20.760000228881836,300500.0,18.04197120666504
2015-07-15,20.905000686645508,20.65999984741211,20.65999984741211,20.860000610351562,291000.0,18.12887954711914
2015-07-16,21.079999923706055,20.8700008392334,20.950000762939453,20.969999313354492,209800.0,18.224477767944336
2015-07-17,21.1299991607666,20.889999389648438,20.969999313354492,21.1200008392334,222300.0,18.354839324951172
2015-07-20,21.25,20.959999084472656,21.100000381469727,21.030000686645508,217400.0,18.276622772216797
2015-07-21,21.149999618530273,20.84000015258789,20.989999771118164,20.950000762939453,213500.0,18.207094192504883
2015-07-22,21.239999771118164,20.959999084472656,21.010000228881836,21.100000381469727,210500.0,18.33745574951172
2015-07-23,21.56800079345703,20.8700008392334,21.5,20.90999984741211,647500.0,18.172330856323242
2015-07-24,21.079999923706055,20.780000686645508,20.90999984741211,20.780000686645508,253300.0,18.05935287475586
2015-07-27,21.209999084472656,20.719999313354492,20.809999465942383,20.8700008392334,208900.0,18.137571334838867
2015-07-28,21.690000534057617,20.68000030517578,20.93000030517578,20.969999313354492,295100.0,18.224477767944336
2015-07-29,21.270000457763672,20.700000762939453,20.93000030517578,21.209999084472656,343000.0,18.433055877685547
2015-07-30,21.200000762939453,20.920000076293945,21.149999618530273,20.959999084472656,496400.0,18.21578598022461
2015-07-31,21.229999542236328,20.959999084472656,21.110000610351562,21.0,627300.0,18.250547409057617
2015-08-03,21.5,20.90999984741211,20.950000762939453,21.440000534057617,387100.0,18.63294219970703
2015-08-04,21.639999389648438,21.309999465942383,21.459999084472656,21.489999771118164,554200.0,18.676393508911133
2015-08-05,21.56999969482422,20.950000762939453,21.549999237060547,21.100000381469727,289000.0,18.33745574951172
2015-08-06,21.290000915527344,20.809999465942383,21.06999969482422,21.200000762939453,348300.0,18.42436408996582
2015-08-07,21.309999465942383,20.934999465942383,21.09000015258789,21.309999465942383,300800.0,18.519962310791016
2015-08-10,21.3799991607666,20.950000762939453,21.34000015258789,20.969999313354492,256300.0,18.224477767944336
2015-08-11,21.450000762939453,20.899999618530273,20.93000030517578,21.299999237060547,460000.0,18.51127052307129
2015-08-12,21.399999618530273,21.100000381469727,21.219999313354492,21.350000381469727,592800.0,18.554725646972656
2015-08-13,22.3700008392334,21.360000610351562,22.0,21.780000686645508,891700.0,18.928428649902344
2015-08-14,21.8799991607666,21.479999542236328,21.700000762939453,21.760000228881836,254000.0,18.91104507446289
2015-08-17,21.8700008392334,21.649999618530273,21.690000534057617,21.84000015258789,316600.0,18.980571746826172
2015-08-18,21.799999237060547,21.540000915527344,21.719999313354492,21.65999984741211,419800.0,18.824138641357422
2015-08-19,21.709999084472656,21.34000015258789,21.520000457763672,21.559999465942383,202800.0,18.737228393554688
2015-08-20,21.549999237060547,21.299999237060547,21.469999313354492,21.350000381469727,229600.0,18.554725646972656
2015-08-21,21.540000915527344,21.030000686645508,21.1299991607666,21.059999465942383,506900.0,18.302692413330078
2015-08-24,20.690000534057617,19.84000015258789,20.690000534057617,20.260000228881836,576400.0,17.607439041137695
2015-08-25,20.790000915527344,20.09000015258789,20.790000915527344,20.1299991607666,741900.0,17.494457244873047
2015-08-26,20.489999771118164,20.024999618530273,20.479999542236328,20.229999542236328,618200.0,17.58136558532715
2015-08-27,20.770000457763672,20.139999389648438,20.350000381469727,20.59000015258789,542600.0,17.894227981567383
2015-08-28,20.829999923706055,20.450000762939453,20.610000610351562,20.6299991607666,414000.0,17.928991317749023
2015-08-31,20.600000381469727,20.079999923706055,20.5,20.15999984741211,553800.0,17.52052879333496
2015-09-01,20.200000762939453,19.6299991607666,19.90999984741211,19.790000915527344,452600.0,17.1989688873291
2015-09-02,19.989999771118164,19.649999618530273,19.940000534057617,19.979999542236328,931000.0,17.364093780517578
2015-09-03,20.280000686645508,19.90999984741211,19.90999984741211,20.110000610351562,358300.0,17.477075576782227
2015-09-04,20.209999084472656,19.729999542236328,19.920000076293945,19.81999969482422,423000.0,17.225046157836914
2015-09-08,20.420000076293945,19.90999984741211,20.040000915527344,20.309999465942383,543800.0,17.650890350341797
2015-09-09,20.5,19.81999969482422,20.440000534057617,19.860000610351562,603600.0,17.259803771972656
2015-09-10,20.31999969482422,19.700000762939453,19.799999237060547,20.139999389648438,1273700.0,17.50314712524414
2015-09-11,20.459999084472656,20.09000015258789,20.09000015258789,20.399999618530273,1219700.0,17.72910499572754
2015-09-14,20.56999969482422,20.34000015258789,20.5,20.479999542236328,436200.0,17.798633575439453
2015-09-15,20.621999740600586,20.31999969482422,20.510000228881836,20.459999084472656,402000.0,17.781248092651367
2015-09-16,21.149999618530273,20.389999389648438,20.389999389648438,21.079999923706055,616500.0,18.32007598876953
2015-09-17,21.709999084472656,20.8799991607666,21.020000457763672,21.399999618530273,602700.0,18.598180770874023
2015-09-18,21.829999923706055,21.209999084472656,21.209999084472656,21.579999923706055,2179600.0,18.754613876342773
2015-09-21,21.809999465942383,21.43000030517578,21.729999542236328,21.530000686645508,508400.0,18.711162567138672
2015-09-22,21.510000228881836,21.079999923706055,21.350000381469727,21.329999923706055,824800.0,18.537342071533203
2015-09-23,21.6299991607666,21.209999084472656,21.389999389648438,21.520000457763672,491500.0,18.70246696472168
2015-09-24,21.59000015258789,21.225000381469727,21.510000228881836,21.309999465942383,451900.0,18.519962310791016
2015-09-25,21.454999923706055,21.1299991607666,21.389999389648438,21.18000030517578,727800.0,18.406984329223633
2015-09-28,20.979999542236328,20.40999984741211,20.90999984741211,20.559999465942383,435200.0,18.098878860473633
2015-09-29,20.959999084472656,20.56399917602539,20.6299991607666,20.770000457763672,760000.0,18.283742904663086
2015-09-30,20.889999389648438,20.540000915527344,20.889999389648438,20.65999984741211,694400.0,18.186908721923828
2015-10-01,20.809999465942383,20.549999237060547,20.709999084472656,20.700000762939453,449200.0,18.222124099731445
2015-10-02,20.940000534057617,20.360000610351562,20.6299991607666,20.93000030517578,793800.0,18.42458724975586
2015-10-05,21.25,20.923999786376953,20.989999771118164,21.15999984741211,604100.0,18.627058029174805
2015-10-06,21.399999618530273,21.1200008392334,21.190000534057617,21.309999465942383,328600.0,18.75909996032715
2015-10-07,21.610000610351562,21.299999237060547,21.3700008392334,21.540000915527344,347100.0,18.961570739746094
2015-10-08,21.709999084472656,21.440000534057617,21.5,21.56999969482422,413600.0,18.98797607421875
2015-10-09,21.770000457763672,21.479999542236328,21.610000610351562,21.6200008392334,449400.0,19.031993865966797
2015-10-12,21.920000076293945,21.639999389648438,21.649999618530273,21.709999084472656,443700.0,19.11121940612793
2015-10-13,21.770000457763672,21.469999313354492,21.68000030517578,21.600000381469727,417400.0,19.014387130737305
2015-10-14,21.75,21.309999465942383,21.6299991607666,21.3700008392334,409600.0,18.811920166015625
2015-10-15,21.6200008392334,21.040000915527344,21.399999618530273,21.56999969482422,663400.0,18.98797607421875
2015-10-16,22.100000381469727,21.549999237060547,21.6200008392334,22.079999923706055,588400.0,19.436927795410156
2015-10-19,22.25,21.610000610351562,21.739999771118164,22.239999771118164,429500.0,19.577775955200195
2015-10-20,22.420000076293945,22.1200008392334,22.219999313354492,22.260000228881836,378400.0,19.595382690429688
2015-10-21,22.364999771118164,22.100000381469727,22.270000457763672,22.139999389648438,256000.0,19.48974609375
2015-10-22,22.860000610351562,22.18000030517578,22.219999313354492,22.6299991607666,431900.0,19.92108917236328
2015-10-23,22.780000686645508,22.350000381469727,22.639999389648438,22.510000228881836,633200.0,19.815452575683594
2015-10-26,22.68000030517578,22.420000076293945,22.540000915527344,22.639999389648438,451700.0,19.929895401000977
2015-10-27,23.1299991607666,22.579999923706055,23.0,22.8799991607666,691800.0,20.14116668701172
2015-10-28,23.049999237060547,22.610000610351562,22.8799991607666,23.049999237060547,735000.0,20.290815353393555
2015-10-29,23.11199951171875,22.520000457763672,23.020000457763672,22.780000686645508,641100.0,20.053138732910156
2015-10-30,22.8700008392334,22.450000762939453,22.829999923706055,22.670000076293945,444400.0,19.956302642822266
2015-11-02,22.829999923706055,22.440000534057617,22.6200008392334,22.829999923706055,920600.0,20.097148895263672
2015-11-03,22.920000076293945,22.530000686645508,22.760000228881836,22.81999969482422,423700.0,20.088348388671875
2015-11-04,22.920000076293945,22.43000030517578,22.920000076293945,22.549999237060547,462000.0,19.850666046142578
2015-11-05,22.670000076293945,22.34000015258789,22.59000015258789,22.450000762939453,703100.0,19.76264190673828
2015-11-06,22.360000610351562,21.649999618530273,22.219999313354492,21.75,820200.0,19.14643096923828
2015-11-09,21.670000076293945,21.190000534057617,21.670000076293945,21.31999969482422,570200.0,18.767906188964844
2015-11-10,21.610000610351562,21.290000915527344,21.350000381469727,21.5,423900.0,18.92635726928711
2015-11-11,21.75,21.420000076293945,21.530000686645508,21.65999984741211,518800.0,19.06719970703125
2015-11-12,22.850000381469727,21.790000915527344,22.850000381469727,21.81999969482422,426900.0,19.208051681518555
2015-11-13,22.0,21.479999542236328,21.84000015258789,21.649999618530273,358700.0,19.05840301513672
2015-11-16,21.850000381469727,21.559999465942383,21.600000381469727,21.780000686645508,252900.0,19.172840118408203
2015-11-17,21.975000381469727,21.56999969482422,21.75,21.8700008392334,343700.0,19.252071380615234
2015-11-18,21.9950008392334,21.729999542236328,21.860000610351562,21.950000762939453,182900.0,19.322490692138672
2015-11-19,22.040000915527344,21.850000381469727,21.969999313354492,21.93000030517578,224800.0,19.304882049560547
2015-11-20,22.290000915527344,22.020000457763672,22.06999969482422,22.25,252100.0,19.586578369140625
2015-11-23,22.545000076293945,22.25,22.260000228881836,22.530000686645508,305200.0,19.833065032958984
2015-11-24,22.670000076293945,22.25,22.450000762939453,22.540000915527344,233900.0,19.84186553955078
2015-11-25,22.75,22.549999237060547,22.610000610351562,22.729999542236328,192600.0,20.00912094116211
2015-11-27,22.969999313354492,22.645000457763672,22.670000076293945,22.899999618530273,136400.0,20.158769607543945
2015-11-30,23.09000015258789,22.729999542236328,23.040000915527344,22.760000228881836,415100.0,20.035533905029297
2015-12-01,23.059999465942383,22.684999465942383,22.780000686645508,23.049999237060547,327500.0,20.290815353393555
2015-12-02,22.889999389648438,22.270000457763672,22.450000762939453,22.75,8280100.0,20.0267276763916
2015-12-03,22.84000015258789,22.389999389648438,22.799999237060547,22.440000534057617,1198800.0,19.753835678100586
2015-12-04,22.969999313354492,22.440000534057617,22.469999313354492,22.760000228881836,845300.0,20.035533905029297
2015-12-07,22.969999313354492,22.690000534057617,22.969999313354492,22.940000534057617,739000.0,20.193984985351562
2015-12-08,23.170000076293945,22.739999771118164,22.829999923706055,23.0,915900.0,20.24680519104004
2015-12-09,23.049999237060547,22.670000076293945,22.850000381469727,22.899999618530273,806800.0,20.158769607543945
2015-12-10,23.020000457763672,22.670000076293945,22.940000534057617,22.719999313354492,742700.0,20.00031852722168
2015-12-11,22.950000762939453,22.149999618530273,22.229999542236328,22.670000076293945,1766100.0,19.956302642822266
2015-12-14,22.829999923706055,22.385000228881836,22.670000076293945,22.479999542236328,1057900.0,19.789047241210938
2015-12-15,22.770000457763672,22.399999618530273,22.6200008392334,22.450000762939453,1064700.0,19.76264190673828
2015-12-16,22.989999771118164,22.459999084472656,22.600000381469727,22.940000534057617,940200.0,20.193984985351562
2015-12-17,23.049999237060547,22.829999923706055,22.950000762939453,22.950000762939453,583900.0,20.20278549194336
2015-12-18,23.030000686645508,22.75,22.90999984741211,22.889999389648438,1756200.0,20.14997100830078
2015-12-21,23.06999969482422,22.639999389648438,22.989999771118164,22.809999465942383,456900.0,20.079545974731445
2015-12-22,22.90999984741211,22.739999771118164,22.829999923706055,22.790000915527344,501200.0,20.061939239501953
2015-12-23,23.06999969482422,22.729999542236328,22.84000015258789,23.040000915527344,433400.0,20.282014846801758
2015-12-24,23.097999572753906,22.860000610351562,23.09000015258789,22.90999984741211,96300.0,20.167572021484375
2015-12-28,23.06999969482422,22.770000457763672,22.93000030517578,23.040000915527344,217900.0,20.282014846801758
2015-12-29,23.290000915527344,22.780000686645508,22.780000686645508,23.290000915527344,558500.0,20.745197296142578
2015-12-30,23.540000915527344,23.270000457763672,23.329999923706055,23.31999969482422,515400.0,20.771915435791016
2015-12-31,23.459999084472656,23.09000015258789,23.399999618530273,23.200000762939453,503800.0,20.665029525756836
2016-01-04,23.059999465942383,22.579999923706055,23.059999465942383,22.760000228881836,623300.0,20.273107528686523
2016-01-05,23.219999313354492,22.809999465942383,22.809999465942383,23.15999984741211,1864600.0,20.6294002532959
2016-01-06,23.229999542236328,22.979999542236328,23.110000610351562,22.989999771118164,638100.0,20.47797393798828
2016-01-07,22.93000030517578,22.6200008392334,22.75,22.739999771118164,530400.0,20.255292892456055
2016-01-08,22.950000762939453,22.6200008392334,22.799999237060547,22.709999084472656,652500.0,20.228567123413086
2016-01-11,23.100000381469727,22.709999084472656,22.75,22.979999542236328,501200.0,20.469066619873047
2016-01-12,23.219999313354492,22.90999984741211,23.219999313354492,23.030000686645508,922300.0,20.51360321044922
2016-01-13,23.040000915527344,22.34000015258789,23.030000686645508,22.450000762939453,755700.0,19.996978759765625
2016-01-14,22.610000610351562,22.229999542236328,22.600000381469727,22.450000762939453,642100.0,19.996978759765625
2016-01-15,22.450000762939453,22.0049991607666,22.1200008392334,22.3799991607666,912100.0,19.93462562561035
2016-01-19,22.8799991607666,22.510000228881836,22.549999237060547,22.81999969482422,704100.0,20.326549530029297
2016-01-20,22.795000076293945,22.010000228881836,22.760000228881836,22.540000915527344,1112000.0,20.077144622802734
2016-01-21,23.100000381469727,22.510000228881836,22.6299991607666,22.8799991607666,1294500.0,20.379995346069336
2016-01-22,23.792999267578125,22.979999542236328,23.1299991607666,23.68000030517578,1238900.0,21.092578887939453
2016-01-25,23.940000534057617,23.309999465942383,23.68000030517578,23.5,938300.0,20.932252883911133
2016-01-26,23.959999084472656,23.43000030517578,23.670000076293945,23.75,820600.0,21.154932022094727
2016-01-27,24.100000381469727,23.25,23.25,23.729999542236328,6021100.0,21.137117385864258
2016-01-28,24.469999313354492,23.719999313354492,23.8700008392334,24.389999389648438,3436500.0,21.72500228881836
2016-01-29,25.559999465942383,24.450000762939453,24.610000610351562,24.790000915527344,2652800.0,22.081296920776367
2016-02-01,25.350000381469727,24.5,24.65999984741211,25.219999313354492,1576700.0,22.464309692382812
2016-02-02,25.469999313354492,24.979999542236328,25.219999313354492,25.469999313354492,1227300.0,22.686992645263672
2016-02-03,25.690000534057617,24.924999237060547,25.280000686645508,25.31999969482422,1628200.0,22.55338478088379
2016-02-04,25.610000610351562,25.149999618530273,25.309999465942383,25.579999923706055,1108800.0,22.784975051879883
2016-02-05,25.649999618530273,25.309999465942383,25.579999923706055,25.399999618530273,1280100.0,22.624645233154297
2016-02-08,25.325000762939453,24.34000015258789,25.290000915527344,24.829999923706055,1513300.0,22.116926193237305
2016-02-09,25.260000228881836,24.56999969482422,24.579999923706055,25.15999984741211,1511800.0,22.41086769104004
2016-02-10,25.56999969482422,24.825000762939453,25.25,24.920000076293945,732800.0,22.197092056274414
2016-02-11,25.239999771118164,24.5,24.59000015258789,24.989999771118164,1159400.0,22.259441375732422
2016-02-12,25.274999618530273,24.549999237060547,25.219999313354492,25.09000015258789,713600.0,22.348514556884766
2016-02-16,25.545000076293945,25.059999465942383,25.420000076293945,25.520000457763672,661900.0,22.731534957885742
2016-02-17,25.780000686645508,25.270000457763672,25.700000762939453,25.5,1050400.0,22.713716506958008
2016-02-18,25.489999771118164,25.110000610351562,25.479999542236328,25.299999237060547,985100.0,22.535572052001953
2016-02-19,25.649999618530273,25.25,25.329999923706055,25.510000228881836,954600.0,22.722623825073242
2016-02-22,25.940000534057617,25.530000686645508,25.719999313354492,25.639999389648438,929200.0,22.83841896057129
2016-02-23,26.350000381469727,24.3700008392334,26.239999771118164,24.829999923706055,1730500.0,22.116926193237305
2016-02-24,24.979999542236328,24.25,24.809999465942383,24.559999465942383,1004400.0,21.87642478942871
2016-02-25,25.06999969482422,24.600000381469727,24.600000381469727,24.850000381469727,790000.0,22.134740829467773
2016-02-26,24.43000030517578,24.0,24.229999542236328,24.100000381469727,9456600.0,21.466690063476562
2016-02-29,24.25,24.100000381469727,24.170000076293945,24.149999618530273,2781900.0,21.511226654052734
2016-03-01,24.420000076293945,24.149999618530273,24.229999542236328,24.329999923706055,2818800.0,21.67155647277832
2016-03-02,24.3799991607666,24.100000381469727,24.309999465942383,24.31999969482422,2151500.0,21.66265296936035
2016-03-03,24.40999984741211,24.25,24.389999389648438,24.3700008392334,1180200.0,21.70718765258789
2016-03-04,24.3799991607666,24.100000381469727,24.360000610351562,24.1200008392334,1682500.0,21.484506607055664
2016-03-07,24.280000686645508,24.049999237060547,24.100000381469727,24.25,2111200.0,21.60030174255371
2016-03-08,24.469999313354492,24.139999389648438,24.280000686645508,24.43000030517578,1830600.0,21.760629653930664
2016-03-09,24.770000457763672,24.43000030517578,24.520000457763672,24.6299991607666,1995200.0,21.938777923583984
2016-03-10,24.799999237060547,24.399999618530273,24.700000762939453,24.649999618530273,1424000.0,21.956592559814453
2016-03-11,25.079999923706055,24.81999969482422,24.8700008392334,24.950000762939453,2110800.0,22.22381591796875
2016-03-14,25.139999389648438,24.954999923706055,25.020000457763672,24.989999771118164,632500.0,22.259441375732422
2016-03-15,25.219999313354492,24.889999389648438,24.920000076293945,25.110000610351562,1063700.0,22.366329193115234
2016-03-16,25.549999237060547,24.959999084472656,25.100000381469727,25.540000915527344,869100.0,22.749343872070312
2016-03-17,26.079999923706055,25.43000030517578,25.549999237060547,25.75,1694700.0,22.936403274536133
2016-03-18,25.9950008392334,25.600000381469727,25.860000610351562,25.899999618530273,2428200.0,23.070011138916016
2016-03-21,26.030000686645508,25.530000686645508,25.770000457763672,25.780000686645508,1314100.0,22.963125228881836
2016-03-22,26.0,25.56999969482422,25.780000686645508,25.760000228881836,1285400.0,22.94530487060547
2016-03-23,25.8799991607666,25.649999618530273,25.719999313354492,25.760000228881836,972500.0,22.94530487060547
2016-03-24,25.8700008392334,25.6200008392334,25.709999084472656,25.809999465942383,1236800.0,22.989845275878906
2016-03-28,25.93000030517578,25.420000076293945,25.889999389648438,25.56999969482422,2096500.0,22.77606773376465
2016-03-29,25.979999542236328,25.25,25.280000686645508,25.979999542236328,1533000.0,23.38823127746582
2016-03-30,25.969999313354492,25.309999465942383,25.420000076293945,25.709999084472656,15289400.0,23.14516830444336
2016-03-31,26.040000915527344,25.649999618530273,25.649999618530273,25.8799991607666,3809200.0,23.298206329345703
2016-04-01,25.889999389648438,25.315000534057617,25.809999465942383,25.579999923706055,2612600.0,23.028135299682617
2016-04-04,25.75,25.260000228881836,25.700000762939453,25.639999389648438,1927900.0,23.082149505615234
2016-04-05,25.899999618530273,25.3799991607666,25.510000228881836,25.860000610351562,2129600.0,23.280202865600586
2016-04-06,26.040000915527344,25.670000076293945,25.940000534057617,25.8799991607666,1473600.0,23.298206329345703
2016-04-07,26.020000457763672,25.639999389648438,25.8700008392334,25.920000076293945,1399100.0,23.33421516418457
2016-04-08,26.225000381469727,25.81999969482422,26.010000228881836,26.200000762939453,3384200.0,23.586284637451172
2016-04-11,26.690000534057617,26.239999771118164,26.239999771118164,26.489999771118164,2471400.0,23.847352981567383
2016-04-12,26.790000915527344,26.450000762939453,26.600000381469727,26.790000915527344,2884600.0,24.117427825927734
2016-04-13,26.899999618530273,26.309999465942383,26.899999618530273,26.6299991607666,1697800.0,23.973386764526367
2016-04-14,26.639999389648438,26.209999084472656,26.559999465942383,26.229999542236328,1027800.0,23.61328887939453
2016-04-15,26.489999771118164,26.25,26.290000915527344,26.399999618530273,1427800.0,23.766334533691406
2016-04-18,26.59000015258789,26.400999069213867,26.450000762939453,26.579999923706055,968200.0,23.928375244140625
2016-04-19,26.950000762939453,26.479999542236328,26.56999969482422,26.950000762939453,1661100.0,24.261465072631836
2016-04-20,26.950000762939453,26.110000610351562,26.950000762939453,26.18000030517578,1471400.0,23.568281173706055
2016-04-21,26.139999389648438,25.18000030517578,26.1200008392334,25.190000534057617,1417600.0,22.677043914794922
2016-04-22,25.540000915527344,25.17099952697754,25.309999465942383,25.520000457763672,992500.0,22.974123001098633
2016-04-25,25.899999618530273,25.31999969482422,25.56999969482422,25.899999618530273,820900.0,23.316211700439453
2016-04-26,26.149999618530273,25.780000686645508,25.899999618530273,25.940000534057617,1151800.0,23.35222053527832
2016-04-27,26.0,25.549999237060547,25.90999984741211,25.899999618530273,787900.0,23.316211700439453
2016-04-28,25.989999771118164,25.719999313354492,25.719999313354492,25.850000381469727,747400.0,23.27120018005371
2016-04-29,25.8700008392334,25.420000076293945,25.700000762939453,25.670000076293945,1137100.0,23.109159469604492
2016-05-02,26.299999237060547,25.829999923706055,25.889999389648438,25.90999984741211,1934100.0,23.325212478637695
2016-05-03,26.200000762939453,25.84000015258789,25.850000381469727,26.1299991607666,1268800.0,23.52326774597168
2016-05-04,26.75,26.0,26.049999237060547,26.59000015258789,2422700.0,23.937376022338867
2016-05-05,26.889999389648438,25.020000457763672,25.93000030517578,26.459999084472656,3068500.0,23.820348739624023
2016-05-06,26.739999771118164,26.34000015258789,26.479999542236328,26.43000030517578,2060400.0,23.79334259033203
2016-05-09,26.799999237060547,26.3700008392334,26.479999542236328,26.610000610351562,1461200.0,23.955381393432617
2016-05-10,26.850000381469727,26.40999984741211,26.739999771118164,26.520000457763672,1094200.0,23.874361038208008
2016-05-11,26.610000610351562,25.940000534057617,26.5,26.280000686645508,1232400.0,23.65830421447754
2016-05-12,26.559999465942383,26.09000015258789,26.420000076293945,26.350000381469727,2535800.0,23.721323013305664
2016-05-13,26.290000915527344,25.770000457763672,26.260000228881836,25.950000762939453,1411600.0,23.361225128173828
2016-05-16,26.427000045776367,25.895000457763672,26.049999237060547,26.239999771118164,1244700.0,23.62229347229004
2016-05-17,26.149999618530273,25.59000015258789,25.920000076293945,25.729999542236328,9068500.0,23.163169860839844
2016-05-18,25.809999465942383,25.290000915527344,25.68000030517578,25.489999771118164,3187800.0,22.947114944458008
2016-05-19,25.329999923706055,24.809999465942383,25.329999923706055,25.049999237060547,1722200.0,22.551006317138672
2016-05-20,25.239999771118164,24.889999389648438,25.209999084472656,25.059999465942383,1290700.0,22.560007095336914
2016-05-23,25.350000381469727,24.979999542236328,25.0,25.270000457763672,1519800.0,22.749061584472656
2016-05-24,25.520000457763672,25.072999954223633,25.299999237060547,25.389999389648438,3372000.0,22.85708999633789
2016-05-25,25.520000457763672,25.040000915527344,25.469999313354492,25.31999969482422,1500400.0,22.7940731048584
2016-05-26,25.520000457763672,25.170000076293945,25.3700008392334,25.3700008392334,917300.0,22.839088439941406
2016-05-27,25.799999237060547,25.399999618530273,25.399999618530273,25.690000534057617,1277400.0,23.12716293334961
2016-05-31,25.80500030517578,25.405000686645508,25.760000228881836,25.530000686645508,2321700.0,22.983125686645508
2016-06-01,25.690000534057617,25.3799991607666,25.43000030517578,25.510000228881836,1423300.0,22.965120315551758
2016-06-02,25.829999923706055,25.43000030517578,25.520000457763672,25.799999237060547,1307600.0,23.22618865966797
2016-06-03,26.270000457763672,26.030000686645508,26.1200008392334,26.219999313354492,1438400.0,23.60428810119629
2016-06-06,26.450000762939453,26.170000076293945,26.18000030517578,26.299999237060547,2634300.0,23.676307678222656
2016-06-07,26.5,26.30500030517578,26.329999923706055,26.469999313354492,1105500.0,23.829349517822266
2016-06-08,26.65999984741211,26.309999465942383,26.469999313354492,26.549999237060547,824100.0,23.9013671875
2016-06-09,26.940000534057617,26.389999389648438,26.540000915527344,26.780000686645508,1086600.0,24.108423233032227
2016-06-10,26.959999084472656,26.530000686645508,26.56999969482422,26.68000030517578,1047500.0,24.018400192260742
2016-06-13,26.809999465942383,26.43000030517578,26.540000915527344,26.459999084472656,1405500.0,23.820348739624023
2016-06-14,26.610000610351562,26.260000228881836,26.450000762939453,26.600000381469727,1835700.0,23.946378707885742
2016-06-15,26.920000076293945,26.3700008392334,26.59000015258789,26.860000610351562,1742500.0,24.180438995361328
2016-06-16,27.219999313354492,26.739999771118164,26.75,27.139999389648438,1636600.0,24.432506561279297
2016-06-17,27.219999313354492,26.635000228881836,27.149999618530273,26.950000762939453,1980800.0,24.261465072631836
2016-06-20,27.139999389648438,26.829999923706055,27.020000457763672,26.8799991607666,1175100.0,24.198444366455078
2016-06-21,27.204999923706055,26.860000610351562,26.860000610351562,27.15999984741211,1392300.0,24.450515747070312
2016-06-22,27.270000457763672,27.0,27.15999984741211,27.190000534057617,1307300.0,24.477521896362305
2016-06-23,27.3799991607666,27.010000228881836,27.239999771118164,27.040000915527344,1208300.0,24.342487335205078
2016-06-24,27.93000030517578,26.68000030517578,26.690000534057617,27.790000915527344,10718400.0,25.01766586303711
2016-06-27,27.90999984741211,27.329999923706055,27.760000228881836,27.850000381469727,2250200.0,25.07168197631836
2016-06-28,28.299999237060547,27.64299964904785,27.850000381469727,28.280000686645508,2158700.0,25.708017349243164
2016-06-29,28.770000457763672,28.34000015258789,28.399999618530273,28.729999542236328,1407800.0,26.117090225219727
2016-06-30,29.469999313354492,28.559999465942383,28.709999084472656,29.450000762939453,3066600.0,26.771610260009766
2016-07-01,29.670000076293945,29.1200008392334,29.549999237060547,29.270000457763672,1217300.0,26.607980728149414
2016-07-05,29.69499969482422,29.23900032043457,29.309999465942383,29.600000381469727,1160300.0,26.90796661376953
2016-07-06,29.84000015258789,29.40999984741211,29.610000610351562,29.6200008392334,1438000.0,26.926149368286133
2016-07-07,29.59000015258789,29.040000915527344,29.579999923706055,29.440000534057617,1708600.0,26.76251983642578
2016-07-08,29.829999923706055,29.31999969482422,29.530000686645508,29.65999984741211,1352400.0,26.96251106262207
2016-07-11,29.809999465942383,29.450000762939453,29.760000228881836,29.68000030517578,1076400.0,26.980690002441406
2016-07-12,29.75,29.1200008392334,29.610000610351562,29.459999084472656,1873800.0,26.780698776245117
2016-07-13,29.75,29.309999465942383,29.510000228881836,29.600000381469727,1138400.0,26.90796661376953
2016-07-14,29.485000610351562,29.209999084472656,29.34000015258789,29.239999771118164,972800.0,26.580705642700195
2016-07-15,29.46500015258789,29.09000015258789,29.34000015258789,29.290000915527344,997700.0,26.626163482666016
2016-07-18,29.559999465942383,29.264999389648438,29.350000381469727,29.489999771118164,552700.0,26.807971954345703
2016-07-19,29.649999618530273,29.440000534057617,29.489999771118164,29.639999389648438,654900.0,26.9443302154541
2016-07-20,29.719999313354492,29.530000686645508,29.719999313354492,29.649999618530273,611800.0,26.953418731689453
2016-07-21,29.829999923706055,29.410999298095703,29.579999923706055,29.799999237060547,1004300.0,27.089778900146484
2016-07-22,30.170000076293945,29.809999465942383,29.809999465942383,30.049999237060547,537300.0,27.317041397094727
2016-07-25,30.139999389648438,29.729999542236328,30.139999389648438,29.979999542236328,694800.0,27.253406524658203
2016-07-26,30.18000030517578,29.93000030517578,30.100000381469727,30.100000381469727,863200.0,27.36249542236328
2016-07-27,30.149999618530273,29.84000015258789,30.059999465942383,30.049999237060547,1320300.0,27.317041397094727
2016-07-28,30.829999923706055,30.049999237060547,30.049999237060547,30.690000534057617,1232500.0,27.89883804321289
2016-07-29,31.440000534057617,30.6299991607666,30.6299991607666,31.190000534057617,1688100.0,28.353361129760742
2016-08-01,31.299999237060547,30.989999771118164,31.149999618530273,31.18000030517578,1335300.0,28.344270706176758
2016-08-02,31.219999313354492,30.459999084472656,31.1200008392334,30.520000457763672,1183400.0,27.744295120239258
2016-08-03,30.540000915527344,30.010000228881836,30.450000762939453,30.309999465942383,1120500.0,27.553394317626953
2016-08-04,30.979999542236328,29.90999984741211,30.489999771118164,30.079999923706055,1060300.0,27.344310760498047
2016-08-05,30.100000381469727,29.309999465942383,30.100000381469727,29.670000076293945,1316400.0,26.971601486206055
2016-08-08,29.709999084472656,29.260000228881836,29.709999084472656,29.549999237060547,1426900.0,26.862512588500977
2016-08-09,30.059999465942383,29.309999465942383,29.6200008392334,29.959999084472656,956600.0,27.235227584838867
2016-08-10,30.1299991607666,29.940000534057617,30.030000686645508,30.0,787100.0,27.271589279174805
2016-08-11,30.06999969482422,29.610000610351562,30.0,29.889999389648438,894500.0,27.17159080505371
2016-08-12,30.395000457763672,30.010000228881836,30.040000915527344,30.149999618530273,742500.0,27.407943725585938
2016-08-15,30.389999389648438,29.90999984741211,30.25,29.989999771118164,1044500.0,27.262495040893555
2016-08-16,29.90999984741211,29.360000610351562,29.850000381469727,29.670000076293945,1092300.0,26.971601486206055
2016-08-17,29.829999923706055,29.399999618530273,29.739999771118164,29.780000686645508,821000.0,27.07159996032715
2016-08-18,30.104999542236328,29.809999465942383,29.81999969482422,29.969999313354492,821900.0,27.24431610107422
2016-08-19,30.09000015258789,29.780000686645508,30.0,30.06999969482422,1233700.0,27.335224151611328
2016-08-22,30.25,29.93000030517578,30.079999923706055,29.969999313354492,653400.0,27.24431610107422
2016-08-23,30.420000076293945,29.8700008392334,30.059999465942383,30.15999984741211,583300.0,27.417036056518555
2016-08-24,30.200000762939453,29.625,30.1299991607666,29.940000534057617,515700.0,27.2170467376709
2016-08-25,30.19499969482422,29.81999969482422,29.979999542236328,29.950000762939453,626600.0,27.226137161254883
2016-08-26,30.299999237060547,29.5,30.110000610351562,29.6299991607666,528600.0,26.935237884521484
2016-08-29,30.0,29.639999389648438,29.829999923706055,29.829999923706055,562700.0,27.117050170898438
2016-08-30,29.93000030517578,29.43000030517578,29.93000030517578,29.59000015258789,475100.0,26.898880004882812
2016-08-31,29.690000534057617,29.33099937438965,29.5,29.6299991607666,965700.0,26.935237884521484
2016-09-01,29.889999389648438,29.399999618530273,29.65999984741211,29.450000762939453,1205700.0,26.771610260009766
2016-09-02,30.25,29.459999084472656,29.540000915527344,29.639999389648438,1695500.0,26.9443302154541
2016-09-06,30.149999618530273,29.610000610351562,29.649999618530273,30.030000686645508,2028900.0,27.29886245727539
2016-09-07,30.235000610351562,29.90999984741211,30.06999969482422,30.190000534057617,1832800.0,27.44430923461914
2016-09-08,30.049999237060547,29.65999984741211,30.049999237060547,29.829999923706055,754600.0,27.117050170898438
2016-09-09,29.610000610351562,28.43000030517578,29.399999618530273,28.579999923706055,1290300.0,25.980731964111328
2016-09-12,29.09000015258789,28.239999771118164,28.239999771118164,28.989999771118164,1080800.0,26.353445053100586
2016-09-13,28.940000534057617,28.209999084472656,28.799999237060547,28.3700008392334,1003800.0,25.789831161499023
2016-09-14,28.65999984741211,28.209999084472656,28.489999771118164,28.56999969482422,884100.0,25.971641540527344
2016-09-15,28.739999771118164,28.5049991607666,28.56999969482422,28.579999923706055,937100.0,25.980731964111328
2016-09-16,28.614999771118164,28.350000381469727,28.43000030517578,28.549999237060547,3932500.0,25.953460693359375
2016-09-19,29.149999618530273,28.530000686645508,28.59000015258789,29.1200008392334,1209800.0,26.47162437438965
2016-09-20,29.3700008392334,29.110000610351562,29.270000457763672,29.15999984741211,1267200.0,26.507984161376953
2016-09-21,29.6299991607666,28.68000030517578,29.190000534057617,29.600000381469727,1073600.0,26.90796661376953
2016-09-22,30.114999771118164,29.850000381469727,29.8799991607666,30.09000015258789,756000.0,27.353404998779297
2016-09-23,30.3799991607666,29.780000686645508,30.09000015258789,30.299999237060547,575800.0,27.5443058013916
2016-09-26,30.520000457763672,30.100000381469727,30.299999237060547,30.43000030517578,621900.0,27.6624813079834
2016-09-27,30.64900016784668,29.780000686645508,30.56999969482422,29.920000076293945,1151600.0,27.198862075805664
2016-09-28,29.850000381469727,29.56999969482422,29.760000228881836,29.799999237060547,730800.0,27.354915618896484
2016-09-29,29.829999923706055,29.209999084472656,29.719999313354492,29.600000381469727,1153000.0,27.17132568359375
2016-09-30,29.920000076293945,29.469999313354492,29.829999923706055,29.469999313354492,1671800.0,27.051990509033203
2016-10-03,29.5,29.09000015258789,29.329999923706055,29.290000915527344,1366900.0,26.886762619018555
2016-10-04,29.270000457763672,28.350000381469727,29.270000457763672,28.559999465942383,993000.0,26.216657638549805
2016-10-05,28.579999923706055,27.389999389648438,28.579999923706055,27.489999771118164,1212300.0,25.234451293945312
2016-10-06,27.489999771118164,26.989999771118164,27.270000457763672,27.440000534057617,1218300.0,25.188556671142578
2016-10-07,27.850000381469727,27.350000381469727,27.549999237060547,27.479999542236328,1091400.0,25.225271224975586
2016-10-10,27.809999465942383,27.450000762939453,27.5,27.729999542236328,640500.0,25.45475959777832
2016-10-11,27.684999465942383,27.399999618530273,27.639999389648438,27.489999771118164,1015000.0,25.234451293945312
2016-10-12,27.899999618530273,27.469999313354492,27.600000381469727,27.850000381469727,1073600.0,25.564910888671875
2016-10-13,28.25,27.649999618530273,27.65999984741211,28.190000534057617,1268500.0,25.877016067504883
2016-10-14,28.399999618530273,27.93000030517578,28.219999313354492,28.020000457763672,605700.0,25.720964431762695
2016-10-17,28.399999618530273,27.945999145507812,28.010000228881836,28.170000076293945,683400.0,25.85865592956543
2016-10-18,28.475000381469727,28.139999389648438,28.329999923706055,28.270000457763672,611400.0,25.950450897216797
2016-10-19,28.530000686645508,28.010000228881836,28.239999771118164,28.440000534057617,972100.0,26.10650634765625
2016-10-20,28.465999603271484,28.1200008392334,28.399999618530273,28.360000610351562,523000.0,26.03306770324707
2016-10-21,28.31999969482422,28.040000915527344,28.139999389648438,28.100000381469727,536300.0,25.794401168823242
2016-10-24,28.579999923706055,27.969999313354492,28.229999542236328,28.149999618530273,512700.0,25.84029769897461
2016-10-25,28.225000381469727,27.979999542236328,28.09000015258789,28.209999084472656,809000.0,25.89537239074707
2016-10-26,28.219999313354492,27.389999389648438,28.09000015258789,27.790000915527344,922100.0,25.509836196899414
2016-10-27,27.670000076293945,26.860000610351562,27.670000076293945,26.860000610351562,965000.0,24.65614128112793
2016-10-28,27.149999618530273,26.6200008392334,26.850000381469727,26.969999313354492,1179500.0,24.75711441040039
2016-10-31,27.290000915527344,26.780000686645508,27.110000610351562,27.290000915527344,1328700.0,25.050857543945312
2016-11-01,27.209999084472656,26.510000228881836,27.200000762939453,26.719999313354492,1012200.0,24.527629852294922
2016-11-02,26.75,26.270000457763672,26.75,26.31999969482422,679800.0,24.16044807434082
2016-11-03,26.729999542236328,25.93000030517578,26.299999237060547,25.950000762939453,1035800.0,23.82080841064453
2016-11-04,26.190000534057617,25.709999084472656,25.8700008392334,25.950000762939453,1019900.0,23.82080841064453
2016-11-07,26.760000228881836,26.170000076293945,26.309999465942383,26.65999984741211,1134100.0,24.472553253173828
2016-11-08,27.0,26.510000228881836,26.600000381469727,26.93000030517578,1410900.0,24.72039794921875
2016-11-09,26.309999465942383,25.350000381469727,26.309999465942383,25.530000686645508,1925900.0,23.43526840209961
2016-11-10,25.399999618530273,23.719999313354492,25.170000076293945,23.790000915527344,2618500.0,21.838037490844727
2016-11-11,24.899999618530273,23.834999084472656,23.860000610351562,24.459999084472656,1837600.0,22.45305824279785
2016-11-14,24.780000686645508,23.899999618530273,24.34000015258789,24.729999542236328,1480700.0,22.700908660888672
2016-11-15,25.059999465942383,24.360000610351562,24.829999923706055,24.559999465942383,1148100.0,22.54485511779785
2016-11-16,24.700000762939453,24.290000915527344,24.579999923706055,24.639999389648438,980500.0,22.6182918548584
2016-11-17,24.829999923706055,24.219999313354492,24.68000030517578,24.239999771118164,1133800.0,22.25111198425293
2016-11-18,24.434999465942383,24.084999084472656,24.290000915527344,24.280000686645508,960100.0,22.287830352783203
2016-11-21,24.6299991607666,24.049999237060547,24.420000076293945,24.059999465942383,919900.0,22.08588218688965
2016-11-22,24.700000762939453,24.06999969482422,24.18000030517578,24.690000534057617,1542600.0,22.6641902923584
2016-11-23,24.450000762939453,24.160999298095703,24.350000381469727,24.440000534057617,663400.0,22.434703826904297
2016-11-25,24.829999923706055,24.420000076293945,24.520000457763672,24.600000381469727,354400.0,22.581571578979492
2016-11-28,25.1299991607666,24.649999618530273,24.670000076293945,24.940000534057617,1181800.0,22.893678665161133
2016-11-29,25.31999969482422,24.90999984741211,24.90999984741211,25.190000534057617,1215100.0,23.123167037963867
2016-11-30,25.09000015258789,24.579999923706055,25.0,24.719999313354492,1335500.0,22.691728591918945
2016-12-01,24.65999984741211,23.670000076293945,24.540000915527344,23.93000030517578,1832400.0,21.966548919677734
2016-12-02,25.06999969482422,24.170000076293945,24.170000076293945,24.450000762939453,2059400.0,22.443885803222656
2016-12-05,24.559999465942383,24.010000228881836,24.469999313354492,24.549999237060547,1487200.0,22.535676956176758
2016-12-06,24.783000946044922,24.190000534057617,24.600000381469727,24.260000228881836,1378000.0,22.26947021484375
2016-12-07,25.1299991607666,24.3700008392334,24.3700008392334,24.809999465942383,1460100.0,22.774343490600586
2016-12-08,25.010000228881836,24.6200008392334,24.6200008392334,24.889999389648438,1465700.0,22.8477783203125
2016-12-09,25.1299991607666,24.889999389648438,24.90999984741211,25.0,1083800.0,22.948755264282227
2016-12-12,25.209999084472656,24.829999923706055,24.850000381469727,25.030000686645508,794400.0,22.976293563842773
2016-12-13,25.059999465942383,24.540000915527344,24.75,24.670000076293945,2222000.0,22.645832061767578
2016-12-14,24.7549991607666,23.93000030517578,24.739999771118164,24.010000228881836,1587800.0,22.03998374938965
2016-12-15,24.190000534057617,23.600000381469727,23.940000534057617,23.649999618530273,1750000.0,21.70952033996582
2016-12-16,24.309999465942383,23.770000457763672,23.770000457763672,24.1200008392334,2518600.0,22.140960693359375
2016-12-19,24.8700008392334,24.229999542236328,24.329999923706055,24.809999465942383,1296800.0,22.774343490600586
2016-12-20,24.864999771118164,24.315000534057617,24.700000762939453,24.520000457763672,1747800.0,22.50813865661621
2016-12-21,24.780000686645508,24.139999389648438,24.59000015258789,24.139999389648438,1129900.0,22.15931510925293
2016-12-22,24.299999237060547,23.981000900268555,24.149999618530273,24.25,1176100.0,22.260292053222656
2016-12-23,24.395000457763672,24.110000610351562,24.350000381469727,24.299999237060547,575400.0,22.306188583374023
2016-12-27,24.389999389648438,24.10099983215332,24.34000015258789,24.190000534057617,686100.0,22.205217361450195
2016-12-28,24.100000381469727,23.850000381469727,23.90999984741211,23.979999542236328,954400.0,22.279541015625
2016-12-29,24.420000076293945,23.875,24.0,24.350000381469727,1033700.0,22.62330436706543
2016-12-30,24.770000457763672,24.239999771118164,24.31999969482422,24.709999084472656,1378800.0,22.957775115966797
2017-01-03,24.8700008392334,24.40999984741211,24.790000915527344,24.709999084472656,873800.0,22.957775115966797
2017-01-04,25.28499984741211,24.764999389648438,24.81999969482422,25.139999389648438,1570600.0,23.357284545898438
2017-01-05,25.690000534057617,25.0,25.06999969482422,25.6200008392334,1258500.0,23.80324935913086
2017-01-06,25.690000534057617,25.40999984741211,25.469999313354492,25.440000534057617,665600.0,23.636011123657227
2017-01-09,25.510000228881836,25.024999618530273,25.489999771118164,25.190000534057617,726800.0,23.40373992919922
2017-01-10,25.3799991607666,25.0,25.229999542236328,25.110000610351562,1383800.0,23.32941246032715
2017-01-11,25.450000762939453,25.010000228881836,25.18000030517578,25.09000015258789,1392900.0,23.310829162597656
2017-01-12,25.415000915527344,25.0,25.110000610351562,25.389999389648438,1189600.0,23.589555740356445
2017-01-13,25.559999465942383,25.200000762939453,25.440000534057617,25.299999237060547,843100.0,23.505937576293945
2017-01-17,25.84000015258789,25.290000915527344,25.459999084472656,25.84000015258789,1259900.0,24.007646560668945
2017-01-18,25.899999618530273,25.584999084472656,25.780000686645508,25.65999984741211,741000.0,23.840410232543945
2017-01-19,25.520000457763672,25.010000228881836,25.5,25.200000762939453,1089500.0,23.41303062438965
2017-01-20,25.240999221801758,25.020000457763672,25.149999618530273,25.239999771118164,1107200.0,23.450191497802734
2017-01-23,25.700000762939453,25.1299991607666,25.350000381469727,25.579999923706055,1772300.0,23.766080856323242
2017-01-24,25.690000534057617,25.045000076293945,25.610000610351562,25.219999313354492,1281100.0,23.431610107421875
2017-01-25,25.290000915527344,24.860000610351562,25.229999542236328,24.899999618530273,913600.0,23.134302139282227
2017-01-26,25.06999969482422,24.56999969482422,24.920000076293945,24.700000762939453,1442100.0,22.948486328125
2017-01-27,24.850000381469727,23.709999084472656,24.790000915527344,23.809999465942383,3510600.0,22.121597290039062
2017-01-30,23.780000686645508,22.979999542236328,23.770000457763672,23.3700008392334,3050500.0,21.712799072265625
2017-01-31,23.90999984741211,23.3700008392334,23.440000534057617,23.65999984741211,2541800.0,21.98223304748535
2017-02-01,23.709999084472656,22.899999618530273,23.520000457763672,23.190000534057617,2524100.0,21.545560836791992
2017-02-02,23.56999969482422,23.20199966430664,23.270000457763672,23.559999465942383,2241000.0,21.889324188232422
2017-02-03,23.93000030517578,23.459999084472656,23.770000457763672,23.889999389648438,1759100.0,22.195924758911133
2017-02-06,23.9950008392334,23.719999313354492,23.940000534057617,23.950000762939453,1252100.0,22.25166893005371
2017-02-07,24.15999984741211,23.940000534057617,24.0,24.049999237060547,1165600.0,22.34457778930664
2017-02-08,24.479999542236328,24.139999389648438,24.139999389648438,24.3700008392334,656400.0,22.641887664794922
2017-02-09,24.559999465942383,24.27400016784668,24.389999389648438,24.389999389648438,874000.0,22.66046714782715
2017-02-10,24.790000915527344,24.464000701904297,24.68000030517578,24.729999542236328,1151500.0,22.97635841369629
2017-02-13,24.700000762939453,24.350000381469727,24.600000381469727,24.610000610351562,1033600.0,22.864866256713867
2017-02-14,24.59000015258789,24.06999969482422,24.59000015258789,24.139999389648438,1384100.0,22.428194046020508
2017-02-15,24.06999969482422,23.780000686645508,24.020000457763672,23.989999771118164,1787500.0,22.28883171081543
2017-02-16,24.360000610351562,24.049999237060547,24.049999237060547,24.299999237060547,1168100.0,22.57684898376465
2017-02-17,24.40999984741211,23.979999542236328,24.389999389648438,24.209999084472656,1292300.0,22.493234634399414
2017-02-21,24.6299991607666,23.979999542236328,24.229999542236328,24.59000015258789,1006100.0,22.846282958984375
2017-02-22,24.649999618530273,24.350000381469727,24.649999618530273,24.489999771118164,1160000.0,22.753376007080078
2017-02-23,24.719999313354492,24.290000915527344,24.649999618530273,24.700000762939453,1168500.0,22.948486328125
2017-02-24,25.06999969482422,24.520000457763672,24.68000030517578,25.020000457763672,1462500.0,23.245790481567383
2017-02-27,25.31999969482422,24.790000915527344,25.030000686645508,25.25,1253300.0,23.459482192993164
2017-02-28,25.190000534057617,24.860000610351562,25.110000610351562,24.90999984741211,1753700.0,23.143590927124023
2017-03-01,24.719999313354492,24.200000762939453,24.639999389648438,24.3799991607666,1584000.0,22.65117645263672
2017-03-02,24.575000762939453,24.219999313354492,24.3799991607666,24.260000228881836,932800.0,22.53968620300293
2017-03-03,24.260000228881836,23.847999572753906,24.239999771118164,24.059999465942383,989400.0,22.35386848449707
2017-03-06,24.0,23.670000076293945,24.0,23.809999465942383,968500.0,22.121597290039062
2017-03-07,23.93000030517578,23.69499969482422,23.739999771118164,23.799999237060547,584900.0,22.1123046875
2017-03-08,23.690000534057617,23.049999237060547,23.6200008392334,23.079999923706055,735400.0,21.443361282348633
2017-03-09,23.334999084472656,22.5,23.079999923706055,22.530000686645508,1024800.0,20.932363510131836
2017-03-10,22.989999771118164,22.389999389648438,22.75,22.479999542236328,1129500.0,20.885910034179688
2017-03-13,22.639999389648438,22.389999389648438,22.559999465942383,22.5,2384600.0,20.904491424560547
2017-03-14,22.729999542236328,22.270000457763672,22.559999465942383,22.670000076293945,1170100.0,21.062435150146484
2017-03-15,23.530000686645508,22.770000457763672,22.809999465942383,23.25,2227800.0,21.60130500793457
2017-03-16,23.540000915527344,23.149999618530273,23.239999771118164,23.260000228881836,1290600.0,21.610597610473633
2017-03-17,23.670000076293945,23.290000915527344,23.559999465942383,23.639999389648438,3036500.0,21.96364974975586
2017-03-20,23.700000762939453,23.334999084472656,23.639999389648438,23.5,1023500.0,21.833580017089844
2017-03-21,23.81999969482422,23.479999542236328,23.5,23.760000228881836,1194600.0,22.075143814086914
2017-03-22,23.829999923706055,23.3700008392334,23.81999969482422,23.610000610351562,2251400.0,21.93577766418457
2017-03-23,23.8700008392334,23.469999313354492,23.600000381469727,23.469999313354492,1021900.0,21.805706024169922
2017-03-24,23.770000457763672,23.459999084472656,23.5,23.709999084472656,1098400.0,22.0286865234375
2017-03-27,24.045000076293945,23.424999237060547,23.809999465942383,23.459999084472656,1839700.0,21.79641342163086
2017-03-28,24.299999237060547,23.459999084472656,23.5,24.280000686645508,9542700.0,22.55826759338379
2017-03-29,24.309999465942383,23.8700008392334,23.979999542236328,23.989999771118164,3538500.0,22.55826759338379
2017-03-30,24.09000015258789,23.729999542236328,23.8799991607666,24.079999923706055,2141900.0,22.642898559570312
2017-03-31,24.06999969482422,23.860000610351562,24.020000457763672,23.8799991607666,2871200.0,22.454832077026367
2017-04-03,24.200000762939453,23.790000915527344,23.920000076293945,24.010000228881836,1568500.0,22.577075958251953
2017-04-04,24.139999389648438,23.860000610351562,23.959999084472656,24.110000610351562,2342500.0,22.67110824584961
2017-04-05,24.18000030517578,23.979999542236328,24.139999389648438,24.110000610351562,1831300.0,22.67110824584961
2017-04-06,24.6299991607666,23.989999771118164,24.100000381469727,24.6200008392334,3054700.0,23.150671005249023
2017-04-07,24.809999465942383,24.5,24.649999618530273,24.5,2104100.0,23.037832260131836
2017-04-10,24.639999389648438,24.329999923706055,24.56999969482422,24.59000015258789,962500.0,23.122461318969727
2017-04-11,24.969999313354492,24.600000381469727,24.719999313354492,24.81999969482422,2062300.0,23.338733673095703
2017-04-12,25.06999969482422,24.700000762939453,24.81999969482422,24.8799991607666,2068100.0,23.395153045654297
2017-04-13,25.049999237060547,24.81999969482422,24.860000610351562,24.889999389648438,929900.0,23.404558181762695
2017-04-17,25.09000015258789,24.8799991607666,24.8799991607666,25.079999923706055,763000.0,23.58321762084961
2017-04-18,25.31999969482422,25.059999465942383,25.079999923706055,25.299999237060547,1198100.0,23.79008674621582
2017-04-19,25.219999313354492,24.920000076293945,25.219999313354492,25.100000381469727,1504500.0,23.60202407836914
2017-04-20,25.100000381469727,24.75,25.020000457763672,25.09000015258789,1116800.0,23.592620849609375
2017-04-21,25.170000076293945,25.0,25.170000076293945,25.1299991607666,750200.0,23.630231857299805
2017-04-24,25.264999389648438,24.450000762939453,25.15999984741211,24.790000915527344,1597100.0,23.310523986816406
2017-04-25,24.8700008392334,24.670000076293945,24.68000030517578,24.809999465942383,871200.0,23.329328536987305
2017-04-26,24.81999969482422,24.459999084472656,24.709999084472656,24.5,843000.0,23.037832260131836
2017-04-27,24.709999084472656,24.440000534057617,24.530000686645508,24.5,775200.0,23.037832260131836
2017-04-28,24.3799991607666,23.950000762939453,24.3700008392334,23.989999771118164,1212800.0,22.55826759338379
2017-05-01,24.190000534057617,23.850000381469727,24.0,23.969999313354492,1205900.0,22.53946304321289
2017-05-02,24.09000015258789,23.600000381469727,24.040000915527344,23.709999084472656,1991700.0,22.29497718811035
2017-05-03,23.84000015258789,23.1299991607666,23.790000915527344,23.1299991607666,1709700.0,21.749591827392578
2017-05-04,23.1299991607666,20.959999084472656,23.049999237060547,21.1299991607666,6946500.0,19.868953704833984
2017-05-05,21.309999465942383,20.709999084472656,21.190000534057617,20.90999984741211,8106900.0,19.66208267211914
2017-05-08,21.18000030517578,20.7450008392334,21.010000228881836,21.09000015258789,5634700.0,19.831342697143555
2017-05-09,21.149999618530273,20.31999969482422,21.030000686645508,20.360000610351562,2693200.0,19.144906997680664
2017-05-10,20.65999984741211,20.200000762939453,20.309999465942383,20.299999237060547,3536000.0,19.08848762512207
2017-05-11,20.299999237060547,19.719999313354492,20.299999237060547,19.93000030517578,3307600.0,18.740570068359375
2017-05-12,20.309999465942383,19.920000076293945,20.020000457763672,20.280000686645508,3430200.0,19.069683074951172
2017-05-15,20.649999618530273,20.270000457763672,20.31999969482422,20.3700008392334,2089000.0,19.154312133789062
2017-05-16,20.43000030517578,19.649999618530273,20.3700008392334,19.770000457763672,2809300.0,18.590120315551758
2017-05-17,20.020000457763672,19.768999099731445,19.799999237060547,19.90999984741211,3151600.0,18.721763610839844
2017-05-18,20.424999237060547,19.670000076293945,19.920000076293945,20.34000015258789,3763400.0,19.126102447509766
2017-05-19,20.56999969482422,20.100000381469727,20.260000228881836,20.43000030517578,3232700.0,19.210731506347656
2017-05-22,20.700000762939453,20.399999618530273,20.399999618530273,20.649999618530273,1852700.0,19.417600631713867
2017-05-23,20.809999465942383,20.44499969482422,20.729999542236328,20.5,962800.0,19.276552200317383
2017-05-24,20.785999298095703,20.5,20.520000457763672,20.760000228881836,1050800.0,19.52103614807129
2017-05-25,20.889999389648438,20.6299991607666,20.799999237060547,20.75,1240300.0,19.511632919311523
2017-05-26,20.860000610351562,20.549999237060547,20.799999237060547,20.559999465942383,1039000.0,19.332969665527344
2017-05-30,20.780000686645508,20.559999465942383,20.600000381469727,20.600000381469727,1117900.0,19.370586395263672
2017-05-31,20.75,20.3799991607666,20.600000381469727,20.3799991607666,1532700.0,19.163713455200195
2017-06-01,20.770000457763672,20.31999969482422,20.479999542236328,20.739999771118164,1904100.0,19.502229690551758
2017-06-02,21.09000015258789,20.799999237060547,20.860000610351562,20.940000534057617,1917900.0,19.690296173095703
2017-06-05,20.850000381469727,20.450000762939453,20.81999969482422,20.559999465942383,1025900.0,19.332969665527344
2017-06-06,20.719999313354492,20.260000228881836,20.65999984741211,20.329999923706055,1637900.0,19.116697311401367
2017-06-07,20.799999237060547,20.34000015258789,20.3799991607666,20.719999313354492,1536900.0,19.483421325683594
2017-06-08,20.790000915527344,20.25,20.739999771118164,20.329999923706055,971200.0,19.116697311401367
2017-06-09,20.389999389648438,20.09000015258789,20.329999923706055,20.299999237060547,1754500.0,19.08848762512207
2017-06-12,20.700000762939453,20.299999237060547,20.299999237060547,20.68000030517578,1262900.0,19.445810317993164
2017-06-13,20.719999313354492,20.415000915527344,20.65999984741211,20.700000762939453,1454200.0,19.464616775512695
2017-06-14,21.459999084472656,20.59000015258789,21.459999084472656,20.729999542236328,1670300.0,19.49282455444336
2017-06-15,21.040000915527344,20.514999389648438,20.56999969482422,21.010000228881836,1827200.0,19.756114959716797
2017-06-16,21.1299991607666,20.790000915527344,21.049999237060547,21.1200008392334,2145700.0,19.85955238342285
2017-06-19,21.139999389648438,20.670000076293945,21.079999923706055,20.719999313354492,1161300.0,19.483421325683594
2017-06-20,20.84000015258789,20.510000228881836,20.81999969482422,20.6299991607666,741200.0,19.39879608154297
2017-06-21,20.72800064086914,20.139999389648438,20.649999618530273,20.25,890000.0,19.041473388671875
2017-06-22,20.540000915527344,20.079999923706055,20.239999771118164,20.5,1892700.0,19.276552200317383
2017-06-23,20.889999389648438,20.40999984741211,20.5,20.770000457763672,2249300.0,19.530439376831055
2017-06-26,23.149999618530273,22.209999084472656,22.600000381469727,23.110000610351562,9112200.0,21.73078727722168
2017-06-27,23.25,22.540000915527344,23.149999618530273,22.690000534057617,7274400.0,21.335853576660156
2017-06-28,23.229999542236328,22.520000457763672,22.6200008392334,23.059999465942383,4310100.0,21.964496612548828
2017-06-29,23.399999618530273,22.770000457763672,23.030000686645508,22.829999923706055,3365600.0,21.745424270629883
2017-06-30,23.030000686645508,22.399999618530273,22.950000762939453,22.450000762939453,2498300.0,21.38347816467285
2017-07-03,23.020000457763672,22.520000457763672,22.540000915527344,23.0,1006600.0,21.9073486328125
2017-07-05,23.020000457763672,22.350000381469727,23.0,22.3700008392334,2550200.0,21.307281494140625
2017-07-06,22.440000534057617,22.045000076293945,22.309999465942383,22.149999618530273,2077800.0,21.097728729248047
2017-07-07,22.290000915527344,22.030000686645508,22.200000762939453,22.260000228881836,1815400.0,21.202503204345703
2017-07-10,22.399999618530273,21.709999084472656,22.260000228881836,21.75,2344100.0,20.716732025146484
2017-07-11,22.040000915527344,21.59000015258789,21.780000686645508,22.020000457763672,1997700.0,20.973905563354492
2017-07-12,22.6299991607666,22.1200008392334,22.18000030517578,22.479999542236328,2265800.0,21.412052154541016
2017-07-13,22.979999542236328,22.399999618530273,22.520000457763672,22.950000762939453,2001700.0,21.859724044799805
2017-07-14,23.360000610351562,23.030000686645508,23.059999465942383,23.06999969482422,2753100.0,21.974023818969727
2017-07-17,23.59000015258789,23.100000381469727,23.1200008392334,23.520000457763672,2082000.0,22.402647018432617
2017-07-18,23.489999771118164,23.110000610351562,23.469999313354492,23.229999542236328,2551800.0,22.126419067382812
2017-07-19,23.450000762939453,23.15999984741211,23.31999969482422,23.399999618530273,1947400.0,22.288345336914062
2017-07-20,23.770000457763672,23.389999389648438,23.549999237060547,23.399999618530273,1612100.0,22.288345336914062
2017-07-21,23.610000610351562,23.100000381469727,23.5,23.270000457763672,1248800.0,22.16452407836914
2017-07-24,23.364999771118164,23.049999237060547,23.299999237060547,23.239999771118164,1167200.0,22.135948181152344
2017-07-25,23.329999923706055,23.15999984741211,23.280000686645508,23.280000686645508,1701600.0,22.174047470092773
2017-07-26,23.709999084472656,23.280000686645508,23.280000686645508,23.579999923706055,1455700.0,22.459794998168945
2017-07-27,24.040000915527344,23.34000015258789,23.549999237060547,23.729999542236328,1589700.0,22.6026668548584
2017-07-28,23.81999969482422,23.540000915527344,23.75,23.600000381469727,952200.0,22.478845596313477
2017-07-31,23.639999389648438,23.25,23.610000610351562,23.389999389648438,1749800.0,22.278820037841797
2017-08-01,23.760000228881836,23.479999542236328,23.479999542236328,23.579999923706055,1711900.0,22.459794998168945
2017-08-02,23.6200008392334,23.209999084472656,23.56999969482422,23.399999618530273,1464000.0,22.288345336914062
2017-08-03,23.625,23.200000762939453,23.399999618530273,23.6200008392334,1431500.0,22.497896194458008
2017-08-04,24.100000381469727,23.489999771118164,23.530000686645508,23.969999313354492,1518100.0,22.831268310546875
2017-08-07,24.040000915527344,23.719999313354492,24.010000228881836,23.84000015258789,993700.0,22.707443237304688
2017-08-08,24.0,23.594999313354492,23.760000228881836,23.799999237060547,2795200.0,22.66934585571289
2017-08-09,24.09000015258789,23.670000076293945,23.829999923706055,23.899999618530273,1021500.0,22.76459312438965
2017-08-10,24.06999969482422,23.81999969482422,23.889999389648438,23.860000610351562,996900.0,22.72649383544922
2017-08-11,23.829999923706055,23.440000534057617,23.770000457763672,23.700000762939453,1286400.0,22.574094772338867
2017-08-14,24.3700008392334,23.790000915527344,23.84000015258789,24.239999771118164,2032800.0,23.08843994140625
2017-08-15,24.520000457763672,23.799999237060547,24.209999084472656,24.510000228881836,2935100.0,23.345613479614258
2017-08-16,25.389999389648438,24.549999237060547,24.549999237060547,25.010000228881836,3613000.0,23.82185935974121
2017-08-17,25.325000762939453,24.989999771118164,25.010000228881836,25.06999969482422,2661900.0,23.879009246826172
2017-08-18,25.139999389648438,24.549999237060547,25.06999969482422,24.860000610351562,2353200.0,23.678987503051758
2017-08-21,25.229999542236328,24.760000228881836,24.950000762939453,25.09000015258789,2253400.0,23.898061752319336
2017-08-22,25.139999389648438,24.735000610351562,25.049999237060547,24.790000915527344,1147000.0,23.61231231689453
2017-08-23,25.06999969482422,24.709999084472656,24.790000915527344,24.93000030517578,883500.0,23.745662689208984
2017-08-24,25.15999984741211,24.81999969482422,25.0,24.81999969482422,892700.0,23.640886306762695
2017-08-25,25.18000030517578,24.850000381469727,24.899999618530273,25.030000686645508,898800.0,23.840911865234375
2017-08-28,25.148000717163086,24.670000076293945,25.1299991607666,24.84000015258789,1134400.0,23.659936904907227
2017-08-29,24.969999313354492,24.760000228881836,24.84000015258789,24.84000015258789,941200.0,23.659936904907227
2017-08-30,25.079999923706055,24.709999084472656,24.84000015258789,25.079999923706055,1040600.0,23.88853645324707
2017-08-31,25.68000030517578,25.170000076293945,25.260000228881836,25.3799991607666,1902500.0,24.17428207397461
2017-09-01,25.719999313354492,25.280000686645508,25.450000762939453,25.559999465942383,1268300.0,24.345731735229492
2017-09-05,25.739999771118164,25.225000381469727,25.649999618530273,25.290000915527344,1571800.0,24.088560104370117
2017-09-06,25.799999237060547,25.219999313354492,25.34000015258789,25.290000915527344,1722100.0,24.088560104370117
2017-09-07,25.549999237060547,25.329999923706055,25.389999389648438,25.5,1169600.0,24.28858184814453
2017-09-08,25.75,25.40999984741211,25.40999984741211,25.719999313354492,1194600.0,24.49812889099121
2017-09-11,26.030000686645508,25.700000762939453,25.719999313354492,25.889999389648438,1477400.0,24.660053253173828
2017-09-12,26.139999389648438,25.59000015258789,26.0,25.719999313354492,1493000.0,24.49812889099121
2017-09-13,25.895000457763672,25.579999923706055,25.780000686645508,25.700000762939453,1341600.0,24.479082107543945
2017-09-14,26.0,25.59000015258789,25.700000762939453,25.93000030517578,1316700.0,24.698156356811523
2017-09-15,26.058000564575195,25.729999542236328,25.93000030517578,26.010000228881836,1312500.0,24.77435302734375
2017-09-18,26.139999389648438,25.65999984741211,26.010000228881836,25.739999771118164,2553300.0,24.517183303833008
2017-09-19,26.049999237060547,25.760000228881836,25.799999237060547,25.889999389648438,1986400.0,24.660053253173828
2017-09-20,26.020000457763672,25.375,26.0,25.520000457763672,2211700.0,24.307632446289062
2017-09-21,25.850000381469727,25.420000076293945,25.459999084472656,25.510000228881836,2063700.0,24.298107147216797
2017-09-22,25.790000915527344,25.424999237060547,25.56999969482422,25.479999542236328,1109200.0,24.26953125
2017-09-25,25.729999542236328,25.424999237060547,25.540000915527344,25.459999084472656,1304900.0,24.2504825592041
2017-09-26,25.719999313354492,25.450000762939453,25.520000457763672,25.549999237060547,1165700.0,24.336206436157227
2017-09-27,25.510000228881836,25.020000457763672,25.5,25.079999923706055,2259800.0,23.88853645324707
2017-09-28,24.959999084472656,24.670000076293945,24.829999923706055,24.799999237060547,1895000.0,23.91746711730957
2017-09-29,25.06999969482422,24.760000228881836,24.829999923706055,24.8700008392334,1616100.0,23.98497772216797
2017-10-02,25.170000076293945,24.950000762939453,24.979999542236328,25.139999389648438,1977500.0,24.2453670501709
2017-10-03,25.270000457763672,25.045000076293945,25.25,25.190000534057617,1744500.0,24.293590545654297
2017-10-04,25.200000762939453,24.920000076293945,25.200000762939453,25.1200008392334,1766000.0,24.22608184814453
2017-10-05,25.34000015258789,25.030000686645508,25.09000015258789,25.059999465942383,1343900.0,24.168214797973633
2017-10-06,24.989999771118164,24.6299991607666,24.93000030517578,24.8700008392334,1147600.0,23.98497772216797
2017-10-09,25.030000686645508,24.864999771118164,24.950000762939453,24.959999084472656,1001000.0,24.071773529052734
2017-10-10,25.299999237060547,24.920000076293945,25.030000686645508,25.0,1661600.0,24.1103515625
2017-10-11,25.280000686645508,25.0,25.0,25.110000610351562,1344600.0,24.2164363861084
2017-10-12,25.299999237060547,24.96500015258789,25.1299991607666,25.299999237060547,874800.0,24.399673461914062
2017-10-13,25.790000915527344,25.299999237060547,25.43000030517578,25.5,2185900.0,24.59255599975586
2017-10-16,25.875,25.329999923706055,25.469999313354492,25.770000457763672,1348000.0,24.852949142456055
2017-10-17,26.110000610351562,25.639999389648438,25.719999313354492,25.860000610351562,1626000.0,24.939748764038086
2017-10-18,25.8799991607666,25.46500015258789,25.770000457763672,25.75,2252700.0,24.833662033081055
2017-10-19,25.950000762939453,25.510000228881836,25.719999313354492,25.639999389648438,1836700.0,24.727575302124023
2017-10-20,25.59000015258789,25.110000610351562,25.549999237060547,25.309999465942383,1775200.0,24.409318923950195
2017-10-23,25.3799991607666,24.989999771118164,25.3799991607666,25.059999465942383,1695900.0,24.168214797973633
2017-10-24,25.270000457763672,24.969999313354492,25.020000457763672,25.010000228881836,1475600.0,24.1199951171875
2017-10-25,25.020000457763672,24.360000610351562,24.940000534057617,24.530000686645508,1725300.0,23.65707778930664
2017-10-26,24.610000610351562,24.110000610351562,24.600000381469727,24.290000915527344,2025400.0,23.425617218017578
2017-10-27,24.6200008392334,24.139999389648438,24.31999969482422,24.540000915527344,988800.0,23.66672134399414
2017-10-30,24.93000030517578,24.479999542236328,24.540000915527344,24.549999237060547,1515100.0,23.676362991333008
2017-10-31,24.729999542236328,24.360000610351562,24.6299991607666,24.690000534057617,1176500.0,23.811384201049805
2017-11-01,24.809999465942383,24.53499984741211,24.700000762939453,24.700000762939453,1474700.0,23.821027755737305
2017-11-02,25.420000076293945,24.760000228881836,25.200000762939453,25.229999542236328,2816600.0,24.33216667175293
2017-11-03,25.600000381469727,24.875,25.09000015258789,25.530000686645508,2304600.0,24.621490478515625
2017-11-06,26.06999969482422,25.599000930786133,25.6200008392334,25.780000686645508,1690200.0,24.862594604492188
2017-11-07,26.260000228881836,25.7450008392334,25.799999237060547,26.100000381469727,2041900.0,25.171207427978516
2017-11-08,26.350000381469727,26.0049991607666,26.100000381469727,26.110000610351562,1764600.0,25.180850982666016
2017-11-09,26.25,25.899999618530273,26.0,25.940000534057617,970700.0,25.01690101623535
2017-11-10,26.06999969482422,25.760000228881836,25.799999237060547,25.950000762939453,810300.0,25.02654457092285
2017-11-13,26.299999237060547,26.010000228881836,26.049999237060547,26.170000076293945,1211400.0,25.23871612548828
2017-11-14,26.149999618530273,25.889999389648438,26.079999923706055,26.020000457763672,1198200.0,25.094053268432617
2017-11-15,26.079999923706055,25.780000686645508,26.0,25.790000915527344,1432100.0,24.872238159179688
2017-11-16,25.959999084472656,25.6299991607666,25.770000457763672,25.889999389648438,1133500.0,24.968677520751953
2017-11-17,26.299999237060547,25.850000381469727,25.899999618530273,26.25,920900.0,25.315868377685547
2017-11-20,26.239999771118164,25.950000762939453,26.18000030517578,25.979999542236328,618700.0,25.055477142333984
2017-11-21,26.344999313354492,25.969999313354492,25.969999313354492,26.25,913500.0,25.315868377685547
2017-11-22,26.579999923706055,26.059999465942383,26.059999465942383,26.3700008392334,1470100.0,25.431598663330078
2017-11-24,26.450000762939453,26.010000228881836,26.3700008392334,26.1200008392334,547200.0,25.190494537353516
2017-11-27,26.219999313354492,25.950000762939453,26.190000534057617,26.079999923706055,900100.0,25.15191650390625
2017-11-28,26.049999237060547,25.700000762939453,25.950000762939453,25.84000015258789,723300.0,24.92045783996582
2017-11-29,25.950000762939453,25.649999618530273,25.739999771118164,25.790000915527344,761600.0,24.872238159179688
2017-11-30,25.950000762939453,25.739999771118164,25.850000381469727,25.81999969482422,869800.0,24.90117073059082
2017-12-01,26.094999313354492,25.8799991607666,25.90999984741211,25.93000030517578,1539300.0,25.00725555419922
2017-12-04,26.239999771118164,25.889999389648438,25.950000762939453,25.950000762939453,876000.0,25.02654457092285
2017-12-05,25.959999084472656,25.479999542236328,25.90999984741211,25.479999542236328,824200.0,24.57326889038086
2017-12-06,25.579999923706055,25.3700008392334,25.520000457763672,25.5,744800.0,24.59255599975586
2017-12-07,25.68000030517578,25.40999984741211,25.469999313354492,25.649999618530273,816600.0,24.737218856811523
2017-12-08,25.8799991607666,25.68000030517578,25.780000686645508,25.809999465942383,804400.0,24.891525268554688
2017-12-11,25.8700008392334,25.6200008392334,25.760000228881836,25.739999771118164,538500.0,24.824018478393555
2017-12-12,25.969999313354492,25.700000762939453,25.75,25.75,1085700.0,24.833662033081055
2017-12-13,26.225000381469727,25.81999969482422,25.81999969482422,26.170000076293945,1388400.0,25.23871612548828
2017-12-14,26.149999618530273,25.8799991607666,26.040000915527344,25.899999618530273,1181400.0,24.978322982788086
2017-12-15,26.15999984741211,25.850000381469727,25.90999984741211,25.93000030517578,2608500.0,25.00725555419922
2017-12-18,26.3700008392334,26.010000228881836,26.040000915527344,26.139999389648438,1322700.0,25.209781646728516
2017-12-19,26.25,25.579999923706055,26.25,25.6299991607666,1686300.0,24.717931747436523
2017-12-20,25.829999923706055,25.489999771118164,25.739999771118164,25.489999771118164,1673900.0,24.58291244506836
2017-12-21,25.59000015258789,25.309999465942383,25.540000915527344,25.3700008392334,1243200.0,24.46718406677246
2017-12-22,25.59000015258789,25.329999923706055,25.5,25.549999237060547,924400.0,24.640777587890625
2017-12-26,26.010000228881836,25.5,25.510000228881836,25.760000228881836,878000.0,24.843305587768555
2017-12-27,26.06999969482422,25.780000686645508,25.889999389648438,26.040000915527344,895700.0,25.11334228515625
2017-12-28,26.045000076293945,25.600000381469727,25.790000915527344,26.030000686645508,851800.0,25.406152725219727
2017-12-29,26.170000076293945,25.895000457763672,26.110000610351562,26.040000915527344,1267200.0,25.415912628173828
2018-01-02,26.110000610351562,25.7450008392334,26.110000610351562,25.84000015258789,1289600.0,25.220706939697266
2018-01-03,26.100000381469727,25.799999237060547,25.799999237060547,25.899999618530273,1344300.0,25.279266357421875
2018-01-04,25.8700008392334,25.479999542236328,25.799999237060547,25.5,1191100.0,24.888853073120117
2018-01-05,25.530000686645508,25.19499969482422,25.510000228881836,25.350000381469727,1100400.0,24.742448806762695
2018-01-08,25.475000381469727,25.139999389648438,25.40999984741211,25.31999969482422,1607100.0,24.713167190551758
2018-01-09,25.350000381469727,25.040000915527344,25.31999969482422,25.09000015258789,1718300.0,24.488679885864258
2018-01-10,25.1299991607666,24.5,25.1299991607666,24.700000762939453,2098900.0,24.1080265045166
2018-01-11,24.959999084472656,24.709999084472656,24.729999542236328,24.809999465942383,1096500.0,24.215391159057617
2018-01-12,24.790000915527344,24.329999923706055,24.729999542236328,24.469999313354492,1711900.0,23.88353729248047
2018-01-16,24.729999542236328,24.5,24.600000381469727,24.600000381469727,1702600.0,24.010425567626953
2018-01-17,24.790000915527344,24.575000762939453,24.729999542236328,24.760000228881836,1213800.0,24.166589736938477
2018-01-18,24.674999237060547,24.15999984741211,24.65999984741211,24.170000076293945,1699500.0,23.590728759765625
2018-01-19,24.236000061035156,23.950000762939453,24.1200008392334,24.139999389648438,1815900.0,23.56144905090332
2018-01-22,24.799999237060547,24.139999389648438,24.149999618530273,24.790000915527344,1399200.0,24.195871353149414
2018-01-23,25.149999618530273,24.81999969482422,24.90999984741211,25.1299991607666,726900.0,24.527721405029297
2018-01-24,25.209999084472656,24.770000457763672,25.09000015258789,24.899999618530273,633900.0,24.303234100341797
2018-01-25,25.020000457763672,24.604999542236328,24.8799991607666,24.799999237060547,1075900.0,24.205629348754883
2018-01-26,24.959999084472656,24.510000228881836,24.959999084472656,24.6200008392334,597500.0,24.029943466186523
2018-01-29,24.655000686645508,24.100000381469727,24.6200008392334,24.459999084472656,1165500.0,23.873779296875
2018-01-30,24.360000610351562,24.059999465942383,24.190000534057617,24.059999465942383,1527800.0,23.483366012573242
2018-01-31,24.56999969482422,24.139999389648438,24.15999984741211,24.510000228881836,1431500.0,23.92258071899414
2018-02-01,24.649999618530273,23.780000686645508,24.5,23.8700008392334,2217700.0,23.29792022705078
2018-02-02,23.770000457763672,23.290000915527344,23.75,23.709999084472656,1345600.0,23.141752243041992
2018-02-05,23.81999969482422,23.020000457763672,23.6299991607666,23.030000686645508,1603400.0,22.478052139282227
2018-02-06,23.459999084472656,22.559999465942383,22.790000915527344,23.190000534057617,2921900.0,22.63421630859375
2018-02-07,23.549999237060547,23.010000228881836,23.200000762939453,23.010000228881836,3621600.0,22.45853042602539
2018-02-08,23.229999542236328,22.510000228881836,23.010000228881836,22.520000457763672,3714800.0,21.980276107788086
2018-02-09,23.440000534057617,22.520000457763672,22.6200008392334,23.18000030517578,3089600.0,22.62445640563965
2018-02-12,23.559999465942383,22.60099983215332,23.290000915527344,23.440000534057617,2883600.0,22.878225326538086
2018-02-13,23.559999465942383,22.920000076293945,23.43000030517578,23.3799991607666,1898700.0,22.81966209411621
2018-02-14,23.514999389648438,22.940000534057617,23.139999389648438,23.40999984741211,1864800.0,22.84894371032715
2018-02-15,23.719999313354492,23.3799991607666,23.5,23.6299991607666,1482200.0,23.063669204711914
2018-02-16,23.969999313354492,23.65999984741211,23.719999313354492,23.81999969482422,2141100.0,23.249116897583008
2018-02-20,23.920000076293945,23.3700008392334,23.75,23.399999618530273,1578300.0,22.839181900024414
2018-02-21,23.540000915527344,22.8700008392334,23.360000610351562,22.899999618530273,2533400.0,22.351167678833008
2018-02-22,23.899999618530273,23.270000457763672,23.270000457763672,23.729999542236328,2092800.0,23.161273956298828
2018-02-23,24.030000686645508,23.670000076293945,23.8799991607666,23.979999542236328,1086400.0,23.405282974243164
2018-02-26,24.238000869750977,23.815000534057617,24.1299991607666,23.969999313354492,2151000.0,23.395523071289062
2018-02-27,24.139999389648438,23.559999465942383,24.010000228881836,23.579999923706055,1683700.0,23.014869689941406
2018-02-28,24.014999389648438,23.649999618530273,23.719999313354492,23.84000015258789,3263900.0,23.268638610839844
2018-03-01,24.229999542236328,23.729999542236328,23.860000610351562,23.8700008392334,3581500.0,23.29792022705078
2018-03-02,24.065000534057617,23.610000610351562,23.790000915527344,23.989999771118164,3052100.0,23.4150447845459
2018-03-05,24.360000610351562,23.950000762939453,24.0,24.290000915527344,1786200.0,23.707855224609375
2018-03-06,24.65999984741211,24.09000015258789,24.280000686645508,24.5,2169000.0,23.91282081604004
2018-03-07,24.729999542236328,24.320999145507812,24.479999542236328,24.530000686645508,3958500.0,23.942102432250977
2018-03-08,24.8799991607666,24.440000534057617,24.670000076293945,24.600000381469727,1098900.0,24.010425567626953
2018-03-09,24.700000762939453,24.270000457763672,24.530000686645508,24.690000534057617,1273100.0,24.098268508911133
2018-03-12,24.940000534057617,24.610000610351562,24.690000534057617,24.81999969482422,1596100.0,24.22515106201172
2018-03-13,25.059999465942383,24.700000762939453,24.950000762939453,24.799999237060547,1342400.0,24.205629348754883
2018-03-14,24.989999771118164,24.469999313354492,24.829999923706055,24.5,1869600.0,23.91282081604004
2018-03-15,24.6299991607666,24.3799991607666,24.469999313354492,24.489999771118164,1891300.0,23.903059005737305
2018-03-16,24.579999923706055,24.309999465942383,24.40999984741211,24.5,1962200.0,23.91282081604004
2018-03-19,24.51300048828125,24.260000228881836,24.5,24.3799991607666,1381900.0,23.795696258544922
2018-03-20,24.594999313354492,24.329999923706055,24.459999084472656,24.479999542236328,2526900.0,23.893299102783203
2018-03-21,24.579999923706055,24.25,24.450000762939453,24.399999618530273,1575300.0,23.815216064453125
2018-03-22,24.834999084472656,24.34000015258789,24.3700008392334,24.459999084472656,2507000.0,23.873779296875
2018-03-23,24.579999923706055,24.18000030517578,24.530000686645508,24.270000457763672,1378400.0,23.68833351135254
2018-03-26,24.479999542236328,24.100000381469727,24.440000534057617,24.420000076293945,1844100.0,23.83473777770996
2018-03-27,24.829999923706055,24.19499969482422,24.5,24.520000457763672,1974300.0,23.932342529296875
2018-03-28,24.93000030517578,24.270000457763672,24.270000457763672,24.770000457763672,1611300.0,24.485919952392578
2018-03-29,24.93000030517578,24.639999389648438,24.850000381469727,24.81999969482422,1568800.0,24.53534507751465
2018-04-02,25.204999923706055,24.684999465942383,24.84000015258789,24.75,1850700.0,24.466148376464844
2018-04-03,25.229999542236328,24.670000076293945,24.780000686645508,25.170000076293945,1301000.0,24.881330490112305
2018-04-04,25.549999237060547,25.020000457763672,25.049999237060547,25.530000686645508,1521400.0,25.23720359802246
2018-04-05,25.485000610351562,25.190000534057617,25.440000534057617,25.270000457763672,1679500.0,24.98018455505371
2018-04-06,25.579999923706055,25.020000457763672,25.31999969482422,25.079999923706055,1816400.0,24.7923641204834
2018-04-09,25.3700008392334,25.040000915527344,25.139999389648438,25.1200008392334,1305000.0,24.831905364990234
2018-04-10,25.219999313354492,25.010000228881836,25.200000762939453,25.059999465942383,925900.0,24.772592544555664
2018-04-11,25.3799991607666,24.979999542236328,25.0,25.18000030517578,1054800.0,24.891216278076172
2018-04-12,25.110000610351562,24.510000228881836,25.110000610351562,24.510000228881836,1421800.0,24.228900909423828
2018-04-13,24.760000228881836,24.459999084472656,24.559999465942383,24.65999984741211,1446800.0,24.377180099487305
2018-04-16,24.93000030517578,24.540000915527344,24.700000762939453,24.799999237060547,1161900.0,24.515573501586914
2018-04-17,25.325000762939453,24.690000534057617,24.799999237060547,25.15999984741211,1249900.0,24.871444702148438
2018-04-18,25.334999084472656,25.05500030517578,25.18000030517578,25.110000610351562,640600.0,24.822019577026367
2018-04-19,25.09000015258789,24.5,25.049999237060547,24.649999618530273,986600.0,24.367294311523438
2018-04-20,24.780000686645508,24.280000686645508,24.729999542236328,24.299999237060547,1678900.0,24.02130889892578
2018-04-23,24.350000381469727,24.040000915527344,24.31999969482422,24.139999389648438,1390700.0,23.863143920898438
2018-04-24,24.670000076293945,24.190000534057617,24.200000762939453,24.549999237060547,1336600.0,24.26844024658203
2018-04-25,24.84000015258789,24.350000381469727,24.440000534057617,24.760000228881836,1387200.0,24.47603416442871
2018-04-26,25.270000457763672,24.79800033569336,24.860000610351562,25.110000610351562,1335800.0,24.822019577026367
2018-04-27,25.514999389648438,25.09000015258789,25.1200008392334,25.389999389648438,1044900.0,25.09880828857422
2018-04-30,25.540000915527344,25.100000381469727,25.440000534057617,25.229999542236328,1075900.0,24.940643310546875
2018-05-01,25.434999465942383,25.06999969482422,25.25,25.329999923706055,1429000.0,25.03949546813965
2018-05-02,25.329999923706055,24.915000915527344,25.260000228881836,24.93000030517578,3527000.0,24.64408302307129
2018-05-03,25.260000228881836,24.799999237060547,24.93000030517578,25.100000381469727,1754900.0,24.8121337890625
2018-05-04,25.84000015258789,25.15999984741211,25.190000534057617,25.739999771118164,1764300.0,25.444793701171875
2018-05-07,26.059999465942383,25.709999084472656,25.81999969482422,25.969999313354492,2097800.0,25.672155380249023
2018-05-08,26.09000015258789,25.8700008392334,25.969999313354492,25.899999618530273,1329200.0,25.60295867919922
2018-05-09,26.219999313354492,25.790000915527344,25.8799991607666,26.1200008392334,1648200.0,25.820436477661133
2018-05-10,26.309999465942383,26.06999969482422,26.1200008392334,26.309999465942383,1060500.0,26.008256912231445
2018-05-11,26.450000762939453,26.010000228881836,26.43000030517578,26.1200008392334,1247300.0,25.820436477661133
2018-05-14,26.149999618530273,25.75,26.059999465942383,25.799999237060547,1308700.0,25.504104614257812
2018-05-15,25.700000762939453,25.3799991607666,25.690000534057617,25.520000457763672,1879200.0,25.227317810058594
2018-05-16,25.899999618530273,25.510000228881836,25.690000534057617,25.559999465942383,1285300.0,25.266857147216797
2018-05-17,25.6299991607666,25.43000030517578,25.530000686645508,25.530000686645508,920000.0,25.23720359802246
2018-05-18,25.690000534057617,25.3700008392334,25.6299991607666,25.56999969482422,796800.0,25.276742935180664
2018-05-21,25.920000076293945,25.469999313354492,25.639999389648438,25.8700008392334,904900.0,25.57330322265625
2018-05-22,25.920000076293945,25.700000762939453,25.8700008392334,25.829999923706055,1012700.0,25.533761978149414
2018-05-23,26.3799991607666,25.850000381469727,25.90999984741211,26.219999313354492,1270200.0,25.919288635253906
2018-05-24,26.360000610351562,26.040000915527344,26.309999465942383,26.100000381469727,1380200.0,25.8006649017334
2018-05-25,26.469999313354492,26.06999969482422,26.15999984741211,26.40999984741211,1095800.0,26.10710906982422
2018-05-29,26.843000411987305,26.260000228881836,26.40999984741211,26.770000457763672,1537300.0,26.462982177734375
2018-05-30,27.225000381469727,26.649999618530273,26.809999465942383,27.010000228881836,1234700.0,26.70022964477539
2018-05-31,27.06999969482422,26.770000457763672,27.010000228881836,26.799999237060547,1346000.0,26.49263572692871
2018-06-01,26.719999313354492,26.43000030517578,26.709999084472656,26.5,1829000.0,26.196077346801758
2018-06-04,26.829999923706055,26.415000915527344,26.6299991607666,26.530000686645508,1550300.0,26.22573471069336
2018-06-05,26.649999618530273,26.440000534057617,26.6299991607666,26.59000015258789,1605400.0,26.285045623779297
2018-06-06,26.80500030517578,26.479999542236328,26.56999969482422,26.780000686645508,1206100.0,26.472867965698242
2018-06-07,26.940000534057617,26.649999618530273,26.790000915527344,26.899999618530273,1141900.0,26.591489791870117
2018-06-08,27.084999084472656,26.809999465942383,26.8700008392334,26.8799991607666,1812800.0,26.571718215942383
2018-06-11,26.959999084472656,26.709999084472656,26.850000381469727,26.860000610351562,1083200.0,26.55194854736328
2018-06-12,27.19499969482422,26.834999084472656,26.850000381469727,27.0,1384600.0,26.690343856811523
2018-06-13,27.139999389648438,26.559999465942383,27.030000686645508,26.610000610351562,1146400.0,26.30481719970703
2018-06-14,26.940000534057617,26.649999618530273,26.729999542236328,26.8799991607666,1124700.0,26.571718215942383
2018-06-15,27.049999237060547,26.760000228881836,26.93000030517578,26.8700008392334,2261800.0,26.56183433532715
2018-06-18,26.959999084472656,26.6200008392334,26.799999237060547,26.770000457763672,1003300.0,26.462982177734375
2018-06-19,26.860000610351562,26.600000381469727,26.68000030517578,26.649999618530273,1492400.0,26.344356536865234
2018-06-20,27.15999984741211,26.649999618530273,26.760000228881836,27.079999923706055,1789100.0,26.769426345825195
2018-06-21,27.170000076293945,26.959999084472656,27.09000015258789,27.15999984741211,1854500.0,26.848508834838867
2018-06-22,27.25,26.959999084472656,27.170000076293945,27.229999542236328,2440300.0,26.917705535888672
2018-06-25,27.25,26.90999984741211,27.200000762939453,27.049999237060547,1294600.0,26.739768981933594
2018-06-26,27.309999465942383,27.09000015258789,27.09000015258789,27.15999984741211,1158700.0,26.848508834838867
2018-06-27,27.299999237060547,26.940000534057617,27.25,27.030000686645508,1354400.0,26.719999313354492
2018-06-28,27.200000762939453,26.641000747680664,26.709999084472656,27.18000030517578,1713700.0,27.18000030517578
2018-06-29,27.450000762939453,26.8700008392334,27.079999923706055,27.399999618530273,1806400.0,27.399999618530273
2018-07-02,27.559999465942383,26.825000762939453,27.3700008392334,26.959999084472656,1400900.0,26.959999084472656
2018-07-03,27.6299991607666,26.93000030517578,27.049999237060547,27.399999618530273,718000.0,27.399999618530273
2018-07-05,27.799999237060547,27.360000610351562,27.489999771118164,27.760000228881836,1505000.0,27.760000228881836
2018-07-06,28.049999237060547,27.820999145507812,27.850000381469727,27.959999084472656,1058700.0,27.959999084472656
2018-07-09,28.020000457763672,27.56999969482422,27.969999313354492,27.729999542236328,1161000.0,27.729999542236328
2018-07-10,27.934999465942383,27.489999771118164,27.75,27.5,1100100.0,27.5
2018-07-11,27.69499969482422,27.450000762939453,27.489999771118164,27.549999237060547,1213900.0,27.549999237060547
2018-07-12,27.799999237060547,27.479999542236328,27.540000915527344,27.700000762939453,736700.0,27.700000762939453
2018-07-13,27.739999771118164,27.5,27.5,27.579999923706055,867200.0,27.579999923706055
2018-07-16,27.579999923706055,27.149999618530273,27.540000915527344,27.360000610351562,921400.0,27.360000610351562
2018-07-17,27.475000381469727,27.299999237060547,27.40999984741211,27.43000030517578,1105800.0,27.43000030517578
2018-07-18,27.430999755859375,27.174999237060547,27.399999618530273,27.40999984741211,1576232.0,27.40999984741211
