Date,High,Low,Open,Close,Volume,Adj Close
2015-08-05,22.25,15.5,18.0,16.25,1535200,16.25
2015-08-06,19.5,16.459999084472656,16.479999542236328,19.31999969482422,331600,19.31999969482422
2015-08-07,24.899999618530273,19.309999465942383,19.309999465942383,24.540000915527344,269200,24.540000915527344
2015-08-10,42.849998474121094,27.5,29.700000762939453,35.13999938964844,539300,35.13999938964844
2015-08-11,37.6879997253418,28.15999984741211,35.97999954223633,29.729999542236328,243600,29.729999542236328
2015-08-12,36.0,28.0,28.90999984741211,32.04999923706055,236000,32.04999923706055
2015-08-13,43.0,32.52000045776367,35.0,36.4900016784668,406800,36.4900016784668
2015-08-14,39.5,33.68000030517578,37.97999954223633,34.84000015258789,233100,34.84000015258789
2015-08-17,36.29999923706055,32.040000915527344,35.41999816894531,34.11000061035156,124100,34.11000061035156
2015-08-18,34.720001220703125,31.450000762939453,34.720001220703125,32.220001220703125,141000,32.220001220703125
2015-08-19,31.690000534057617,29.3799991607666,31.600000381469727,31.280000686645508,119800,31.280000686645508
2015-08-20,31.0,28.0049991607666,30.43000030517578,28.18000030517578,156500,28.18000030517578
2015-08-21,27.940000534057617,25.270000457763672,27.229999542236328,27.389999389648438,140700,27.389999389648438
2015-08-24,26.799999237060547,23.0,25.719999313354492,26.799999237060547,52600,26.799999237060547
2015-08-25,27.0,23.0310001373291,27.0,23.06999969482422,64300,23.06999969482422
2015-08-26,26.141000747680664,22.049999237060547,24.0,22.75,113300,22.75
2015-08-27,28.0,22.5,22.75,25.670000076293945,145600,25.670000076293945
2015-08-28,29.100000381469727,24.530000686645508,25.110000610351562,27.399999618530273,61800,27.399999618530273
2015-08-31,30.079999923706055,27.389999389648438,27.610000610351562,28.110000610351562,175400,28.110000610351562
2015-09-01,28.940000534057617,26.624000549316406,27.1200008392334,28.75,19600,28.75
2015-09-02,32.0,27.0,29.0,30.040000915527344,80200,30.040000915527344
2015-09-03,33.060001373291016,28.25,30.0,28.780000686645508,87100,28.780000686645508
2015-09-04,29.5,27.1299991607666,27.93000030517578,28.799999237060547,81100,28.799999237060547
2015-09-08,30.209999084472656,27.309999465942383,29.760000228881836,27.889999389648438,64500,27.889999389648438
2015-09-09,29.030000686645508,25.0,28.299999237060547,26.110000610351562,64800,26.110000610351562
2015-09-10,25.969999313354492,23.209999084472656,25.549999237060547,23.989999771118164,81200,23.989999771118164
2015-09-11,23.899999618530273,19.200000762939453,23.899999618530273,20.799999237060547,311300,20.799999237060547
2015-09-14,21.219999313354492,20.010000228881836,21.219999313354492,20.729999542236328,84900,20.729999542236328
2015-09-15,23.6299991607666,20.799999237060547,21.649999618530273,21.020000457763672,169400,21.020000457763672
2015-09-16,21.459999084472656,20.25,20.610000610351562,20.59000015258789,115800,20.59000015258789
2015-09-17,20.583999633789062,18.209999084472656,20.479999542236328,20.0,143800,20.0
2015-09-18,20.860000610351562,19.010000228881836,19.729999542236328,19.510000228881836,119900,19.510000228881836
2015-09-21,20.25,18.43000030517578,19.309999465942383,18.579999923706055,110600,18.579999923706055
2015-09-22,18.90999984741211,17.670000076293945,18.1200008392334,17.989999771118164,61900,17.989999771118164
2015-09-23,18.6200008392334,17.700000762939453,18.030000686645508,18.579999923706055,36700,18.579999923706055
2015-09-24,19.0,16.499000549316406,18.219999313354492,17.25,141900,17.25
2015-09-25,18.149999618530273,15.539999961853027,17.600000381469727,16.079999923706055,132400,16.079999923706055
2015-09-28,15.920000076293945,12.15999984741211,15.920000076293945,14.029999732971191,217100,14.029999732971191
2015-09-29,14.720000267028809,12.0,14.520000457763672,12.65999984741211,143400,12.65999984741211
2015-09-30,14.71399974822998,12.800000190734863,12.800000190734863,14.3100004196167,422100,14.3100004196167
2015-10-01,14.800000190734863,12.234999656677246,14.800000190734863,13.260000228881836,148200,13.260000228881836
2015-10-02,13.380000114440918,12.199999809265137,12.930000305175781,13.029999732971191,115500,13.029999732971191
2015-10-05,14.579999923706055,12.569999694824219,13.130000114440918,14.460000038146973,87600,14.460000038146973
2015-10-06,14.75,13.390000343322754,14.609999656677246,14.09000015258789,58100,14.09000015258789
2015-10-07,14.359999656677246,13.229999542236328,14.359999656677246,13.520000457763672,141000,13.520000457763672
2015-10-08,14.6899995803833,13.050000190734863,13.329999923706055,14.520000457763672,70200,14.520000457763672
2015-10-09,14.711000442504883,13.779999732971191,14.5,14.380000114440918,89700,14.380000114440918
2015-10-12,14.84000015258789,13.65999984741211,14.1899995803833,14.680000305175781,51400,14.680000305175781
2015-10-13,14.550000190734863,14.15999984741211,14.470000267028809,14.359999656677246,52000,14.359999656677246
2015-10-14,15.699999809265137,14.199999809265137,14.229999542236328,15.229999542236328,93400,15.229999542236328
2015-10-15,17.819000244140625,15.25,15.25,17.31999969482422,135600,17.31999969482422
2015-10-16,18.25,15.824000358581543,17.399999618530273,16.020000457763672,98600,16.020000457763672
2015-10-19,16.950000762939453,15.550000190734863,16.139999389648438,16.040000915527344,140600,16.040000915527344
2015-10-20,16.170000076293945,14.600000381469727,15.850000381469727,15.119999885559082,121700,15.119999885559082
2015-10-21,15.989999771118164,13.866999626159668,15.050000190734863,14.100000381469727,199500,14.100000381469727
2015-10-22,15.25,12.75,14.34000015258789,12.84000015258789,185600,12.84000015258789
2015-10-23,13.720000267028809,12.347000122070312,13.119999885559082,12.779999732971191,141900,12.779999732971191
2015-10-26,13.069999694824219,12.15999984741211,12.619999885559082,12.84000015258789,47900,12.84000015258789
2015-10-27,12.84000015258789,12.40999984741211,12.84000015258789,12.510000228881836,84900,12.510000228881836
2015-10-28,13.760000228881836,12.510000228881836,12.59000015258789,12.770000457763672,100200,12.770000457763672
2015-10-29,13.5,12.470000267028809,12.8100004196167,12.59000015258789,87400,12.59000015258789
2015-10-30,13.13599967956543,12.359999656677246,12.600000381469727,12.59000015258789,55000,12.59000015258789
2015-11-02,13.300000190734863,12.670000076293945,12.670000076293945,13.119999885559082,60100,13.119999885559082
2015-11-03,14.3100004196167,12.9399995803833,13.039999961853027,13.960000038146973,33800,13.960000038146973
2015-11-04,14.40999984741211,13.489999771118164,14.079999923706055,13.65999984741211,77900,13.65999984741211
2015-11-05,14.770000457763672,13.5,13.5,14.289999961853027,96400,14.289999961853027
2015-11-06,14.449999809265137,13.34000015258789,14.119999885559082,14.109999656677246,106800,14.109999656677246
2015-11-09,14.270000457763672,13.140000343322754,14.09000015258789,13.369999885559082,110900,13.369999885559082
2015-11-10,13.550000190734863,12.800000190734863,13.279999732971191,12.800000190734863,66300,12.800000190734863
2015-11-11,13.220000267028809,12.760000228881836,12.90999984741211,13.050000190734863,72600,13.050000190734863
2015-11-12,13.470000267028809,12.329999923706055,12.600000381469727,12.710000038146973,103300,12.710000038146973
2015-11-13,13.5600004196167,12.670000076293945,12.710000038146973,12.960000038146973,64100,12.960000038146973
2015-11-16,14.050000190734863,12.65999984741211,12.869999885559082,13.25,123700,13.25
2015-11-17,13.84000015258789,13.100000381469727,13.260000228881836,13.59000015258789,65300,13.59000015258789
2015-11-18,13.930000305175781,13.119999885559082,13.59000015258789,13.300000190734863,79800,13.300000190734863
2015-11-19,13.699999809265137,12.800000190734863,13.25,13.260000228881836,44500,13.260000228881836
2015-11-20,13.619999885559082,12.920000076293945,13.319999694824219,13.0,34700,13.0
2015-11-23,13.699999809265137,12.800000190734863,12.859999656677246,13.399999618530273,98200,13.399999618530273
2015-11-24,14.270000457763672,13.3100004196167,13.470000267028809,13.479999542236328,41300,13.479999542236328
2015-11-25,14.229999542236328,13.039999961853027,13.359999656677246,13.640000343322754,140100,13.640000343322754
2015-11-27,14.039999961853027,13.3100004196167,13.640000343322754,13.399999618530273,46300,13.399999618530273
2015-11-30,13.800000190734863,12.600000381469727,13.5600004196167,13.569999694824219,54600,13.569999694824219
2015-12-01,13.579999923706055,13.029999732971191,13.569999694824219,13.529999732971191,36300,13.529999732971191
2015-12-02,13.880000114440918,13.020000457763672,13.390000343322754,13.029999732971191,46700,13.029999732971191
2015-12-03,13.949999809265137,12.75,13.079999923706055,13.140000343322754,58100,13.140000343322754
2015-12-04,13.359999656677246,12.850000381469727,13.039999961853027,12.960000038146973,48500,12.960000038146973
2015-12-07,13.199999809265137,12.619999885559082,12.819999694824219,13.100000381469727,73300,13.100000381469727
2015-12-08,13.5,12.84000015258789,12.84000015258789,13.369999885559082,31000,13.369999885559082
2015-12-09,13.829999923706055,12.800000190734863,13.829999923706055,13.170000076293945,90300,13.170000076293945
2015-12-10,13.270000457763672,12.760000228881836,13.109999656677246,13.220000267028809,73800,13.220000267028809
2015-12-11,13.430000305175781,12.760000228881836,12.989999771118164,13.1899995803833,72600,13.1899995803833
2015-12-14,13.649999618530273,12.930000305175781,13.260000228881836,13.369999885559082,76700,13.369999885559082
2015-12-15,13.470000267028809,13.020000457763672,13.420000076293945,13.069999694824219,46100,13.069999694824219
2015-12-16,14.5,13.180000305175781,13.300000190734863,13.350000381469727,120200,13.350000381469727
2015-12-17,14.220000267028809,12.550000190734863,13.550000190734863,13.029999732971191,82600,13.029999732971191
2015-12-18,13.15999984741211,12.119999885559082,13.069999694824219,12.220000267028809,124500,12.220000267028809
2015-12-21,12.489999771118164,10.890000343322754,12.239999771118164,11.670000076293945,47500,11.670000076293945
2015-12-22,11.878999710083008,11.10099983215332,11.65999984741211,11.460000038146973,12700,11.460000038146973
2015-12-23,11.75,11.0600004196167,11.5600004196167,11.449999809265137,154800,11.449999809265137
2015-12-24,12.770000457763672,10.989999771118164,11.489999771118164,11.210000038146973,62800,11.210000038146973
2015-12-28,11.399999618530273,10.600000381469727,11.09000015258789,10.609999656677246,42700,10.609999656677246
2015-12-29,10.800000190734863,9.779999732971191,10.630000114440918,10.1899995803833,82000,10.1899995803833
2015-12-30,10.069999694824219,9.397000312805176,10.069999694824219,9.609999656677246,88700,9.609999656677246
2015-12-31,10.199999809265137,9.329999923706055,9.609999656677246,10.069999694824219,105300,10.069999694824219
2016-01-04,9.84000015258789,9.0,9.8100004196167,9.670000076293945,119600,9.670000076293945
2016-01-05,9.779999732971191,9.25,9.600000381469727,9.25,40900,9.25
2016-01-06,9.380000114440918,8.920000076293945,9.010000228881836,9.100000381469727,55900,9.100000381469727
2016-01-07,8.989999771118164,8.541000366210938,8.989999771118164,8.75,38700,8.75
2016-01-08,9.350000381469727,8.720000267028809,8.779999732971191,8.770000457763672,45700,8.770000457763672
2016-01-11,8.800000190734863,8.079999923706055,8.800000190734863,8.539999961853027,59800,8.539999961853027
2016-01-12,8.819999694824219,8.1899995803833,8.600000381469727,8.430000305175781,44100,8.430000305175781
2016-01-13,9.170000076293945,7.900000095367432,8.859999656677246,8.039999961853027,63100,8.039999961853027
2016-01-14,8.65999984741211,7.420000076293945,8.0600004196167,8.600000381469727,48400,8.600000381469727
2016-01-15,8.4399995803833,7.699999809265137,8.270000457763672,7.860000133514404,26100,7.860000133514404
2016-01-19,10.84000015258789,7.550000190734863,8.149999618530273,9.40999984741211,128200,9.40999984741211
2016-01-20,9.734999656677246,8.149999618530273,9.09000015258789,9.399999618530273,66500,9.399999618530273
2016-01-21,10.0,8.84000015258789,9.279999732971191,9.449999809265137,31700,9.449999809265137
2016-01-22,9.680000305175781,8.989999771118164,9.680000305175781,9.039999961853027,55800,9.039999961853027
2016-01-25,9.800000190734863,8.128999710083008,8.899999618530273,8.15999984741211,27700,8.15999984741211
2016-01-26,8.329999923706055,7.611999988555908,8.319999694824219,7.659999847412109,63100,7.659999847412109
2016-01-27,8.010000228881836,7.050000190734863,7.599999904632568,7.150000095367432,32100,7.150000095367432
2016-01-28,7.260000228881836,6.199999809265137,7.260000228881836,6.300000190734863,155000,6.300000190734863
2016-01-29,6.71999979019165,6.349999904632568,6.369999885559082,6.619999885559082,34100,6.619999885559082
2016-02-01,6.639999866485596,6.360000133514404,6.639999866485596,6.389999866485596,65000,6.389999866485596
2016-02-02,6.480000019073486,6.173999786376953,6.309999942779541,6.289999961853027,20400,6.289999961853027
2016-02-03,6.400000095367432,5.800000190734863,6.400000095367432,6.050000190734863,52700,6.050000190734863
2016-02-04,6.489999771118164,6.090000152587891,6.090000152587891,6.320000171661377,29000,6.320000171661377
2016-02-05,6.559999942779541,6.179999828338623,6.28000020980835,6.179999828338623,21700,6.179999828338623
2016-02-08,6.510000228881836,5.800000190734863,6.059999942779541,5.849999904632568,40800,5.849999904632568
2016-02-09,6.159999847412109,5.139999866485596,5.800000190734863,5.360000133514404,50500,5.360000133514404
2016-02-10,5.400000095367432,4.78000020980835,5.400000095367432,4.989999771118164,194400,4.989999771118164
2016-02-11,6.139999866485596,4.639999866485596,4.75,5.929999828338623,99100,5.929999828338623
2016-02-12,7.070000171661377,6.050000190734863,6.28000020980835,6.489999771118164,192100,6.489999771118164
2016-02-16,7.0,5.741000175476074,6.760000228881836,6.170000076293945,208300,6.170000076293945
2016-02-17,6.639999866485596,6.25,6.389999866485596,6.389999866485596,52700,6.389999866485596
2016-02-18,6.489999771118164,6.050000190734863,6.449999809265137,6.070000171661377,125500,6.070000171661377
2016-02-19,6.224999904632568,5.760000228881836,6.050000190734863,6.010000228881836,34700,6.010000228881836
2016-02-22,6.179999828338623,5.590000152587891,6.099999904632568,5.78000020980835,31300,5.78000020980835
2016-02-23,6.03000020980835,5.170000076293945,5.789999961853027,5.949999809265137,265000,5.949999809265137
2016-02-24,6.210000038146973,5.849999904632568,5.849999904632568,6.019999980926514,42300,6.019999980926514
2016-02-25,6.170000076293945,5.849999904632568,5.989999771118164,5.940000057220459,117700,5.940000057220459
2016-02-26,6.28000020980835,5.539999961853027,5.940000057220459,6.039999961853027,32000,6.039999961853027
2016-02-29,6.070000171661377,5.690000057220459,5.980000019073486,6.0,33100,6.0
2016-03-01,6.159999847412109,5.75,6.03000020980835,5.929999828338623,50500,5.929999828338623
2016-03-02,6.050000190734863,5.849999904632568,6.0,6.0,62500,6.0
2016-03-03,6.039999961853027,5.75,6.039999961853027,5.820000171661377,46800,5.820000171661377
2016-03-04,6.449999809265137,5.860000133514404,6.079999923706055,6.420000076293945,126600,6.420000076293945
2016-03-07,8.300000190734863,6.409999847412109,6.409999847412109,8.210000038146973,265200,8.210000038146973
2016-03-08,8.859999656677246,7.770999908447266,8.170000076293945,8.020000457763672,148000,8.020000457763672
2016-03-09,8.350000381469727,7.900000095367432,8.100000381469727,8.079999923706055,53600,8.079999923706055
2016-03-10,8.220000267028809,7.75,8.180000305175781,8.020000457763672,26100,8.020000457763672
2016-03-11,8.5,7.800000190734863,8.050000190734863,8.4399995803833,173200,8.4399995803833
2016-03-14,21.562999725341797,11.869999885559082,11.869999885559082,21.030000686645508,4681900,21.030000686645508
2016-03-15,20.809999465942383,14.010000228881836,20.809999465942383,14.399999618530273,1673800,14.399999618530273
2016-03-16,13.710000038146973,10.335000038146973,13.710000038146973,10.649999618530273,1300200,10.649999618530273
2016-03-17,11.850000381469727,9.720000267028809,11.260000228881836,9.960000038146973,1271900,9.960000038146973
2016-03-18,11.0,9.710000038146973,10.069999694824219,10.729999542236328,639000,10.729999542236328
2016-03-21,12.069999694824219,10.579999923706055,10.630000114440918,11.460000038146973,782000,11.460000038146973
2016-03-22,11.979999542236328,10.888999938964844,11.5600004196167,11.09000015258789,517300,11.09000015258789
2016-03-23,11.720000267028809,9.5,11.300000190734863,9.75,489700,9.75
2016-03-24,10.239999771118164,9.220000267028809,9.5,9.640000343322754,188400,9.640000343322754
2016-03-28,10.15999984741211,9.260000228881836,9.699999809265137,9.359999656677246,118500,9.359999656677246
2016-03-29,9.65999984741211,8.550000190734863,9.3100004196167,9.630000114440918,397900,9.630000114440918
2016-03-30,10.09000015258789,9.199999809265137,9.619999885559082,9.489999771118164,206700,9.489999771118164
2016-03-31,9.800000190734863,9.350000381469727,9.430000305175781,9.449999809265137,123200,9.449999809265137
2016-04-01,9.920000076293945,9.288999557495117,9.399999618530273,9.600000381469727,168100,9.600000381469727
2016-04-04,9.970000267028809,9.449999809265137,9.640000343322754,9.489999771118164,78900,9.489999771118164
2016-04-05,11.300000190734863,9.399999618530273,9.399999618530273,10.920000076293945,619800,10.920000076293945
2016-04-06,11.680000305175781,10.220000267028809,10.6899995803833,10.970000267028809,596200,10.970000267028809
2016-04-07,11.300000190734863,10.526000022888184,10.979999542236328,10.920000076293945,325100,10.920000076293945
2016-04-08,11.0,10.357000350952148,10.899999618530273,10.550000190734863,164400,10.550000190734863
2016-04-11,10.61400032043457,9.829999923706055,10.5,10.020000457763672,155600,10.020000457763672
2016-04-12,10.199999809265137,9.010000228881836,10.119999885559082,9.90999984741211,542800,9.90999984741211
2016-04-13,10.369999885559082,9.399999618530273,9.899999618530273,10.069999694824219,277500,10.069999694824219
2016-04-14,10.319999694824219,9.520000457763672,10.260000228881836,9.779999732971191,195800,9.779999732971191
2016-04-15,9.875,9.5,9.739999771118164,9.59000015258789,121200,9.59000015258789
2016-04-18,10.239999771118164,9.600000381469727,9.600000381469727,9.949999809265137,187100,9.949999809265137
2016-04-19,10.010000228881836,9.350000381469727,10.010000228881836,9.609999656677246,158700,9.609999656677246
2016-04-20,9.881999969482422,9.399999618530273,9.609999656677246,9.699999809265137,86000,9.699999809265137
2016-04-21,10.1899995803833,9.699999809265137,9.800000190734863,9.989999771118164,122700,9.989999771118164
2016-04-22,10.567999839782715,9.630000114440918,10.109999656677246,9.75,228100,9.75
2016-04-25,9.989999771118164,9.359999656677246,9.789999961853027,9.449999809265137,98700,9.449999809265137
2016-04-26,9.600000381469727,9.100000381469727,9.5,9.279999732971191,152800,9.279999732971191
2016-04-27,9.364999771118164,8.90999984741211,9.34000015258789,9.029999732971191,137200,9.029999732971191
2016-04-28,9.479999542236328,8.8100004196167,8.9399995803833,8.84000015258789,103200,8.84000015258789
2016-04-29,8.779999732971191,7.869999885559082,8.779999732971191,8.149999618530273,190000,8.149999618530273
2016-05-02,8.130000114440918,7.599999904632568,8.130000114440918,7.769999980926514,112800,7.769999980926514
2016-05-03,8.069999694824219,7.550000190734863,7.670000076293945,7.619999885559082,89900,7.619999885559082
2016-05-04,7.539999961853027,7.050000190734863,7.539999961853027,7.190000057220459,127200,7.190000057220459
2016-05-05,7.289999961853027,6.849999904632568,7.289999961853027,6.96999979019165,116300,6.96999979019165
2016-05-06,7.184999942779541,6.71999979019165,6.909999847412109,6.900000095367432,97100,6.900000095367432
2016-05-09,7.119999885559082,6.900000095367432,6.900000095367432,6.989999771118164,65800,6.989999771118164
2016-05-10,7.110000133514404,6.75,7.059999942779541,6.849999904632568,67100,6.849999904632568
2016-05-11,6.920000076293945,6.739999771118164,6.760000228881836,6.769999980926514,64800,6.769999980926514
2016-05-12,6.900000095367432,6.019999980926514,6.75,6.21999979019165,122000,6.21999979019165
2016-05-13,6.64900016784668,6.199999809265137,6.199999809265137,6.340000152587891,76600,6.340000152587891
2016-05-16,6.659999847412109,6.122000217437744,6.369999885559082,6.550000190734863,187100,6.550000190734863
2016-05-17,7.570000171661377,6.46999979019165,6.5,6.96999979019165,262100,6.96999979019165
2016-05-18,7.53000020980835,6.880000114440918,7.019999980926514,7.130000114440918,197100,7.130000114440918
2016-05-19,7.293000221252441,6.619999885559082,7.199999809265137,6.909999847412109,120300,6.909999847412109
2016-05-20,7.3429999351501465,6.75,6.920000076293945,7.239999771118164,131800,7.239999771118164
2016-05-23,7.514999866485596,7.099999904632568,7.230000019073486,7.139999866485596,78500,7.139999866485596
2016-05-24,7.889999866485596,7.110000133514404,7.110000133514404,7.769999980926514,270800,7.769999980926514
2016-05-25,8.399999618530273,7.75,7.829999923706055,7.900000095367432,254300,7.900000095367432
2016-05-26,8.119999885559082,7.420000076293945,7.960000038146973,7.590000152587891,226300,7.590000152587891
2016-05-27,7.900000095367432,7.309999942779541,7.639999866485596,7.75,90300,7.75
2016-05-31,9.289999961853027,7.75,7.75,8.739999771118164,456100,8.739999771118164
2016-06-01,9.239999771118164,8.59000015258789,8.6899995803833,8.800000190734863,220800,8.800000190734863
2016-06-02,9.149999618530273,8.649999618530273,8.829999923706055,9.079999923706055,113700,9.079999923706055
2016-06-03,9.789999961853027,8.79699993133545,9.109999656677246,9.510000228881836,429700,9.510000228881836
2016-06-06,9.982999801635742,9.130000114440918,9.949999809265137,9.710000038146973,218800,9.710000038146973
2016-06-07,10.170000076293945,9.550000190734863,9.640000343322754,9.609999656677246,289700,9.609999656677246
2016-06-08,9.949999809265137,9.550000190734863,9.600000381469727,9.770000457763672,194900,9.770000457763672
2016-06-09,9.770000457763672,8.789999961853027,9.680000305175781,9.050000190734863,193000,9.050000190734863
2016-06-10,9.1899995803833,8.609999656677246,8.949999809265137,8.770000457763672,157300,8.770000457763672
2016-06-13,8.890000343322754,8.140000343322754,8.699999809265137,8.1899995803833,146300,8.1899995803833
2016-06-14,8.5,8.0,8.140000343322754,8.09000015258789,141000,8.09000015258789
2016-06-15,8.329999923706055,7.800000190734863,8.09000015258789,8.039999961853027,186000,8.039999961853027
2016-06-16,8.170000076293945,7.599999904632568,7.960000038146973,7.789999961853027,228600,7.789999961853027
2016-06-17,7.809999942779541,7.5,7.699999809265137,7.550000190734863,193500,7.550000190734863
2016-06-20,7.929999828338623,7.309999942779541,7.710000038146973,7.46999979019165,203700,7.46999979019165
2016-06-21,7.534999847412109,6.849999904632568,7.46999979019165,7.369999885559082,195300,7.369999885559082
2016-06-22,7.670000076293945,7.179999828338623,7.429999828338623,7.28000020980835,90400,7.28000020980835
2016-06-23,7.789999961853027,7.340000152587891,7.340000152587891,7.769999980926514,127800,7.769999980926514
2016-06-24,7.679999828338623,6.949999809265137,7.260000228881836,7.650000095367432,423200,7.650000095367432
2016-06-27,8.9399995803833,6.949999809265137,8.239999771118164,7.090000152587891,1136000,7.090000152587891
2016-06-28,7.448999881744385,6.5,7.300000190734863,6.570000171661377,457200,6.570000171661377
2016-06-29,7.050000190734863,6.309999942779541,6.730000019073486,6.710000038146973,371700,6.710000038146973
2016-06-30,7.052999973297119,6.670000076293945,6.78000020980835,6.849999904632568,206800,6.849999904632568
2016-07-01,7.176000118255615,6.820000171661377,6.96999979019165,6.929999828338623,232500,6.929999828338623
2016-07-05,7.175000190734863,6.619999885559082,7.139999866485596,7.0,159200,7.0
2016-07-06,7.489999771118164,6.909999847412109,7.0,7.300000190734863,156600,7.300000190734863
2016-07-07,7.420000076293945,7.0,7.300000190734863,7.300000190734863,112600,7.300000190734863
2016-07-08,7.5,7.165999889373779,7.349999904632568,7.360000133514404,100500,7.360000133514404
2016-07-11,7.420000076293945,7.050000190734863,7.420000076293945,7.260000228881836,98400,7.260000228881836
2016-07-12,7.699999809265137,7.25,7.360000133514404,7.5,112100,7.5
2016-07-13,7.550000190734863,7.199999809265137,7.550000190734863,7.210000038146973,40700,7.210000038146973
2016-07-14,7.449999809265137,7.21999979019165,7.289999961853027,7.329999923706055,71400,7.329999923706055
2016-07-15,7.619999885559082,7.329999923706055,7.329999923706055,7.519999980926514,136400,7.519999980926514
2016-07-18,7.599999904632568,7.420000076293945,7.599999904632568,7.559999942779541,75000,7.559999942779541
2016-07-19,7.599999904632568,7.139999866485596,7.550000190734863,7.320000171661377,176700,7.320000171661377
2016-07-20,7.480000019073486,7.190000057220459,7.309999942779541,7.400000095367432,71700,7.400000095367432
2016-07-21,7.790999889373779,7.409999847412109,7.519999980926514,7.480000019073486,232800,7.480000019073486
2016-07-22,7.519999980926514,7.28000020980835,7.519999980926514,7.320000171661377,82400,7.320000171661377
2016-07-25,7.341000080108643,7.090000152587891,7.340000152587891,7.179999828338623,67600,7.179999828338623
2016-07-26,7.400000095367432,7.019999980926514,7.170000076293945,7.28000020980835,42100,7.28000020980835
2016-07-27,8.25,7.300000190734863,7.329999923706055,7.960000038146973,305700,7.960000038146973
2016-07-28,8.300000190734863,7.809999942779541,8.079999923706055,8.1899995803833,145400,8.1899995803833
2016-07-29,8.890000343322754,8.149999618530273,8.300000190734863,8.84000015258789,190200,8.84000015258789
2016-08-01,9.630000114440918,9.0,9.109999656677246,9.199999809265137,247300,9.199999809265137
2016-08-02,9.430000305175781,8.569999694824219,9.25,8.800000190734863,181900,8.800000190734863
2016-08-03,9.5,8.710000038146973,8.899999618530273,9.430000305175781,160000,9.430000305175781
2016-08-04,10.5,9.5,9.510000228881836,10.5,364600,10.5
2016-08-05,10.829999923706055,9.670000076293945,10.829999923706055,9.989999771118164,333600,9.989999771118164
2016-08-08,10.390000343322754,9.690999984741211,10.0,9.960000038146973,184000,9.960000038146973
2016-08-09,10.289999961853027,9.649999618530273,9.869999885559082,10.109999656677246,100800,10.109999656677246
2016-08-10,10.100000381469727,9.510000228881836,10.100000381469727,9.520000457763672,173800,9.520000457763672
2016-08-11,10.1899995803833,9.640000343322754,9.640000343322754,9.90999984741211,138800,9.90999984741211
2016-08-12,10.5,9.84000015258789,9.949999809265137,10.260000228881836,146700,10.260000228881836
2016-08-15,11.010000228881836,10.260000228881836,10.260000228881836,10.829999923706055,238900,10.829999923706055
2016-08-16,11.149999618530273,9.989999771118164,10.899999618530273,10.039999961853027,200700,10.039999961853027
2016-08-17,10.09000015258789,9.109999656677246,10.09000015258789,9.510000228881836,273800,9.510000228881836
2016-08-18,9.890000343322754,9.180000305175781,9.449999809265137,9.779999732971191,146000,9.779999732971191
2016-08-19,10.09000015258789,9.739999771118164,9.739999771118164,9.869999885559082,95300,9.869999885559082
2016-08-22,10.170000076293945,9.630000114440918,9.890000343322754,10.029999732971191,157800,10.029999732971191
2016-08-23,10.128999710083008,9.6899995803833,9.949999809265137,9.869999885559082,79600,9.869999885559082
2016-08-24,10.100000381469727,9.12600040435791,9.869999885559082,9.300000190734863,124100,9.300000190734863
2016-08-25,9.550000190734863,8.640000343322754,9.1899995803833,8.890000343322754,114800,8.890000343322754
2016-08-26,9.149999618530273,8.710000038146973,8.899999618530273,8.850000381469727,84800,8.850000381469727
2016-08-29,9.210000038146973,8.600000381469727,8.829999923706055,8.989999771118164,61900,8.989999771118164
2016-08-30,9.270000457763672,8.789999961853027,8.989999771118164,8.979999542236328,78900,8.979999542236328
2016-08-31,9.119999885559082,8.4399995803833,8.869999885559082,8.479999542236328,105300,8.479999542236328
2016-09-01,8.680000305175781,8.345000267028809,8.5,8.569999694824219,45000,8.569999694824219
2016-09-02,8.680000305175781,8.25100040435791,8.520000457763672,8.470000267028809,51400,8.470000267028809
2016-09-06,9.630000114440918,8.649999618530273,8.65999984741211,9.449999809265137,193000,9.449999809265137
2016-09-07,10.739999771118164,9.479999542236328,9.479999542236328,10.260000228881836,655900,10.260000228881836
2016-09-08,10.829999923706055,10.100000381469727,10.800000190734863,10.720000267028809,331000,10.720000267028809
2016-09-09,10.619999885559082,9.642000198364258,10.619999885559082,9.760000228881836,181400,9.760000228881836
2016-09-12,10.420000076293945,9.5,9.600000381469727,10.399999618530273,155200,10.399999618530273
2016-09-13,10.614999771118164,9.949999809265137,10.25,10.229999542236328,187800,10.229999542236328
2016-09-14,10.895999908447266,10.079999923706055,10.199999809265137,10.260000228881836,111100,10.260000228881836
2016-09-15,10.5,9.9399995803833,10.289999961853027,10.3100004196167,132700,10.3100004196167
2016-09-16,10.800000190734863,10.199999809265137,10.289999961853027,10.279999732971191,211200,10.279999732971191
2016-09-19,11.899999618530273,10.399999618530273,10.460000038146973,11.899999618530273,458200,11.899999618530273
2016-09-20,12.399999618530273,11.100000381469727,11.899999618530273,12.020000457763672,509200,12.020000457763672
2016-09-21,12.40999984741211,11.260000228881836,12.149999618530273,11.920000076293945,367500,11.920000076293945
2016-09-22,13.470000267028809,11.819000244140625,11.960000038146973,12.989999771118164,721800,12.989999771118164
2016-09-23,13.380000114440918,12.270000457763672,13.119999885559082,12.65999984741211,341400,12.65999984741211
2016-09-26,14.380000114440918,13.305999755859375,13.40999984741211,14.039999961853027,1280400,14.039999961853027
2016-09-27,14.4399995803833,13.100000381469727,14.210000038146973,13.8100004196167,425600,13.8100004196167
2016-09-28,13.960000038146973,13.069999694824219,13.75,13.5600004196167,342600,13.5600004196167
2016-09-29,13.720000267028809,12.65999984741211,13.520000457763672,12.850000381469727,243500,12.850000381469727
2016-09-30,13.369999885559082,12.670000076293945,12.859999656677246,13.050000190734863,257200,13.050000190734863
2016-10-03,14.0,12.819999694824219,13.0,13.699999809265137,334000,13.699999809265137
2016-10-04,14.319999694824219,13.619999885559082,13.989999771118164,13.970000267028809,364600,13.970000267028809
2016-10-05,14.1899995803833,13.109999656677246,14.1899995803833,13.430000305175781,259700,13.430000305175781
2016-10-06,13.718999862670898,12.65999984741211,13.40999984741211,13.220000267028809,217300,13.220000267028809
2016-10-07,14.5,13.520000457763672,14.0,13.609999656677246,837100,13.609999656677246
2016-10-10,13.859999656677246,12.901000022888184,13.6899995803833,13.380000114440918,241200,13.380000114440918
2016-10-11,13.489999771118164,12.5600004196167,13.229999542236328,12.699999809265137,230700,12.699999809265137
2016-10-12,12.994999885559082,11.890999794006348,12.699999809265137,12.119999885559082,205700,12.119999885559082
2016-10-13,12.380000114440918,11.59000015258789,11.899999618530273,12.0,225200,12.0
2016-10-14,12.0600004196167,10.5600004196167,12.0,10.890000343322754,511500,10.890000343322754
2016-10-17,11.708999633789062,10.569999694824219,10.729999542236328,11.270000457763672,231600,11.270000457763672
2016-10-18,11.5600004196167,10.899999618530273,11.550000190734863,10.989999771118164,250400,10.989999771118164
2016-10-19,11.708999633789062,10.800000190734863,10.989999771118164,11.539999961853027,127100,11.539999961853027
2016-10-20,12.057999610900879,11.399999618530273,11.5,11.960000038146973,188500,11.960000038146973
2016-10-21,12.760000228881836,11.960000038146973,11.960000038146973,12.260000228881836,220200,12.260000228881836
2016-10-24,12.550000190734863,11.84000015258789,12.329999923706055,11.899999618530273,175900,11.899999618530273
2016-10-25,12.479999542236328,11.399999618530273,12.479999542236328,11.479999542236328,177300,11.479999542236328
2016-10-26,11.520000457763672,10.869999885559082,11.399999618530273,11.430000305175781,153500,11.430000305175781
2016-10-27,11.5,11.0,11.5,11.130000114440918,123100,11.130000114440918
2016-10-28,11.237000465393066,10.65999984741211,11.069999694824219,11.029999732971191,123000,11.029999732971191
2016-10-31,11.699999809265137,10.979999542236328,11.050000190734863,11.520000457763672,143700,11.520000457763672
2016-11-01,11.920000076293945,11.329999923706055,11.600000381469727,11.5600004196167,139800,11.5600004196167
2016-11-02,11.795000076293945,10.8100004196167,11.619999885559082,11.40999984741211,141300,11.40999984741211
2016-11-03,11.604999542236328,10.829999923706055,11.380000114440918,11.300000190734863,105500,11.300000190734863
2016-11-04,12.479999542236328,11.395999908447266,11.479999542236328,12.220000267028809,145400,12.220000267028809
2016-11-07,13.390000343322754,12.5,12.600000381469727,13.079999923706055,220800,13.079999923706055
2016-11-08,13.5,12.5,13.5,13.010000228881836,183300,13.010000228881836
2016-11-09,13.800000190734863,12.359999656677246,12.59000015258789,13.449999809265137,245500,13.449999809265137
2016-11-10,14.220000267028809,13.027000427246094,14.1899995803833,13.279999732971191,192600,13.279999732971191
2016-11-11,13.619999885559082,12.720000267028809,13.25,13.550000190734863,201100,13.550000190734863
2016-11-14,14.39799976348877,13.652000427246094,13.960000038146973,14.229999542236328,270800,14.229999542236328
2016-11-15,14.779000282287598,14.0,14.5,14.4399995803833,324600,14.4399995803833
2016-11-16,14.819999694824219,14.020000457763672,14.569999694824219,14.180000305175781,157900,14.180000305175781
2016-11-17,16.0,14.201000213623047,14.40999984741211,15.729999542236328,459000,15.729999542236328
2016-11-18,16.90999984741211,14.880000114440918,16.030000686645508,15.329999923706055,472100,15.329999923706055
2016-11-21,15.906999588012695,14.821000099182129,15.399999618530273,15.260000228881836,248300,15.260000228881836
2016-11-22,15.289999961853027,13.800000190734863,15.270000457763672,13.800000190734863,305900,13.800000190734863
2016-11-23,14.300000190734863,13.09000015258789,13.3100004196167,14.289999961853027,166200,14.289999961853027
2016-11-25,14.34000015258789,13.949999809265137,14.260000228881836,14.039999961853027,48300,14.039999961853027
2016-11-28,14.140000343322754,13.489999771118164,14.100000381469727,13.619999885559082,81300,13.619999885559082
2016-11-29,13.928000450134277,13.100000381469727,13.600000381469727,13.239999771118164,93600,13.239999771118164
2016-11-30,13.420000076293945,12.510000228881836,13.420000076293945,12.579999923706055,156600,12.579999923706055
2016-12-01,12.819999694824219,12.279999732971191,12.739999771118164,12.8100004196167,112500,12.8100004196167
2016-12-02,13.75,12.784000396728516,12.800000190734863,13.640000343322754,163900,13.640000343322754
2016-12-05,14.0,12.880000114440918,13.720000267028809,13.180000305175781,205000,13.180000305175781
2016-12-06,14.640000343322754,13.380000114440918,14.100000381469727,14.460000038146973,306100,14.460000038146973
2016-12-07,14.65999984741211,13.75,14.59000015258789,14.510000228881836,185900,14.510000228881836
2016-12-08,15.720000267028809,14.020000457763672,14.5,15.529999732971191,324900,15.529999732971191
2016-12-09,16.59000015258789,15.0,15.920000076293945,15.069999694824219,349300,15.069999694824219
2016-12-12,15.649999618530273,14.210000038146973,15.079999923706055,14.619999885559082,184100,14.619999885559082
2016-12-13,14.720000267028809,14.220000267028809,14.720000267028809,14.380000114440918,109400,14.380000114440918
2016-12-14,14.866999626159668,13.859999656677246,14.4399995803833,14.09000015258789,133400,14.09000015258789
2016-12-15,15.029999732971191,14.125,14.229999542236328,14.800000190734863,115500,14.800000190734863
2016-12-16,15.489999771118164,14.65999984741211,14.949999809265137,14.760000228881836,214800,14.760000228881836
2016-12-19,15.449999809265137,14.75,14.880000114440918,14.869999885559082,108500,14.869999885559082
2016-12-20,15.130999565124512,14.550000190734863,15.09000015258789,14.65999984741211,75500,14.65999984741211
2016-12-21,14.99899959564209,14.029999732971191,14.960000038146973,14.130000114440918,84000,14.130000114440918
2016-12-22,15.5,14.430000305175781,15.039999961853027,14.90999984741211,186000,14.90999984741211
2016-12-23,16.0,14.850000381469727,14.850000381469727,15.640000343322754,177100,15.640000343322754
2016-12-27,16.739999771118164,15.729999542236328,16.040000915527344,15.8100004196167,226900,15.8100004196167
2016-12-28,16.739999771118164,15.880000114440918,16.739999771118164,16.25,187600,16.25
2016-12-29,16.3799991607666,15.5,16.25,15.65999984741211,189500,15.65999984741211
2016-12-30,15.899999618530273,15.399999618530273,15.899999618530273,15.59000015258789,129500,15.59000015258789
2017-01-03,18.0,15.800000190734863,16.389999389648438,17.950000762939453,409800,17.950000762939453
2017-01-04,19.94300079345703,18.020000457763672,18.09000015258789,18.850000381469727,578500,18.850000381469727
2017-01-05,19.940000534057617,18.731000900268555,19.170000076293945,19.200000762939453,436300,19.200000762939453
2017-01-06,19.68899917602539,18.209999084472656,19.399999618530273,18.31999969482422,325700,18.31999969482422
2017-01-09,18.75,17.690000534057617,18.75,18.079999923706055,212900,18.079999923706055
2017-01-10,20.360000610351562,18.290000915527344,18.329999923706055,19.799999237060547,473500,19.799999237060547
2017-01-11,20.200000762939453,18.650999069213867,20.0,19.110000610351562,298700,19.110000610351562
2017-01-12,19.450000762939453,18.799999237060547,18.8799991607666,19.290000915527344,168300,19.290000915527344
2017-01-13,19.437999725341797,18.510000228881836,19.25,18.690000534057617,177900,18.690000534057617
2017-01-17,19.5,18.700000762939453,18.8700008392334,19.5,208400,19.5
2017-01-18,23.069000244140625,19.549999237060547,19.549999237060547,22.459999084472656,956300,22.459999084472656
2017-01-19,19.690000534057617,17.809999465942383,19.0,18.110000610351562,3497900,18.110000610351562
2017-01-20,18.59000015258789,18.010000228881836,18.399999618530273,18.1200008392334,446700,18.1200008392334
2017-01-23,18.5,17.899999618530273,18.1200008392334,18.030000686645508,632800,18.030000686645508
2017-01-24,18.34000015258789,17.899999618530273,18.030000686645508,18.059999465942383,319200,18.059999465942383
2017-01-25,18.34000015258789,17.799999237060547,18.190000534057617,18.219999313354492,409200,18.219999313354492
2017-01-26,18.399999618530273,18.0,18.219999313354492,18.1299991607666,341900,18.1299991607666
2017-01-27,18.25,17.329999923706055,18.25,17.389999389648438,531300,17.389999389648438
2017-01-30,17.801000595092773,16.090999603271484,17.790000915527344,17.010000228881836,481000,17.010000228881836
2017-01-31,17.549999237060547,16.8700008392334,17.010000228881836,17.239999771118164,543000,17.239999771118164
2017-02-01,18.059999465942383,17.34000015258789,17.3799991607666,18.030000686645508,365800,18.030000686645508
2017-02-02,18.209999084472656,17.5,18.059999465942383,17.8799991607666,289700,17.8799991607666
2017-02-03,18.334999084472656,17.81999969482422,17.940000534057617,18.049999237060547,469600,18.049999237060547
2017-02-06,18.489999771118164,17.920000076293945,18.3700008392334,18.469999313354492,626300,18.469999313354492
2017-02-07,18.799999237060547,18.09000015258789,18.5,18.780000686645508,443200,18.780000686645508
2017-02-08,19.0,18.610000610351562,18.989999771118164,18.81999969482422,397400,18.81999969482422
2017-02-09,19.350000381469727,18.690000534057617,18.8700008392334,19.149999618530273,327100,19.149999618530273
2017-02-10,20.440000534057617,19.200000762939453,19.200000762939453,20.15999984741211,453600,20.15999984741211
2017-02-13,21.39299964904785,20.290000915527344,20.420000076293945,21.229999542236328,599400,21.229999542236328
2017-02-14,22.961000442504883,21.31999969482422,21.360000610351562,22.739999771118164,629900,22.739999771118164
2017-02-15,23.75,22.270000457763672,23.100000381469727,23.0,747000,23.0
2017-02-16,23.56999969482422,21.170000076293945,23.200000762939453,22.639999389648438,748300,22.639999389648438
2017-02-17,22.549999237060547,21.1200008392334,22.5,21.229999542236328,601500,21.229999542236328
2017-02-21,22.208999633789062,21.260000228881836,21.600000381469727,21.459999084472656,281300,21.459999084472656
2017-02-22,22.489999771118164,21.389999389648438,21.459999084472656,21.829999923706055,424600,21.829999923706055
2017-02-23,22.420000076293945,21.299999237060547,22.270000457763672,22.100000381469727,385500,22.100000381469727
2017-02-24,23.5,21.860000610351562,22.479999542236328,22.020000457763672,871200,22.020000457763672
2017-02-27,23.200000762939453,22.15999984741211,22.209999084472656,23.200000762939453,507000,23.200000762939453
2017-02-28,23.40999984741211,22.420000076293945,23.389999389648438,22.899999618530273,446100,22.899999618530273
2017-03-01,23.208999633789062,22.030000686645508,23.0,22.190000534057617,532400,22.190000534057617
2017-03-02,22.90999984741211,21.309999465942383,22.0,21.639999389648438,468200,21.639999389648438
2017-03-03,22.02199935913086,21.31100082397461,21.729999542236328,21.610000610351562,255300,21.610000610351562
2017-03-06,21.6200008392334,20.57200050354004,21.450000762939453,20.6200008392334,346500,20.6200008392334
2017-03-07,20.639999389648438,19.690000534057617,20.510000228881836,20.09000015258789,381800,20.09000015258789
2017-03-08,21.600000381469727,20.06999969482422,20.06999969482422,21.110000610351562,276000,21.110000610351562
2017-03-09,21.172000885009766,20.15999984741211,20.81999969482422,20.3799991607666,226300,20.3799991607666
2017-03-10,20.670000076293945,20.110000610351562,20.579999923706055,20.270000457763672,163200,20.270000457763672
2017-03-13,21.43000030517578,19.520000457763672,20.299999237060547,20.770000457763672,458800,20.770000457763672
2017-03-14,21.170000076293945,20.059999465942383,20.770000457763672,20.719999313354492,398100,20.719999313354492
2017-03-15,20.979999542236328,20.25,20.6299991607666,20.68000030517578,205600,20.68000030517578
2017-03-16,20.799999237060547,19.6200008392334,20.6299991607666,19.770000457763672,306600,19.770000457763672
2017-03-17,19.899999618530273,18.860000610351562,19.75,18.969999313354492,377900,18.969999313354492
2017-03-20,19.84000015258789,18.899999618530273,19.06999969482422,19.6200008392334,229600,19.6200008392334
2017-03-21,19.770000457763672,18.90999984741211,19.510000228881836,19.149999618530273,255800,19.149999618530273
2017-03-22,19.290000915527344,18.299999237060547,18.979999542236328,18.709999084472656,282600,18.709999084472656
2017-03-23,19.969999313354492,18.540000915527344,18.540000915527344,19.6299991607666,301100,19.6299991607666
2017-03-24,20.100000381469727,19.100000381469727,19.6299991607666,19.649999618530273,204400,19.649999618530273
2017-03-27,21.690000534057617,19.209999084472656,20.0,21.15999984741211,699600,21.15999984741211
2017-03-28,21.75,20.0,21.700000762939453,20.020000457763672,578700,20.020000457763672
2017-03-29,20.459999084472656,19.65999984741211,20.030000686645508,20.020000457763672,296500,20.020000457763672
2017-03-30,20.3799991607666,19.760000228881836,20.280000686645508,19.959999084472656,275800,19.959999084472656
2017-03-31,20.799999237060547,20.010000228881836,20.030000686645508,20.100000381469727,300200,20.100000381469727
2017-04-03,20.420000076293945,19.825000762939453,20.239999771118164,20.31999969482422,188800,20.31999969482422
2017-04-04,20.360000610351562,19.34000015258789,20.299999237060547,19.75,331800,19.75
2017-04-05,20.899999618530273,19.350000381469727,19.639999389648438,19.520000457763672,451200,19.520000457763672
2017-04-06,20.969999313354492,19.40999984741211,19.450000762939453,20.84000015258789,529200,20.84000015258789
2017-04-07,22.389999389648438,20.910999298095703,20.969999313354492,22.09000015258789,670200,22.09000015258789
2017-04-10,25.246999740600586,22.299999237060547,22.329999923706055,24.780000686645508,1709800,24.780000686645508
2017-04-11,25.878000259399414,23.709999084472656,25.270000457763672,24.700000762939453,965200,24.700000762939453
2017-04-12,25.399999618530273,24.25,24.510000228881836,25.020000457763672,480100,25.020000457763672
2017-04-13,25.950000762939453,24.726999282836914,25.170000076293945,25.190000534057617,495000,25.190000534057617
2017-04-17,25.399999618530273,24.200000762939453,25.170000076293945,24.56999969482422,317700,24.56999969482422
2017-04-18,24.899999618530273,24.020000457763672,24.469999313354492,24.219999313354492,319000,24.219999313354492
2017-04-19,24.93000030517578,24.0,24.0,24.399999618530273,270600,24.399999618530273
2017-04-20,24.940000534057617,24.15999984741211,24.170000076293945,24.530000686645508,251900,24.530000686645508
2017-04-21,24.56999969482422,22.8799991607666,24.56999969482422,23.200000762939453,431000,23.200000762939453
2017-04-24,23.84000015258789,21.829999923706055,23.520000457763672,22.719999313354492,538400,22.719999313354492
2017-04-25,22.940000534057617,21.790000915527344,22.6200008392334,21.81999969482422,324600,21.81999969482422
2017-04-26,22.020000457763672,20.799999237060547,21.8799991607666,20.959999084472656,488500,20.959999084472656
2017-04-27,21.440000534057617,20.770000457763672,20.899999618530273,20.989999771118164,361300,20.989999771118164
2017-04-28,21.350000381469727,20.639999389648438,20.90999984741211,20.979999542236328,266200,20.979999542236328
2017-05-01,21.93000030517578,20.979999542236328,20.979999542236328,21.860000610351562,358700,21.860000610351562
2017-05-02,22.530000686645508,21.079999923706055,21.809999465942383,21.290000915527344,434600,21.290000915527344
2017-05-03,21.549999237060547,19.93000030517578,21.299999237060547,20.459999084472656,367100,20.459999084472656
2017-05-04,20.618000030517578,19.5,20.459999084472656,20.079999923706055,315000,20.079999923706055
2017-05-05,20.049999237060547,18.83799934387207,19.969999313354492,19.239999771118164,494100,19.239999771118164
2017-05-08,20.260000228881836,18.899999618530273,19.59000015258789,19.75,312600,19.75
2017-05-09,19.770000457763672,17.75,19.25,18.3700008392334,821200,18.3700008392334
2017-05-10,19.0,17.809999465942383,18.59000015258789,18.760000228881836,407100,18.760000228881836
2017-05-11,19.329999923706055,18.299999237060547,18.649999618530273,19.25,296000,19.25
2017-05-12,20.280000686645508,19.31999969482422,19.31999969482422,19.600000381469727,348900,19.600000381469727
2017-05-15,19.892000198364258,19.020000457763672,19.700000762939453,19.360000610351562,300500,19.360000610351562
2017-05-16,20.479999542236328,18.899999618530273,19.93000030517578,19.469999313354492,467200,19.469999313354492
2017-05-17,19.459999084472656,18.149999618530273,19.459999084472656,18.270000457763672,352100,18.270000457763672
2017-05-18,18.860000610351562,18.0,18.079999923706055,18.770000457763672,287700,18.770000457763672
2017-05-19,19.09000015258789,18.0,18.739999771118164,18.059999465942383,433600,18.059999465942383
2017-05-22,18.469999313354492,17.809999465942383,18.030000686645508,18.270000457763672,242500,18.270000457763672
2017-05-23,18.273000717163086,17.65999984741211,18.239999771118164,18.059999465942383,244900,18.059999465942383
2017-05-24,18.290000915527344,17.729999542236328,17.979999542236328,18.110000610351562,298600,18.110000610351562
2017-05-25,18.989999771118164,18.249000549316406,18.290000915527344,18.90999984741211,447200,18.90999984741211
2017-05-26,19.099000930786133,18.579999923706055,18.940000534057617,19.0,189000,19.0
2017-05-30,19.089000701904297,18.110000610351562,18.969999313354492,18.520000457763672,348600,18.520000457763672
2017-05-31,18.719999313354492,17.91900062561035,18.670000076293945,18.6299991607666,254400,18.6299991607666
2017-06-01,19.450000762939453,18.170000076293945,18.690000534057617,19.350000381469727,338300,19.350000381469727
2017-06-02,19.5939998626709,18.90999984741211,19.3700008392334,19.190000534057617,281000,19.190000534057617
2017-06-05,19.459999084472656,18.399999618530273,19.18000030517578,18.610000610351562,279000,18.610000610351562
2017-06-06,18.940000534057617,18.25,18.5,18.530000686645508,287200,18.530000686645508
2017-06-07,19.25,18.415000915527344,18.59000015258789,18.770000457763672,368600,18.770000457763672
2017-06-08,18.899999618530273,18.139999389648438,18.799999237060547,18.3799991607666,417000,18.3799991607666
2017-06-09,18.799999237060547,17.899999618530273,18.399999618530273,18.200000762939453,404300,18.200000762939453
2017-06-12,18.25,16.270999908447266,18.200000762939453,16.610000610351562,602500,16.610000610351562
2017-06-13,18.190000534057617,16.610000610351562,16.610000610351562,17.889999389648438,475600,17.889999389648438
2017-06-14,18.3700008392334,17.110000610351562,18.209999084472656,17.469999313354492,281000,17.469999313354492
2017-06-15,17.57900047302246,16.559999465942383,17.149999618530273,16.860000610351562,258000,16.860000610351562
2017-06-16,17.25,16.649999618530273,16.979999542236328,17.020000457763672,262700,17.020000457763672
2017-06-19,18.149999618530273,16.860000610351562,17.200000762939453,17.959999084472656,334400,17.959999084472656
2017-06-20,18.84000015258789,17.860000610351562,17.920000076293945,18.3799991607666,291000,18.3799991607666
2017-06-21,18.799999237060547,17.860000610351562,18.420000076293945,18.329999923706055,395200,18.329999923706055
2017-06-22,19.360000610351562,17.850000381469727,18.149999618530273,18.030000686645508,481500,18.030000686645508
2017-06-23,18.81999969482422,17.797000885009766,18.049999237060547,18.770000457763672,1618400,18.770000457763672
2017-06-26,19.299999237060547,18.510000228881836,19.299999237060547,19.1200008392334,359100,19.1200008392334
2017-06-27,20.729999542236328,18.780000686645508,19.06999969482422,18.93000030517578,716400,18.93000030517578
2017-06-28,19.270000457763672,18.0,18.989999771118164,18.520000457763672,464200,18.520000457763672
2017-06-29,18.47100067138672,17.809999465942383,18.420000076293945,18.020000457763672,347500,18.020000457763672
2017-06-30,18.0,16.420000076293945,18.0,16.969999313354492,925500,16.969999313354492
2017-07-03,17.270000457763672,16.459999084472656,17.1299991607666,16.899999618530273,292300,16.899999618530273
2017-07-05,17.40999984741211,16.809999465942383,16.950000762939453,17.309999465942383,283600,17.309999465942383
2017-07-06,17.579999923706055,17.010000228881836,17.1299991607666,17.1299991607666,177800,17.1299991607666
2017-07-07,17.75,17.100000381469727,17.260000228881836,17.670000076293945,275400,17.670000076293945
2017-07-10,18.149999618530273,17.100000381469727,17.579999923706055,17.889999389648438,283200,17.889999389648438
2017-07-11,18.290000915527344,17.5,17.969999313354492,18.270000457763672,373400,18.270000457763672
2017-07-12,19.429000854492188,18.350000381469727,18.350000381469727,19.059999465942383,526200,19.059999465942383
2017-07-13,19.34000015258789,17.899999618530273,19.229999542236328,18.940000534057617,489100,18.940000534057617
2017-07-14,19.639999389648438,18.899999618530273,19.0,19.43000030517578,403100,19.43000030517578
2017-07-17,20.0,18.617000579833984,19.510000228881836,18.75,567100,18.75
2017-07-18,19.242000579833984,18.6299991607666,18.719999313354492,19.049999237060547,262200,19.049999237060547
2017-07-19,19.700000762939453,18.850000381469727,19.219999313354492,19.190000534057617,477400,19.190000534057617
2017-07-20,19.690000534057617,18.65999984741211,19.350000381469727,18.809999465942383,722300,18.809999465942383
2017-07-21,19.149999618530273,18.510000228881836,19.149999618530273,18.700000762939453,369300,18.700000762939453
2017-07-24,18.829999923706055,18.309999465942383,18.829999923706055,18.59000015258789,367600,18.59000015258789
2017-07-25,18.799999237060547,17.209999084472656,18.700000762939453,17.260000228881836,754100,17.260000228881836
2017-07-26,17.82200050354004,16.850000381469727,17.260000228881836,17.040000915527344,523200,17.040000915527344
2017-07-27,17.33300018310547,15.729999542236328,17.200000762939453,16.260000228881836,596500,16.260000228881836
2017-07-28,16.5,15.59000015258789,16.260000228881836,15.819999694824219,439900,15.819999694824219
2017-07-31,16.15999984741211,13.460000038146973,15.84000015258789,14.100000381469727,1077700,14.100000381469727
2017-08-01,15.550000190734863,12.5600004196167,14.5,15.0600004196167,1877000,15.0600004196167
2017-08-02,15.116000175476074,13.704999923706055,14.920000076293945,13.960000038146973,908000,13.960000038146973
2017-08-03,14.25,13.380000114440918,13.800000190734863,13.75,451900,13.75
2017-08-04,15.59000015258789,13.829999923706055,13.829999923706055,15.0600004196167,822600,15.0600004196167
2017-08-07,6.769999980926514,5.929999828338623,6.559999942779541,6.670000076293945,9000700,6.670000076293945
2017-08-08,6.510000228881836,6.179999828338623,6.230000019073486,6.269999980926514,1681500,6.269999980926514
2017-08-09,8.430000305175781,6.199999809265137,6.269999980926514,7.599999904632568,4310400,7.599999904632568
2017-08-10,8.4399995803833,7.051000118255615,7.699999809265137,7.260000228881836,2323300,7.260000228881836
2017-08-11,7.309000015258789,6.699999809265137,7.210000038146973,7.03000020980835,1282200,7.03000020980835
2017-08-14,6.690000057220459,5.420000076293945,5.849999904632568,6.420000076293945,4253400,6.420000076293945
2017-08-15,6.570000171661377,6.066999912261963,6.309999942779541,6.239999771118164,925900,6.239999771118164
2017-08-16,7.0,6.039999961853027,6.199999809265137,6.360000133514404,1673500,6.360000133514404
2017-08-17,6.638999938964844,6.199999809265137,6.360000133514404,6.320000171661377,651800,6.320000171661377
2017-08-18,6.449999809265137,6.170000076293945,6.260000228881836,6.25,423700,6.25
2017-08-21,6.5,6.150000095367432,6.239999771118164,6.230000019073486,486800,6.230000019073486
2017-08-22,6.324999809265137,5.920000076293945,6.199999809265137,5.940000057220459,766700,5.940000057220459
2017-08-23,6.050000190734863,5.619999885559082,5.929999828338623,5.730000019073486,747600,5.730000019073486
2017-08-24,6.289000034332275,5.650000095367432,6.0,6.159999847412109,771100,6.159999847412109
2017-08-25,6.210000038146973,5.900000095367432,6.210000038146973,6.059999942779541,354800,6.059999942779541
2017-08-28,6.369999885559082,6.03000020980835,6.070000171661377,6.199999809265137,406500,6.199999809265137
2017-08-29,6.400000095367432,6.053999900817871,6.139999866485596,6.269999980926514,416600,6.269999980926514
2017-08-30,6.400000095367432,6.10099983215332,6.25,6.269999980926514,287700,6.269999980926514
2017-08-31,6.400000095367432,6.160999774932861,6.269999980926514,6.349999904632568,369200,6.349999904632568
2017-09-01,6.489999771118164,6.210000038146973,6.309999942779541,6.349999904632568,257400,6.349999904632568
2017-09-05,6.435999870300293,6.2179999351501465,6.320000171661377,6.28000020980835,179100,6.28000020980835
2017-09-06,6.442999839782715,6.199999809265137,6.239999771118164,6.369999885559082,292500,6.369999885559082
2017-09-07,6.849999904632568,6.210000038146973,6.329999923706055,6.420000076293945,596500,6.420000076293945
2017-09-08,6.590000152587891,6.297999858856201,6.440000057220459,6.329999923706055,344200,6.329999923706055
2017-09-11,6.429999828338623,6.099999904632568,6.340000152587891,6.199999809265137,317800,6.199999809265137
2017-09-12,6.389999866485596,6.099999904632568,6.260000228881836,6.349999904632568,260000,6.349999904632568
2017-09-13,6.349999904632568,6.150000095367432,6.300000190734863,6.210000038146973,280700,6.210000038146973
2017-09-14,6.400000095367432,6.130000114440918,6.260000228881836,6.28000020980835,314400,6.28000020980835
2017-09-15,6.329999923706055,6.150000095367432,6.260000228881836,6.230000019073486,325700,6.230000019073486
2017-09-18,6.550000190734863,6.190000057220459,6.199999809265137,6.420000076293945,485500,6.420000076293945
2017-09-19,6.53000020980835,6.2210001945495605,6.489999771118164,6.300000190734863,219200,6.300000190734863
2017-09-20,6.480000019073486,6.199999809265137,6.269999980926514,6.380000114440918,288300,6.380000114440918
2017-09-21,6.519999980926514,6.21999979019165,6.5,6.340000152587891,220600,6.340000152587891
2017-09-22,6.369999885559082,6.090000152587891,6.360000133514404,6.230000019073486,563000,6.230000019073486
2017-09-25,6.25,5.821000099182129,6.21999979019165,5.929999828338623,383500,5.929999828338623
2017-09-26,6.0,5.800000190734863,5.900000095367432,5.840000152587891,345500,5.840000152587891
2017-09-27,6.25,5.809999942779541,5.820000171661377,6.190000057220459,342800,6.190000057220459
2017-09-28,11.279999732971191,9.380000114440918,11.050000190734863,9.4399995803833,13678700,9.4399995803833
2017-09-29,10.147000312805176,8.359999656677246,10.100000381469727,8.359999656677246,3267300,8.359999656677246
2017-10-02,9.270000457763672,8.390000343322754,8.880000114440918,8.6899995803833,1829400,8.6899995803833
2017-10-03,9.800000190734863,8.720000267028809,8.979999542236328,9.779999732971191,1869200,9.779999732971191
2017-10-04,10.260000228881836,9.541999816894531,10.0,10.020000457763672,1275800,10.020000457763672
2017-10-05,10.449000358581543,10.020000457763672,10.020000457763672,10.109999656677246,672000,10.109999656677246
2017-10-06,10.350000381469727,9.449999809265137,10.199999809265137,9.65999984741211,728800,9.65999984741211
2017-10-09,9.850000381469727,9.199999809265137,9.6899995803833,9.380000114440918,402000,9.380000114440918
2017-10-10,10.119999885559082,9.380000114440918,9.449999809265137,9.949999809265137,634500,9.949999809265137
2017-10-11,10.640000343322754,9.899999618530273,10.119999885559082,10.369999885559082,873300,10.369999885559082
2017-10-12,10.49899959564209,9.920000076293945,10.449999809265137,10.0600004196167,421000,10.0600004196167
2017-10-13,10.178999900817871,9.510000228881836,10.09000015258789,9.600000381469727,328500,9.600000381469727
2017-10-16,9.779999732971191,9.3100004196167,9.5600004196167,9.470000267028809,287700,9.470000267028809
2017-10-17,9.760000228881836,9.09000015258789,9.380000114440918,9.319999694824219,442100,9.319999694824219
2017-10-18,9.489999771118164,9.09000015258789,9.319999694824219,9.390000343322754,197800,9.390000343322754
2017-10-19,9.6899995803833,9.279999732971191,9.609999656677246,9.65999984741211,303200,9.65999984741211
2017-10-20,9.880000114440918,9.524999618530273,9.649999618530273,9.729999542236328,299400,9.729999542236328
2017-10-23,10.0600004196167,9.640000343322754,9.779999732971191,9.899999618530273,483300,9.899999618530273
2017-10-24,10.59000015258789,9.85099983215332,10.369999885559082,10.050000190734863,586800,10.050000190734863
2017-10-25,10.199999809265137,9.8100004196167,10.0,10.0,361500,10.0
2017-10-26,9.949999809265137,9.40999984741211,9.949999809265137,9.5,294400,9.5
2017-10-27,9.930000305175781,9.399999618530273,9.460000038146973,9.800000190734863,297800,9.800000190734863
2017-10-30,10.270000457763672,9.630000114440918,9.800000190734863,9.760000228881836,256100,9.760000228881836
2017-10-31,9.949000358581543,9.630000114440918,9.739999771118164,9.800000190734863,232600,9.800000190734863
2017-11-01,9.930000305175781,9.40999984741211,9.699999809265137,9.6899995803833,301400,9.6899995803833
2017-11-02,10.199999809265137,9.510000228881836,9.59000015258789,9.850000381469727,323500,9.850000381469727
2017-11-03,10.5,9.829999923706055,9.829999923706055,10.329999923706055,531400,10.329999923706055
2017-11-06,11.539999961853027,10.420000076293945,10.420000076293945,11.1899995803833,977700,11.1899995803833
2017-11-07,11.420000076293945,10.670000076293945,11.300000190734863,10.829999923706055,451200,10.829999923706055
2017-11-08,11.0600004196167,10.350000381469727,10.699999809265137,10.899999618530273,336400,10.899999618530273
2017-11-09,11.855999946594238,10.970000267028809,11.0,11.600000381469727,463200,11.600000381469727
2017-11-10,13.149999618530273,11.303999900817871,11.680000305175781,12.4399995803833,885500,12.4399995803833
2017-11-13,13.65999984741211,11.670000076293945,13.65999984741211,12.109999656677246,891900,12.109999656677246
2017-11-14,13.739999771118164,11.399999618530273,11.680000305175781,13.449999809265137,1380000,13.449999809265137
2017-11-15,13.59000015258789,12.506999969482422,13.479999542236328,13.079999923706055,565200,13.079999923706055
2017-11-16,13.359999656677246,12.729999542236328,13.020000457763672,13.15999984741211,374700,13.15999984741211
2017-11-17,14.050000190734863,13.09000015258789,13.09000015258789,13.880000114440918,408600,13.880000114440918
2017-11-20,14.479999542236328,13.130000114440918,13.880000114440918,13.4399995803833,470500,13.4399995803833
2017-11-21,14.1899995803833,13.229999542236328,13.430000305175781,14.170000076293945,538000,14.170000076293945
2017-11-22,14.699999809265137,14.09000015258789,14.180000305175781,14.59000015258789,331300,14.59000015258789
2017-11-24,14.699999809265137,14.0600004196167,14.59000015258789,14.199999809265137,281400,14.199999809265137
2017-11-27,14.369999885559082,13.210000038146973,14.140000343322754,13.609999656677246,519100,13.609999656677246
2017-11-28,13.979999542236328,13.149999618530273,13.600000381469727,13.949999809265137,373900,13.949999809265137
2017-11-29,14.25,13.699999809265137,13.920000076293945,13.760000228881836,425000,13.760000228881836
2017-11-30,14.130000114440918,13.649999618530273,13.800000190734863,13.770000457763672,275800,13.770000457763672
2017-12-01,14.640000343322754,13.680000305175781,13.6899995803833,14.579999923706055,491200,14.579999923706055
2017-12-04,15.135000228881836,12.949999809265137,15.0,13.369999885559082,1218800,13.369999885559082
2017-12-05,13.600000381469727,12.979999542236328,13.479999542236328,13.010000228881836,381600,13.010000228881836
2017-12-06,13.086000442504883,11.220000267028809,12.949999809265137,11.5600004196167,910100,11.5600004196167
2017-12-07,12.378999710083008,11.470000267028809,11.579999923706055,11.779999732971191,415200,11.779999732971191
2017-12-08,12.069999694824219,11.550000190734863,11.84000015258789,11.899999618530273,209900,11.899999618530273
2017-12-11,12.420000076293945,11.359999656677246,12.029999732971191,11.399999618530273,371500,11.399999618530273
2017-12-12,11.699999809265137,11.069999694824219,11.449999809265137,11.170000076293945,288200,11.170000076293945
2017-12-13,11.949999809265137,11.050000190734863,11.180000305175781,11.720000267028809,364200,11.720000267028809
2017-12-14,12.180000305175781,11.380000114440918,11.710000038146973,11.420000076293945,232500,11.420000076293945
2017-12-15,11.960000038146973,11.368000030517578,11.449999809265137,11.470000267028809,272100,11.470000267028809
2017-12-18,12.119999885559082,11.470000267028809,11.470000267028809,11.979999542236328,232100,11.979999542236328
2017-12-19,12.369999885559082,11.75,12.0,11.779999732971191,205700,11.779999732971191
2017-12-20,12.25,11.850000381469727,11.850000381469727,11.949999809265137,156900,11.949999809265137
2017-12-21,12.239999771118164,11.920000076293945,12.050000190734863,11.960000038146973,121200,11.960000038146973
2017-12-22,12.149999618530273,11.859999656677246,11.970000267028809,12.0600004196167,103400,12.0600004196167
2017-12-26,12.829999923706055,12.069999694824219,12.069999694824219,12.649999618530273,177300,12.649999618530273
2017-12-27,13.270000457763672,12.510000228881836,12.739999771118164,12.649999618530273,213400,12.649999618530273
2017-12-28,13.270000457763672,12.739999771118164,12.739999771118164,13.140000343322754,260900,13.140000343322754
2017-12-29,13.329999923706055,12.510000228881836,13.229999542236328,12.520000457763672,289800,12.520000457763672
2018-01-02,13.130000114440918,12.611000061035156,12.619999885559082,12.994999885559082,295600,12.994999885559082
2018-01-03,14.449999809265137,13.199999809265137,13.199999809265137,13.460000038146973,681300,13.460000038146973
2018-01-04,13.890000343322754,12.079999923706055,13.569999694824219,12.699999809265137,658300,12.699999809265137
2018-01-05,12.850000381469727,12.350000381469727,12.8100004196167,12.494999885559082,339900,12.494999885559082
2018-01-08,12.850000381469727,12.029999732971191,12.5,12.550000190734863,335600,12.550000190734863
2018-01-09,12.890000343322754,11.567000389099121,12.5600004196167,11.869999885559082,532200,11.869999885559082
2018-01-10,12.0600004196167,11.350000381469727,11.960000038146973,11.739999771118164,250200,11.739999771118164
2018-01-11,11.930000305175781,11.569999694824219,11.800000190734863,11.710000038146973,291700,11.710000038146973
2018-01-12,12.0,11.520000457763672,11.75,11.789999961853027,213200,11.789999961853027
2018-01-16,12.029999732971191,11.140000343322754,11.850000381469727,11.25,331000,11.25
2018-01-17,11.579999923706055,11.050999641418457,11.270000457763672,11.5,200100,11.5
2018-01-18,11.75,11.260000228881836,11.479999542236328,11.430000305175781,229400,11.430000305175781
2018-01-19,11.5,11.149999618530273,11.4399995803833,11.449999809265137,159900,11.449999809265137
2018-01-22,11.779000282287598,11.397000312805176,11.5,11.5600004196167,269100,11.5600004196167
2018-01-23,11.779999732971191,11.220000267028809,11.520000457763672,11.229999542236328,236700,11.229999542236328
2018-01-24,11.729999542236328,10.609999656677246,11.260000228881836,11.579999923706055,666900,11.579999923706055
2018-01-25,12.100000381469727,11.366000175476074,11.859999656677246,11.5,487400,11.5
2018-01-26,12.859999656677246,11.75,12.300000190734863,12.069999694824219,618200,12.069999694824219
2018-01-29,12.899999618530273,12.220000267028809,12.800000190734863,12.800000190734863,696300,12.800000190734863
2018-01-30,12.979999542236328,12.154999732971191,12.970000267028809,12.430000305175781,426200,12.430000305175781
2018-01-31,12.694999694824219,12.045999526977539,12.359999656677246,12.09000015258789,263000,12.09000015258789
2018-02-01,12.579000473022461,11.609999656677246,12.5,11.869999885559082,262500,11.869999885559082
2018-02-02,11.850000381469727,10.880000114440918,11.649999618530273,10.920000076293945,475100,10.920000076293945
2018-02-05,11.380000114440918,10.651000022888184,10.899999618530273,10.770000457763672,388400,10.770000457763672
2018-02-06,11.40999984741211,10.319999694824219,10.600000381469727,10.979999542236328,295100,10.979999542236328
2018-02-07,11.720000267028809,10.989999771118164,11.09000015258789,11.539999961853027,238700,11.539999961853027
2018-02-08,11.71500015258789,11.170000076293945,11.600000381469727,11.25,166900,11.25
2018-02-09,11.4399995803833,10.569999694824219,11.3100004196167,11.329999923706055,253800,11.329999923706055
2018-02-12,11.65999984741211,11.119999885559082,11.40999984741211,11.369999885559082,187500,11.369999885559082
2018-02-13,11.520000457763672,11.119999885559082,11.369999885559082,11.430000305175781,147100,11.430000305175781
2018-02-14,11.829999923706055,11.303999900817871,11.430000305175781,11.489999771118164,319700,11.489999771118164
2018-02-15,11.845000267028809,11.289999961853027,11.510000228881836,11.359999656677246,191200,11.359999656677246
2018-02-16,11.5,11.050999641418457,11.359999656677246,11.140000343322754,176700,11.140000343322754
2018-02-20,11.420000076293945,10.8149995803833,11.029999732971191,10.930000305175781,222900,10.930000305175781
2018-02-21,11.359999656677246,10.930000305175781,10.960000038146973,11.069999694824219,155300,11.069999694824219
2018-02-22,11.274999618530273,10.569999694824219,11.0600004196167,10.630000114440918,228500,10.630000114440918
2018-02-23,10.855999946594238,10.239999771118164,10.649999618530273,10.479999542236328,294800,10.479999542236328
2018-02-26,10.699999809265137,10.3100004196167,10.579999923706055,10.4399995803833,215500,10.4399995803833
2018-02-27,10.59000015258789,9.899999618530273,10.449999809265137,10.020000457763672,306000,10.020000457763672
2018-02-28,10.170000076293945,9.680000305175781,10.029999732971191,9.739999771118164,242000,9.739999771118164
2018-03-01,9.800000190734863,9.510000228881836,9.710000038146973,9.680000305175781,195600,9.680000305175781
2018-03-02,10.255000114440918,9.5,9.579999923706055,10.119999885559082,282400,10.119999885559082
2018-03-05,10.550000190734863,9.569999694824219,10.470000267028809,9.65999984741211,545500,9.65999984741211
2018-03-06,9.781000137329102,8.960000038146973,9.680000305175781,9.220000267028809,631500,9.220000267028809
2018-03-07,9.28499984741211,9.0600004196167,9.140000343322754,9.130000114440918,314900,9.130000114440918
2018-03-08,9.220000267028809,8.920000076293945,9.109999656677246,9.029999732971191,211500,9.029999732971191
2018-03-09,9.239999771118164,9.010000228881836,9.0600004196167,9.140000343322754,286200,9.140000343322754
2018-03-12,10.600000381469727,9.16100025177002,9.199999809265137,10.529999732971191,1083100,10.529999732971191
2018-03-13,10.600000381469727,9.16100025177002,9.199999809265137,10.390000343322754,608000,10.390000343322754
2018-03-14,10.57699966430664,9.75,10.479999542236328,10.0600004196167,397800,10.0600004196167
2018-03-15,10.300000190734863,9.970000267028809,10.0600004196167,10.170000076293945,168700,10.170000076293945
2018-03-16,10.199999809265137,9.329999923706055,10.180000305175781,9.420000076293945,627000,9.420000076293945
2018-03-19,9.510000228881836,9.15999984741211,9.350000381469727,9.390000343322754,189100,9.390000343322754
2018-03-20,9.600000381469727,9.210000038146973,9.369999885559082,9.3100004196167,144200,9.3100004196167
2018-03-21,9.510000228881836,9.140000343322754,9.300000190734863,9.140000343322754,173200,9.140000343322754
2018-03-22,9.479999542236328,9.0,9.100000381469727,9.109999656677246,272800,9.109999656677246
2018-03-23,9.380000114440918,8.850000381469727,9.09000015258789,8.850000381469727,241300,8.850000381469727
2018-03-26,9.130000114440918,8.34000015258789,9.0,8.680000305175781,366300,8.680000305175781
2018-03-27,8.829999923706055,8.40999984741211,8.6899995803833,8.489999771118164,150200,8.489999771118164
2018-03-28,8.75,8.350000381469727,8.460000038146973,8.600000381469727,186100,8.600000381469727
2018-03-29,8.899999618530273,8.510000228881836,8.649999618530273,8.6899995803833,144800,8.6899995803833
2018-04-02,8.6899995803833,7.880000114440918,8.59000015258789,7.980000019073486,498600,7.980000019073486
2018-04-03,9.25,8.100000381469727,8.170000076293945,9.109999656677246,421800,9.109999656677246
2018-04-04,9.25,8.609999656677246,8.920000076293945,9.1899995803833,210000,9.1899995803833
2018-04-05,9.3100004196167,8.899999618530273,9.289999961853027,9.130000114440918,140200,9.130000114440918
2018-04-06,9.229999542236328,8.744999885559082,9.100000381469727,8.819999694824219,153000,8.819999694824219
2018-04-09,9.189000129699707,8.704999923706055,8.84000015258789,8.869999885559082,154800,8.869999885559082
2018-04-10,9.34000015258789,8.899999618530273,9.029999732971191,9.149999618530273,171700,9.149999618530273
2018-04-11,10.239999771118164,9.031000137329102,9.149999618530273,9.65999984741211,510200,9.65999984741211
2018-04-12,9.989999771118164,9.430999755859375,9.649999618530273,9.899999618530273,157100,9.899999618530273
2018-04-13,10.300000190734863,9.5600004196167,9.899999618530273,10.170000076293945,296700,10.170000076293945
2018-04-16,10.3100004196167,9.800000190734863,10.3100004196167,10.020000457763672,167600,10.020000457763672
2018-04-17,10.670000076293945,10.100000381469727,10.170000076293945,10.3100004196167,347400,10.3100004196167
2018-04-18,10.527000427246094,9.899999618530273,10.390000343322754,9.960000038146973,193700,9.960000038146973
2018-04-19,11.399999618530273,9.970000267028809,10.0,10.3100004196167,747100,10.3100004196167
2018-04-20,10.640000343322754,10.010000228881836,10.359999656677246,10.5600004196167,202400,10.5600004196167
2018-04-23,10.670000076293945,10.09000015258789,10.5600004196167,10.359999656677246,220200,10.359999656677246
2018-04-24,10.989999771118164,10.359999656677246,10.359999656677246,10.819999694824219,351800,10.819999694824219
2018-04-25,10.949999809265137,10.350000381469727,10.819999694824219,10.59000015258789,187100,10.59000015258789
2018-04-26,10.640000343322754,10.319999694824219,10.600000381469727,10.470000267028809,99600,10.470000267028809
2018-04-27,10.520000457763672,10.024999618530273,10.300000190734863,10.380000114440918,187400,10.380000114440918
2018-04-30,10.520000457763672,10.149999618530273,10.520000457763672,10.270000457763672,116400,10.270000457763672
2018-05-01,10.680000305175781,10.100000381469727,10.260000228881836,10.40999984741211,165400,10.40999984741211
2018-05-02,10.829999923706055,10.279999732971191,10.40999984741211,10.350000381469727,169400,10.350000381469727
2018-05-03,10.59000015258789,10.0600004196167,10.380000114440918,10.3100004196167,183700,10.3100004196167
2018-05-04,10.430000305175781,10.15999984741211,10.239999771118164,10.229999542236328,120500,10.229999542236328
2018-05-07,10.550000190734863,10.229999542236328,10.229999542236328,10.359999656677246,133700,10.359999656677246
2018-05-08,10.350000381469727,8.949999809265137,10.279999732971191,9.0,616800,9.0
2018-05-09,9.010000228881836,8.430000305175781,9.0,8.649999618530273,458600,8.649999618530273
2018-05-10,9.119999885559082,8.619999885559082,8.619999885559082,8.75,281500,8.75
2018-05-11,9.239999771118164,8.75100040435791,8.770000457763672,9.229999542236328,206100,9.229999542236328
2018-05-14,9.539999961853027,9.050000190734863,9.220000267028809,9.4399995803833,165900,9.4399995803833
2018-05-15,9.729999542236328,9.359999656677246,9.369999885559082,9.470000267028809,170500,9.470000267028809
2018-05-16,9.529999732971191,9.069999694824219,9.470000267028809,9.399999618530273,154600,9.399999618530273
2018-05-17,9.970000267028809,9.350000381469727,9.470000267028809,9.8100004196167,247900,9.8100004196167
2018-05-18,10.470000267028809,9.869999885559082,9.880000114440918,10.279999732971191,285600,10.279999732971191
2018-05-21,10.539999961853027,9.621000289916992,10.359999656677246,9.979999542236328,292200,9.979999542236328
2018-05-22,10.640000343322754,9.901000022888184,10.0600004196167,10.34000015258789,261600,10.34000015258789
2018-05-23,10.579000473022461,10.149999618530273,10.25,10.430000305175781,151100,10.430000305175781
2018-05-24,10.489999771118164,9.9350004196167,10.449999809265137,10.079999923706055,185700,10.079999923706055
2018-05-25,10.359999656677246,9.90999984741211,10.039999961853027,10.140000343322754,190300,10.140000343322754
2018-05-29,10.350000381469727,10.029999732971191,10.15999984741211,10.25,112500,10.25
2018-05-30,10.701000213623047,10.140000343322754,10.270000457763672,10.1899995803833,215700,10.1899995803833
2018-05-31,10.75,10.199999809265137,10.199999809265137,10.670000076293945,167200,10.670000076293945
2018-06-01,11.149999618530273,10.550999641418457,10.739999771118164,10.920000076293945,298000,10.920000076293945
2018-06-04,10.989999771118164,10.710000038146973,10.989999771118164,10.930000305175781,149300,10.930000305175781
2018-06-05,11.388999938964844,10.8149995803833,10.880000114440918,11.3100004196167,230400,11.3100004196167
2018-06-06,11.5,11.170000076293945,11.34000015258789,11.300000190734863,199100,11.300000190734863
2018-06-07,11.520000457763672,10.890000343322754,11.5,11.220000267028809,187600,11.220000267028809
2018-06-08,11.380000114440918,11.109999656677246,11.329999923706055,11.229999542236328,146100,11.229999542236328
2018-06-11,11.520000457763672,11.111000061035156,11.229999542236328,11.289999961853027,219800,11.289999961853027
2018-06-12,11.609999656677246,11.199999809265137,11.300000190734863,11.319999694824219,192400,11.319999694824219
2018-06-13,11.470000267028809,11.149999618530273,11.449999809265137,11.3100004196167,140300,11.3100004196167
2018-06-14,11.579999923706055,11.239999771118164,11.399999618530273,11.5,211700,11.5
2018-06-15,11.510000228881836,11.111000061035156,11.430000305175781,11.300000190734863,226800,11.300000190734863
2018-06-18,11.350000381469727,10.550000190734863,11.25,11.210000038146973,263700,11.210000038146973
2018-06-19,11.210000038146973,10.75,11.199999809265137,10.869999885559082,177400,10.869999885559082
2018-06-20,12.0,10.890000343322754,10.90999984741211,11.880000114440918,778500,11.880000114440918
2018-06-21,12.420000076293945,11.829999923706055,11.949999809265137,12.390000343322754,414100,12.390000343322754
2018-06-22,12.5,11.460000038146973,12.489999771118164,11.569999694824219,1693900,11.569999694824219
2018-06-25,11.699999809265137,10.40999984741211,11.699999809265137,10.489999771118164,381100,10.489999771118164
2018-06-26,11.0,10.5,10.510000228881836,10.920000076293945,192900,10.920000076293945
2018-06-27,10.90999984741211,9.380000114440918,10.859999656677246,9.760000228881836,466800,9.760000228881836
2018-06-28,10.0,9.600000381469727,9.989999771118164,9.75,174400,9.75
2018-06-29,9.857999801635742,9.4399995803833,9.789999961853027,9.739999771118164,358300,9.739999771118164
2018-07-02,9.829999923706055,9.470000267028809,9.699999809265137,9.699999809265137,149900,9.699999809265137
2018-07-03,9.770000457763672,9.399999618530273,9.670000076293945,9.609999656677246,76700,9.609999656677246
2018-07-05,9.449999809265137,7.650000095367432,7.679999828338623,9.170000076293945,1068800,9.170000076293945
2018-07-06,9.890000343322754,9.0600004196167,9.329999923706055,9.720000267028809,265600,9.720000267028809
2018-07-09,10.300000190734863,9.5600004196167,10.010000228881836,10.119999885559082,299700,10.119999885559082
2018-07-10,10.390000343322754,9.9399995803833,10.109999656677246,10.300000190734863,161500,10.300000190734863
2018-07-11,10.550000190734863,10.15999984741211,10.15999984741211,10.449999809265137,135300,10.449999809265137
2018-07-12,10.878999710083008,10.050000190734863,10.5,10.119999885559082,244300,10.119999885559082
2018-07-13,10.65999984741211,10.180000305175781,10.359999656677246,10.40999984741211,184100,10.40999984741211
2018-07-16,10.539999961853027,9.5,10.420000076293945,9.619999885559082,288400,9.619999885559082
2018-07-17,10.170000076293945,9.550000190734863,9.65999984741211,10.119999885559082,205100,10.119999885559082
2018-07-18,10.390000343322754,9.870699882507324,10.1899995803833,10.180000305175781,133755,10.180000305175781
